dataset,trip,strategy,n_pb,distance_km,cycles,range_km,range_extension_km,range_extension_per_pb_km,soc_fb_end,soc_pb_end,energy_remaining_wh,trip_distance_km
ci,6,fb_only,0,32.871245533077605,1.51113271754983,57.822900487301595,0.0,,0.009909382113839134,,163.5048048783457,33.079788955198936
ci,6,full_power,1,32.871245533077605,2.0210014584346134,66.3214675283069,8.498567041005302,8.498567041005302,0.009779675202311652,0.009879028425403062,184.54084152413785,33.079788955198936
ci,6,mixed,1,32.871245533077605,2.025960136120564,67.0100139505291,9.187113463227504,9.187113463227504,0.009726098105047598,0.009992210902667888,183.92234551094424,33.079788955198936
ci,6,monotonous,1,32.871245533077605,2.024793388429752,66.84130485052911,9.018404363227518,9.018404363227518,0.009790057614345612,0.009995264587287778,184.98484135847974,33.079788955198936
ci,6,proportional,1,32.871245533077605,2.0273213417598446,67.18691099497356,9.364010507671964,9.364010507671964,0.009853416502672484,0.009909427909109692,185.82889016886733,33.079788955198936
ci,6,full_power,2,32.871245533077605,2.142343218279047,74.13819275608466,16.315292268783068,8.157646134391534,0.009694640293265024,0.009932085473457506,206.56290988033552,33.079788955198936
ci,6,mixed,2,32.871245533077605,2.171414681575109,75.81746803386244,17.994567546560845,8.997283773280422,0.009674489247544884,0.009976797942913777,206.44020853264203,33.079788955198936
ci,6,monotonous,2,32.871245533077605,2.1666504618376274,75.01884552275133,17.19594503544974,8.59797251772487,0.009810818469711881,0.009994589970494797,208.77312089180762,33.079788955198936
ci,6,proportional,2,32.871245533077605,2.171122994652406,75.77372303386245,17.950822546560858,8.975411273280429,0.009650848584727159,0.04147307436913884,353.8306665879976,33.079788955198936
ci,6,full_power,3,32.871245533077605,2.2521147301895965,82.10422456957673,24.281324082275134,8.093774694091712,0.009730640077840488,0.009987309369438532,230.84624462647645,33.079788955198936
ci,6,mixed,3,32.871245533077605,2.353719008264463,84.96760846878307,27.144707981481474,9.048235993827157,0.009933549230419577,0.009989480957351284,234.20952927976134,33.079788955198936
ci,6,monotonous,3,32.871245533077605,2.312980068060282,83.589194923545,25.7662944362434,8.588764812081132,0.009971744431866745,0.009978847385136488,234.76491102239189,33.079788955198936
ci,6,proportional,3,32.871245533077605,2.220515313563442,79.90639466957673,22.083494182275132,7.361164727425044,0.009993545986669359,0.187534696832271,1484.7627050855676,33.079788955198936
ci,6,full_power,4,32.871245533077605,2.5113271754982986,90.7209486362434,32.89804814894181,8.224512037235453,0.009905767165770839,0.009945582832738553,256.7745075376374,33.079788955198936
ci,6,mixed,4,32.871245533077605,2.519980554205153,92.0883841251323,34.2654836378307,8.566370909457675,0.009859862264672533,0.016026463100213488,313.08005709950015,33.079788955198936
ci,6,monotonous,4,32.871245533077605,2.5146329606222655,91.21931023624342,33.39640974894182,8.349102437235455,0.009894973278103989,0.009987578042154222,256.99049143629105,33.079788955198936
ci,6,proportional,4,32.871245533077605,2.3171609139523577,83.65239779100531,25.829497303703718,6.4573743259259295,0.009996989121137017,0.29358139304819175,2919.9181128629925,33.079788955198936
ci,15,fb_only,0,19.504035006424164,2.7123024348568987,53.64413687195767,0.0,,0.009981324509040905,,164.69185439917493,19.610115688396327
ci,15,full_power,1,19.504035006424164,3.0546774882528833,60.36239025026455,6.718253378306883,6.718253378306883,0.009791068829777027,0.009973451845850726,184.95035372168675,19.610115688396327
ci,15,mixed,1,19.504035006424164,3.0777445536095684,62.15535897248678,8.51122210052911,8.51122210052911,0.009742489447025472,0.020685176160524225,209.27849914851012,19.610115688396327
ci,15,monotonous,1,19.504035006424164,3.073472874839812,61.803349061375656,8.159212189417985,8.159212189417985,0.009997488611096114,0.020210990679581056,212.37354621738302,19.610115688396327
ci,15,proportional,1,19.504035006424164,3.0790260572404957,62.2510584058201,8.606921533862433,8.606921533862433,0.009920567262590545,0.017789593956452868,205.4237472545824,19.610115688396327
ci,15,full_power,2,19.504035006424164,3.4416915847928236,68.33774493121693,14.693608059259262,7.346804029629631,0.009876000470571331,0.00996612557048132,209.7150689411253,19.610115688396327
ci,15,mixed,2,19.504035006424164,3.528193079880393,69.49793598677249,15.85379911481482,7.92689955740741,0.009731940515034749,0.05714508335724425,428.7017496102634,19.610115688396327
ci,15,monotonous,2,19.504035006424164,3.445108927808629,68.63640903121693,14.992272159259258,7.496136079629629,0.00965575972030327,0.0665905336409955,471.76281922855486,19.610115688396327
ci,15,proportional,2,19.504035006424164,3.4295173002990174,67.44046982010582,13.796332948148148,6.898166474074074,0.009895265699617828,0.15325034103434493,882.3224841768406,19.610115688396327
ci,15,full_power,3,19.504035006424164,3.91648868005126,77.09401583359788,23.44987896164021,7.816626320546736,0.009988982883523966,0.009941277352957122,234.78492758825766,19.610115688396327
ci,15,mixed,3,19.504035006424164,3.7257582229816317,73.97231331693122,20.32817644497355,6.776058814991184,0.009971314066253201,0.16653919438112832,1336.629532147559,19.610115688396327
ci,15,monotonous,3,19.504035006424164,3.898120461341307,75.84399426693123,22.199857394973563,7.399952464991188,0.009913120427416319,0.08002428494260828,726.7774044784464,19.610115688396327
ci,15,proportional,3,19.504035006424164,3.536522853481418,69.89976147566138,16.25562460370371,5.418541534567903,0.009986230789413691,0.3617477956241466,2710.7537936280696,19.610115688396327
ci,15,full_power,4,19.504035006424164,4.085860743272106,82.3156474952381,28.671510623280426,7.1678776558201065,0.00992892895651431,0.11183145992956402,1213.2537477615147,19.610115688396327
ci,15,mixed,4,19.504035006424164,3.902819307988039,76.15117702248678,22.507040150529107,5.626760037632277,0.009878867478073707,0.3089521155121736,3062.2079653544533,19.610115688396327
ci,15,monotonous,4,19.504035006424164,4.065997436992738,80.70386678412697,27.059729912169303,6.764932478042326,0.009840632321565668,0.15877984801295983,1652.3605270594485,19.610115688396327
ci,15,proportional,4,19.504035006424164,3.555104656129859,70.75053983121694,17.10640295925927,4.276600739814818,0.00968954682721639,0.49957341459162,4847.8744451768325,19.610115688396327
ci,16,fb_only,0,14.520026180489419,4.041597337770383,60.105831662698414,0.0,,0.009882574456703578,,163.06247853560902,14.689061509550243
ci,16,full_power,1,14.520026180489419,4.825568496949528,67.65650512142858,7.5506734587301665,7.5506734587301665,0.009898452255348656,0.009896835907580349,186.5424392524363,14.689061509550243
ci,16,mixed,1,14.520026180489419,4.893233499722684,69.04596908809523,8.94013742539682,8.94013742539682,0.009996118271535485,0.009984869320437784,188.36045490608254,14.689061509550243
ci,16,monotonous,1,14.520026180489419,4.8849140321686075,68.85384328809523,8.74801162539682,8.74801162539682,0.009974282761464944,0.009988300880246626,188.00821942923017,14.689061509550243
ci,16,proportional,1,14.520026180489419,4.907376594564615,69.34528236587302,9.239450703174604,9.239450703174604,0.009683807698071131,0.009980291295241793,183.1965903968109,14.689061509550243
ci,16,full_power,2,14.520026180489419,5.123682750970604,76.71333206031746,16.60750039761904,8.30375019880952,0.009969438854924755,0.009991908811147325,211.37777724816172,14.689061509550243
ci,16,mixed,2,14.520026180489419,5.239323349972269,78.79551439365079,18.689682730952377,9.344841365476189,0.00998574799320469,0.009989847529332303,211.63720649550456,14.689061509550243
ci,16,monotonous,2,14.520026180489419,5.204381586245147,78.19319570476189,18.087364042063477,9.043682021031739,0.009826705676884394,0.009987887091759028,209.00380990312587,14.689061509550243
ci,16,proportional,2,14.520026180489419,5.255130338325014,79.18666282698413,19.08083116428572,9.54041558214286,0.00995384806646627,0.00998833175901108,211.10374570997342,14.689061509550243
ci,16,full_power,3,14.520026180489419,5.950637825845813,85.16739673015874,25.06156506746033,8.353855022486776,0.009690106747997284,0.009938827151926613,229.83622683721467,14.689061509550243
ci,16,mixed,3,14.520026180489419,5.9794786466999446,86.54728901904762,26.44145735634921,8.813819118783071,0.009802685770465018,0.009970919667818174,231.9196478347771,14.689061509550243
ci,16,monotonous,3,14.520026180489419,5.966167498613422,85.89971296349205,25.793881300793636,8.597960433597878,0.009671602328995426,0.009990336941172474,229.8934298203964,14.689061509550243
ci,16,proportional,3,14.520026180489419,5.967554076539101,85.96162523015872,25.855793567460303,8.6185978558201,0.009943578723983486,0.04374305305110288,471.9326563193896,14.689061509550243
ci,16,full_power,4,14.520026180489419,6.641153632834166,94.81008975793651,34.704258095238096,8.676064523809524,0.00971632237297954,0.009955172119650229,253.73865432496018,14.689061509550243
ci,16,mixed,4,14.520026180489419,6.792845257903494,96.0347262611111,35.92889459841269,8.982223649603172,0.009658986861323536,0.009989064219431515,253.1106618469837,14.689061509550243
ci,16,monotonous,4,14.520026180489419,6.674708818635607,95.36604340238095,35.26021173968254,8.815052934920635,0.009907551424946188,0.009990001662039482,257.2207741081906,14.689061509550243
ci,16,proportional,4,14.520026180489419,6.1894065446478095,92.4608734468254,32.35504178412699,8.088760446031747,0.00995652088313402,0.12349593910480686,1323.1684871312189,14.689061509550243
ci,19,fb_only,0,16.917506086587302,3.8597041685342894,61.46808672738096,0.0,,0.009819820764607934,,162.0270426160309,17.048780514503004
ci,19,full_power,1,16.917506086587302,4.056476916181085,68.60010602579365,7.132019298412693,7.132019298412693,0.009939648117598907,0.009895596479443613,187.21926328115666,17.048780514503004
ci,19,mixed,1,16.917506086587302,4.57025997310623,69.89146799246032,8.423381265079364,8.423381265079364,0.00990261401209123,0.009992051255198127,186.8344834442001,17.048780514503004
ci,19,monotonous,1,16.917506086587302,4.5648812191842225,69.68693780357144,8.218851076190482,8.218851076190482,0.009875422171160973,0.009991916102354522,186.38550100027976,17.048780514503004
ci,19,proportional,1,16.917506086587302,4.59995517705065,70.15584622579365,8.687759498412696,8.687759498412696,0.009966257612568894,0.010001103968799937,187.90584051819138,17.048780514503004
ci,19,full_power,2,16.917506086587302,4.851636037651278,77.93516255119047,16.467075823809516,8.233537911904758,0.009872954309908316,0.009995297203448961,209.80168059206974,17.048780514503004
ci,19,mixed,2,16.917506086587302,4.87640071716719,79.23428020674604,17.76619347936508,8.88309673968254,0.00985849875705815,0.00999230398023506,209.54911976672238,17.048780514503004
ci,19,monotonous,2,16.917506086587302,4.870461676378306,78.91703145119047,17.44894472380951,8.724472361904756,0.00975909541369135,0.009997495079108316,207.93332123708348,17.048780514503004
ci,19,proportional,2,16.917506086587302,4.885365307037203,79.69910522896825,18.231018501587293,9.115509250793647,0.00995597540828918,0.011033067996588779,216.04074927676604,17.048780514503004
ci,19,full_power,3,16.917506086587302,5.562415956969969,86.47146252738095,25.003375799999993,8.334458599999998,0.009714456271068709,0.009992118877104234,230.61306112969328,17.048780514503004
ci,19,mixed,3,16.917506086587302,5.682429403854774,87.73227845277776,26.264191725396806,8.75473057513227,0.009842463466441857,0.00999914162513235,232.77460595397213,17.048780514503004
ci,19,monotonous,3,16.917506086587302,5.6791797400268935,87.40521216944445,25.937125442063497,8.645708480687832,0.009963242426787061,0.009992439954853438,234.720292444245,17.048780514503004
ci,19,proportional,3,16.917506086587302,5.680860600627521,87.55666743055556,26.088580703174607,8.696193567724869,0.009995266658425378,0.03289584448186854,396.44285332740947,17.048780514503004
ci,19,full_power,4,16.917506086587302,5.864298520842672,95.52012516388889,34.052038436507935,8.513009609126984,0.00987111078598756,0.009977220335105442,256.4995635934242,17.048780514503004
ci,19,mixed,4,16.917506086587302,5.890856118332587,96.91492463055556,35.446837903174604,8.861709475793651,0.009723477645656122,0.009997322435316171,254.25225488633296,17.048780514503004
ci,19,monotonous,4,16.917506086587302,5.878641864634693,96.266777375,34.79869064761905,8.699672661904762,0.009921786576170457,0.009993480935618864,257.48830360665994,17.048780514503004
ci,19,proportional,4,16.917506086587302,5.8449125952487675,94.45360759722223,32.985520869841274,8.246380217460318,0.009954362592515916,0.1043796172420438,1143.7453109758517,17.048780514503004
ci,30,fb_only,0,25.924177327380953,2.014376456064196,54.87584211587302,0.0,,0.009892772582398632,,163.23074760957743,26.151062754090077
ci,30,full_power,1,25.924177327380953,2.9487067163138927,61.21427224047619,6.338430124603171,6.338430124603171,0.009856307447715628,0.009891154568857679,185.833721505848,26.151062754090077
ci,30,mixed,1,25.924177327380953,2.9514147468190597,63.08184417380953,8.206002057936509,8.206002057936509,0.00987949900849323,0.011410419071128925,189.78057678100674,26.151062754090077
ci,30,monotonous,1,25.924177327380953,2.950339499412596,62.5265781404762,7.650736024603177,7.650736024603177,0.00996927430909861,0.009990058799063636,187.92970404273035,26.151062754090077
ci,30,proportional,1,25.924177327380953,2.951633778698154,63.267084607142856,8.391242491269836,8.391242491269836,0.009958689451339792,0.02631182215781727,226.04591072934588,26.151062754090077
ci,30,full_power,2,25.924177327380953,2.9765835009259076,69.64007385952381,14.76423174365079,7.382115871825395,0.009953995032935866,0.009942639673572866,210.89178339184565,26.151062754090077
ci,30,mixed,2,25.924177327380953,2.9845881205073574,71.98343231507937,17.10759019920635,8.553795099603175,0.009991273690610578,0.009991859398195023,211.73782019140558,26.151062754090077
ci,30,monotonous,2,25.924177327380953,2.981422114254993,71.12343774841268,16.247595632539664,8.123797816269832,0.00985006860924687,0.009981265545873412,209.3582299938114,26.151062754090077
ci,30,proportional,2,25.924177327380953,2.97837557993668,70.2363410484127,15.360498932539677,7.680249466269839,0.009846110021747645,0.12506122056129987,749.2480622324551,26.151062754090077
ci,30,full_power,3,25.924177327380953,2.9989844885605623,77.60385316269841,22.728011046825394,7.5760036822751315,0.00996109548536211,0.009952904828420801,234.4066196909004,26.151062754090077
ci,30,mixed,3,25.924177327380953,3.004758965373051,79.32226378492062,24.446421669047602,8.148807223015867,0.009662541257989217,0.02262063874327715,318.63598623200664,26.151062754090077
ci,30,monotonous,3,25.924177327380953,3.0045001095159396,79.10292557380953,24.22708345793651,8.075694485978836,0.009950460919215712,0.00998403920887975,234.45027311915493,26.151062754090077
ci,30,proportional,3,25.924177327380953,2.9911590768801894,74.00718341825396,19.13134130238094,6.377113767460313,0.009757873499692576,0.26555607592499925,2029.988575105072,26.151062754090077
ci,30,full_power,4,25.924177327380953,3.1108500428107764,85.9237431404762,31.047901024603185,7.761975256150796,0.009914405110556815,0.009996842269405792,257.3980521802914,26.151062754090077
ci,30,mixed,4,25.924177327380953,3.1077835965034546,84.01055606269843,29.134713946825407,7.283678486706352,0.00970995289554033,0.1070501917668453,1164.7732223164917,26.151062754090077
ci,30,monotonous,4,25.924177327380953,3.1185161585790806,86.45160029285715,31.57575817698413,7.893939544246033,0.009983435618018286,0.009996870179490963,258.53731746164493,26.151062754090077
ci,30,proportional,4,25.924177327380953,2.993847195396348,75.55083691825398,20.674994802380958,5.1687487005952395,0.00969152478153406,0.4014447045331329,3927.0672662342313,26.151062754090077
ci,32,fb_only,0,11.353063447896826,4.967373572593801,56.035242176984134,0.0,,0.009892996455014695,,163.23444150774247,11.425667640109285
ci,32,full_power,1,11.353063447896826,5.829934747145187,64.0515739968254,8.016331819841263,8.016331819841263,0.009735447809848023,0.009764943763624686,183.54344693195588,11.425667640109285
ci,32,mixed,1,11.353063447896826,5.911908646003263,65.70357237460317,9.668330197619035,9.668330197619035,0.009754797110664726,0.009958948999537367,184.31784667888263,11.425667640109285
ci,32,monotonous,1,11.353063447896826,5.887438825448613,65.14324263015874,9.108000453174604,9.108000453174604,0.009912558324855878,0.009980666982918022,186.9718571020477,11.425667640109285
ci,32,proportional,1,11.353063447896826,5.934339314845024,66.03346137460318,9.998219197619044,9.998219197619044,0.009983907621099943,0.01166926517382738,192.11057184594807,11.425667640109285
ci,32,full_power,2,11.353063447896826,6.231647634584013,71.87622716904764,15.840984992063504,7.920492496031752,0.009984201406712117,0.009889973211355691,211.14307751843083,11.425667640109285
ci,32,mixed,2,11.353063447896826,6.746329526916803,74.43770878015872,18.40246660317458,9.20123330158729,0.009930368280005293,0.010000402236316343,210.77296391288365,11.425667640109285
ci,32,monotonous,2,11.353063447896826,6.295269168026101,73.02110952460318,16.985867347619042,8.492933673809521,0.009996319068980762,0.009985395030714186,211.79073812229353,11.425667640109285
ci,32,proportional,2,11.353063447896826,6.228384991843393,71.79327470238097,15.758032525396835,7.879016262698418,0.00995867304498607,0.13442180101037582,795.0251955829534,11.425667640109285
ci,32,full_power,3,11.353063447896826,7.105220228384992,80.48020284444446,24.44496066746033,8.148320222486776,0.009954234509795089,0.009939650374463746,234.20012874709482,11.425667640109285
ci,32,mixed,3,11.353063447896826,7.176182707993474,81.32509121111111,25.28984903412698,8.429949678042327,0.009867163563178261,0.0291121051297799,367.69919469583226,11.425667640109285
ci,32,monotonous,3,11.353063447896826,7.171696574225122,81.1266729888889,25.091430811904765,8.363810270634922,0.009760973418088709,0.009996343087410467,231.41032404765855,11.425667640109285
ci,32,proportional,3,11.353063447896826,6.902120717781403,76.84756141666668,20.812319239682544,6.937439746560848,0.009998078560689254,0.24812386669244077,1911.2640700327709,11.425667640109285
ci,32,full_power,4,11.353063447896826,7.952691680261012,89.4663949031746,33.43115272619047,8.357788181547617,0.009662460788065892,0.00999705342549865,253.24295234796654,11.425667640109285
ci,32,mixed,4,11.353063447896826,7.9539151712887435,89.5192910031746,33.48404882619047,8.371012206547617,0.009980044379217538,0.04149444733618733,554.0546260598713,11.425667640109285
ci,32,monotonous,4,11.353063447896826,7.964518760195759,89.9756467031746,33.94040452619047,8.485101131547617,0.009995229592742993,0.009981314718306123,258.585945596844,11.425667640109285
ci,32,proportional,4,11.353063447896826,6.964110929853181,78.60432059444443,22.569078417460297,5.642269604365074,0.009928247201925838,0.3806720450165613,3736.042549267188,11.425667640109285
ci,33,fb_only,0,12.225778340575395,4.61888379204893,56.848603992460326,0.0,,0.009906834364636276,,163.46276701649856,12.459022999597254
ci,33,full_power,1,12.225778340575395,5.059441896024465,63.907029291269836,7.05842529880951,7.05842529880951,0.009977631218860186,0.009854722064216028,187.75009307384389,12.459022999597254
ci,33,mixed,1,12.225778340575395,5.114105504587156,65.65480880079365,8.80620480833332,8.80620480833332,0.009989114107469475,0.009995982012545125,188.2709565746772,12.459022999597254
ci,33,monotonous,1,12.225778340575395,5.094610091743119,65.33749768015872,8.488893687698393,8.488893687698393,0.009853186420035348,0.00999106851886315,186.01662267583617,12.459022999597254
ci,33,proportional,1,12.225778340575395,5.45756880733945,66.2298307420635,9.381226749603172,9.381226749603172,0.009793303315176749,0.011223508007674228,187.9198544864201,12.459022999597254
ci,33,full_power,2,12.225778340575395,5.97591743119266,72.95396528650794,16.10536129404761,8.052680647023806,0.00991659452817148,0.009875569107089251,209.95997996529218,12.459022999597254
ci,33,mixed,2,12.225778340575395,6.032110091743119,74.51678763531747,17.668183642857144,8.834091821428572,0.009827567563373288,0.009986006964537652,209.00920947326992,12.459022999597254
ci,33,monotonous,2,12.225778340575395,6.027140672782875,74.03130883531747,17.18270484285715,8.591352421428574,0.009855571519462586,0.009993482755139255,209.50635115824608,12.459022999597254
ci,33,proportional,2,12.225778340575395,6.027714067278287,74.08214400198412,17.233540009523793,8.616770004761896,0.009699157091874078,0.06120376650882424,447.2041644753256,12.459022999597254
ci,33,full_power,3,12.225778340575395,6.619074923547401,81.31880031388887,24.470196321428546,8.15673210714285,0.00988196049069653,0.009965899600606265,233.19234948555965,12.459022999597254
ci,33,mixed,3,12.225778340575395,6.63302752293578,82.54599790277777,25.697393910317444,8.565797970105814,0.00989876100193477,0.015111146352615084,269.68180456162867,12.459022999597254
ci,33,monotonous,3,12.225778340575395,6.627675840978593,82.08646632499999,25.237862332539663,8.41262077751322,0.009657070446734067,0.009988387051732979,229.6399304412088,12.459022999597254
ci,33,proportional,3,12.225778340575395,6.465596330275229,78.67753436388888,21.828930371428555,7.276310123809519,0.00987659635310977,0.1901455924117902,1501.2085192204906,12.459022999597254
ci,33,full_power,4,12.225778340575395,7.097477064220183,89.92141171269841,33.07280772023809,8.268201930059522,0.009820077319795329,0.009986608250564659,255.74560759992167,12.459022999597254
ci,33,mixed,4,12.225778340575395,7.56861620795107,91.33934421349207,34.49074022103174,8.622685055257936,0.00987653607258953,0.009995534429880796,256.76094028772866,12.459022999597254
ci,33,monotonous,4,12.225778340575395,7.13895259938838,90.62667118888889,33.778067196428566,8.444516799107141,0.009999190391859043,0.009995435823921187,258.7838112373506,12.459022999597254
ci,33,proportional,4,12.225778340575395,6.624617737003058,81.82677074722221,24.978166754761887,6.244541688690472,0.009978975942007416,0.30404820583919134,3017.841466638094,12.459022999597254
ci,34,fb_only,0,21.25157291833333,2.86288130474177,61.05555707777778,0.0,,0.009757295803306558,,160.9953807545582,21.47966858803478
ci,34,full_power,1,21.25157291833333,3.323165206886137,68.65274019603176,7.59718311825398,7.59718311825398,0.009959482340684774,0.009931470111697751,187.63068750334168,21.47966858803478
ci,34,mixed,1,21.25157291833333,3.383267894895802,70.30934867380952,9.253791596031746,9.253791596031746,0.009984976513089753,0.009998550479398599,188.20871189065005,21.47966858803478
ci,34,monotonous,1,21.25157291833333,3.3769254001812143,70.08089354047618,9.025336462698405,9.025336462698405,0.009752917604287892,0.009997883902107143,184.37817610509356,21.47966858803478
ci,34,proportional,1,21.25157291833333,3.386288130474177,70.4414043626984,9.38584728492063,9.38584728492063,0.009747213193365781,0.012146079970656446,189.3237213016954,21.47966858803478
ci,34,full_power,2,21.25157291833333,3.704016913319239,77.47853342698413,16.42297634920635,8.211488174603176,0.00975129464848702,0.009999113065478085,207.812200203259,21.47966858803478
ci,34,mixed,2,21.25157291833333,3.7541528239202657,79.23481004920635,18.179252971428568,9.089626485714284,0.009853768604441239,0.009984579448632413,209.43482874626375,21.47966858803478
ci,34,monotonous,2,21.25157291833333,3.7399577167019027,78.80640450476191,17.750847426984137,8.875423713492069,0.00970663929598079,0.009996281602319662,207.06210166176692,21.47966858803478
ci,34,proportional,2,21.25157291833333,3.754454847478103,79.2439766936508,18.188419615873016,9.094209807936508,0.009648854199404734,0.030906267112100018,304.2182995801514,21.47966858803478
ci,34,full_power,3,21.25157291833333,4.191482935668982,87.11921602301588,26.063658945238103,8.687886315079368,0.009976918789522404,0.009988588997223612,234.91884938957944,21.47966858803478
ci,34,mixed,3,21.25157291833333,4.283902144367261,89.1474144452381,28.09185736746032,9.363952455820106,0.009805010449616694,0.009993998785443685,232.12043587062809,21.47966858803478
ci,34,monotonous,3,21.25157291833333,4.2425249169435215,88.22385565634922,27.168298578571438,9.05609952619048,0.009824358021265888,0.009992925046309935,232.43211382681648,21.47966858803478
ci,34,proportional,3,21.25157291833333,4.1975234068257326,87.25962466746032,26.204067589682538,8.734689196560845,0.009804108831924284,0.0811401448040547,732.8321348576877,21.47966858803478
ci,34,full_power,4,21.25157291833333,4.510419812745394,95.17238700396825,34.116829926190476,8.529207481547619,0.009946766656027967,0.009965137725794427,257.6345022433164,21.47966858803478
ci,34,mixed,4,21.25157291833333,4.6626396858955,97.06913419841271,36.013577120634935,9.003394280158734,0.009819199057080142,0.009989223919886804,255.7556617060401,21.47966858803478
ci,34,monotonous,4,21.25157291833333,4.617336152219873,95.98638613174604,34.93082905396827,8.732707263492067,0.009992498949901726,0.009987524846045176,258.5991658286664,21.47966858803478
ci,34,proportional,4,21.25157291833333,4.372697070371489,91.15414405634921,30.098586978571433,7.524646744642858,0.009721062282228668,0.20300905970404165,2065.4345439195,21.47966858803478
ci,43,fb_only,0,11.202590770992064,5.2444120505345,60.45486843412698,0.0,,0.009848013118313381,,162.4922164521708,11.273955832498103
ci,43,full_power,1,11.202590770992064,6.06511175898931,67.76917325873015,7.31430482460317,7.31430482460317,0.009704013800266606,0.009802484824757712,183.1128571032806,11.273955832498103
ci,43,mixed,1,11.202590770992064,6.135568513119534,69.66158194761904,9.206713513492062,9.206713513492062,0.009677426719470519,0.009983995186333073,183.09999357840096,11.273955832498103
ci,43,monotonous,1,11.202590770992064,6.111273080660836,68.90071369206349,8.445845257936512,8.445845257936512,0.009823413446585747,0.009983166044352445,185.50682940871567,11.273955832498103
ci,43,proportional,1,11.202590770992064,6.143828960155491,69.92863392539682,9.473765491269845,9.473765491269845,0.009853516373128599,0.013299230526999155,193.7830149729619,11.273955832498103
ci,43,full_power,2,11.202590770992064,6.757045675413022,76.7081198642857,16.253251430158727,8.126625715079363,0.00994484790103332,0.009930864750782352,210.68560777772058,11.273955832498103
ci,43,mixed,2,11.202590770992064,7.070456754130223,79.07446870555555,18.619600271428567,9.309800135714283,0.00983190561689137,0.009984108088070643,209.07187782793505,11.273955832498103
ci,43,monotonous,2,11.202590770992064,6.866375121477162,77.7402554,17.285386965873016,8.642693482936508,0.009895779822362722,0.009966532878068613,210.04333933288282,11.273955832498103
ci,43,proportional,2,11.202590770992064,6.883867832847424,77.88811410000001,17.43324566587303,8.716622832936515,0.009943054699588382,0.0630093695996456,459.70036470474554,11.273955832498103
ci,43,full_power,3,11.202590770992064,7.65597667638484,86.17148558888888,25.716617154761906,8.572205718253969,0.00983810675462458,0.009976816804284224,232.54559811985794,11.273955832498103
ci,43,mixed,3,11.202590770992064,7.752186588921282,87.74526602222222,27.290397588095246,9.096799196031748,0.009830313142951344,0.010571838323421628,236.6047649789386,11.273955832498103
ci,43,monotonous,3,11.202590770992064,7.7327502429543244,87.07429117777778,26.6194227436508,8.873140914550268,0.009806435130171121,0.009990276331653086,232.1177444699979,11.273955832498103
ci,43,proportional,3,11.202590770992064,7.480563654033042,84.21918656666666,23.764318132539685,7.921439377513228,0.00999663384245072,0.16973890266595115,1359.5668553634011,11.273955832498103
ci,43,full_power,4,11.202590770992064,8.475218658892128,95.36644940238094,34.91158096825396,8.72789524206349,0.009860281338008958,0.00995929834241251,256.15269772234683,11.273955832498103
ci,43,mixed,4,11.202590770992064,8.623906705539358,96.83220834682538,36.3773399126984,9.0943349781746,0.009933661844964586,0.009984229556736154,257.59743060232773,11.273955832498103
ci,43,monotonous,4,11.202590770992064,8.539844509232264,96.11353582460316,35.65866739047618,8.914666847619046,0.009965361391263307,0.009995120317936493,258.22267201936063,11.273955832498103
ci,43,proportional,4,11.202590770992064,7.7327502429543244,87.07429117777778,26.6194227436508,6.6548556859127,0.00981952418125804,0.2925030781206964,2906.871034075373,11.273955832498103
ci,59,fb_only,0,11.18660388127866,5.89982451009067,64.11765307751322,0.0,,0.009754062549782415,,160.94203207140984,11.276826132512241
ci,59,full_power,1,11.18660388127866,6.107487569464756,71.57309658915344,7.455443511640212,7.455443511640212,0.009973051206990225,0.00991678538136188,187.8201234200137,11.276826132512241
ci,59,mixed,1,11.18660388127866,6.832553378180755,72.9812402994709,8.863587221957673,8.863587221957673,0.009776172185435538,0.009986526423881268,184.73523205011185,11.276826132512241
ci,59,monotonous,1,11.18660388127866,6.152529979526177,72.66392022486774,8.546267147354513,8.546267147354513,0.009897938729876236,0.009996937979923255,186.76880554385784,11.276826132512241
ci,59,proportional,1,11.18660388127866,6.853319684118163,73.44946536613756,9.331812288624334,9.331812288624334,0.009891425258097627,0.009989593494508273,186.64410309672724,11.276826132512241
ci,59,full_power,2,11.18660388127866,7.078385492834162,81.36500795555554,17.247354878042316,8.623677439021158,0.009779745294216033,0.009905735314403894,207.84350744974762,11.276826132512241
ci,59,mixed,2,11.18660388127866,7.104562737642586,82.59364007777778,18.475987000264553,9.237993500132276,0.00993902810557941,0.009998820666673647,210.90843031009302,11.276826132512241
ci,59,monotonous,2,11.18660388127866,7.09037730330506,82.01322537777777,17.895572300264547,8.947786150132274,0.009791448344384225,0.009997494731209028,208.4671429611725,11.276826132512241
ci,59,proportional,2,11.18660388127866,7.1105586428780345,82.9196620888889,18.802009011375674,9.401004505687837,0.009951720985860257,0.01486245202430341,233.93802116472582,11.276826132512241
ci,59,full_power,3,11.18660388127866,8.051477040070196,91.16190173306877,27.04424865555555,9.01474955185185,0.00995740127187881,0.009937854568527492,234.23974143929686,11.276826132512241
ci,59,mixed,3,11.18660388127866,8.069464755776544,92.085847255291,27.968194177777775,9.322731392592592,0.009934523447056717,0.00999431917974928,234.25965526351126,11.276826132512241
ci,59,monotonous,3,11.18660388127866,8.064638783269961,91.79126348862434,27.673610411111113,9.224536803703705,0.009782765358819594,0.009999832308929877,231.7944482107718,11.276826132512241
ci,59,proportional,3,11.18660388127866,8.077946768060837,92.53328291084655,28.415629833333327,9.471876611111108,0.009996152748301549,0.01992913399226362,305.1977653845269,11.276826132512241
ci,59,full_power,4,11.18660388127866,8.970020473822755,100.0188692878307,35.90121621031747,8.975304052579368,0.009963935561535592,0.009957658961373848,257.84760845886944,11.276826132512241
ci,59,mixed,4,11.18660388127866,9.044896168470313,102.08609085502647,37.968437777513245,9.492109444378311,0.009786002831442637,0.009992137119613246,255.2352614492542,11.276826132512241
ci,59,monotonous,4,11.18660388127866,9.004241006142147,100.83282125502646,36.715168177513235,9.178792044378309,0.009879300317926144,0.009999734179342223,256.84596078472885,11.276826132512241
ci,59,proportional,4,11.18660388127866,9.040508920737057,101.98330475502645,37.86565167751323,9.466412919378307,0.009990058929134973,0.02528019698314258,402.065340820537,11.276826132512241
ci,65,fb_only,0,29.40368224600529,1.9727546035325065,58.35440174365079,0.0,,0.009957113218359601,,164.2923681029334,29.71047187348038
ci,65,full_power,1,29.40368224600529,2.19597895527997,65.73203814126984,7.3776363976190495,7.3776363976190495,0.009802292702327416,0.00980256754740567,184.73465305461605,29.71047187348038
ci,65,mixed,1,29.40368224600529,2.2205937617437055,67.39794436349207,9.043542619841283,9.043542619841283,0.009952700745951509,0.009962326935420047,187.59118129869532,29.71047187348038
ci,65,monotonous,1,29.40368224600529,2.2134535888763622,66.95014735238095,8.595745608730162,8.595745608730162,0.009692498264603406,0.0099734155217239,183.32385417992046,29.71047187348038
ci,65,proportional,1,29.40368224600529,2.223975948891394,67.58047147460317,9.226069730952382,9.226069730952382,0.009998852236442627,0.013685418768057225,197.0870543311656,29.71047187348038
ci,65,full_power,2,29.40368224600529,2.534009770762871,73.35267487301587,14.998273129365082,7.499136564682541,0.009975397268890195,0.009968470745315787,211.3661196737099,29.71047187348038
ci,65,mixed,2,29.40368224600529,2.6565201052236,76.14384403650793,17.78944229285714,8.89472114642857,0.009921393488345235,0.00999082042997366,210.57992201513278,29.71047187348038
ci,65,monotonous,2,29.40368224600529,2.635663284479519,75.17221926984126,16.817817526190474,8.408908763095237,0.009832769265365453,0.009983616425831832,209.08382114853293,29.71047187348038
ci,65,proportional,2,29.40368224600529,2.641488162344983,75.49071335873016,17.13631161507937,8.568155807539686,0.009803663232806861,0.044711395044940545,371.54630889217424,29.71047187348038
ci,65,full_power,3,29.40368224600529,2.7861706125516723,82.22948060317461,23.875078859523818,7.958359619841272,0.009865452482346647,0.009936771481729412,232.7149636471313,29.71047187348038
ci,65,mixed,3,29.40368224600529,2.8406614054866592,84.57405873650792,26.219656992857132,8.73988566428571,0.009951656703429314,0.009993356722422549,234.53558021899357,29.71047187348038
ci,65,monotonous,3,29.40368224600529,2.8207440811724918,83.63694898095238,25.282547237301593,8.427515745767197,0.009953609366617143,0.009997543257215915,234.59726399346846,29.71047187348038
ci,65,proportional,3,29.40368224600529,2.7591131153701616,80.62113774761904,22.266736003968255,7.422245334656085,0.009755342465312246,0.17924899256212182,1422.5175603298653,29.71047187348038
ci,65,full_power,4,29.40368224600529,3.1311537016159336,92.03240897857142,33.678007234920635,8.419501808730159,0.00996846979225449,0.0099747201366919,258.0825253349159,29.71047187348038
ci,65,mixed,4,29.40368224600529,3.1621570838030815,93.28808941190478,34.93368766825399,8.733421917063497,0.009970766832832099,0.009991147454635026,258.27458045602475,29.71047187348038
ci,65,monotonous,4,29.40368224600529,3.1450582487786547,92.61501963412698,34.26061789047619,8.565154472619048,0.009912531318530166,0.009999139610351114,257.38869285928257,29.71047187348038
ci,65,proportional,4,29.40368224600529,2.8006388575723413,82.88175499206349,24.5273532484127,6.131838312103175,0.009864518343489597,0.3148793353812492,3117.592235885221,29.71047187348038
ci,67,fb_only,0,31.271587423531745,1.7797738888028496,59.55300553730159,0.0,,0.009868417764693667,,162.82889311744552,31.56588022817964
ci,67,full_power,1,31.271587423531745,2.1353569769242684,67.04863023095237,7.495624693650782,7.495624693650782,0.009875943149127916,0.00974772204516208,185.82121787856087,31.56588022817964
ci,67,mixed,1,31.271587423531745,2.1613752516648597,68.24028871984127,8.687283182539687,8.687283182539687,0.009830570099503612,0.010000034082635658,185.66448659967287,31.56588022817964
ci,67,monotonous,1,31.271587423531745,2.152547622735016,67.74953060873015,8.196525071428567,8.196525071428567,0.009655927883675771,0.009997078450024689,182.77595612440814,31.56588022817964
ci,67,proportional,1,31.271587423531745,2.1723710701564194,68.86982777539681,9.316822238095227,9.316822238095227,0.009757332791019034,0.010586457109909986,185.8318194316629,31.56588022817964
ci,67,full_power,2,31.271587423531745,2.2846523153167104,74.2857955420635,14.73279000476191,7.366395002380955,0.009662022728925704,0.009967916475179688,206.1928391288172,31.56588022817964
ci,67,mixed,2,31.271587423531745,2.31717515874245,75.65322027539682,16.100214738095232,8.050107369047616,0.009955700831133027,0.009988687390202238,211.13598494852386,31.56588022817964
ci,67,monotonous,2,31.271587423531745,2.2976614526870063,74.91741631984127,15.364410782539679,7.682205391269839,0.009980429070604983,0.009982215485651577,211.5136347236594,31.56588022817964
ci,67,proportional,2,31.271587423531745,2.3069536936657893,75.32479488650793,15.771789349206344,7.885894674603172,0.009869562700890119,0.07065019269167853,494.33848867404265,31.56588022817964
ci,67,full_power,3,31.271587423531745,2.6609880749574106,84.06123128888889,24.508225751587304,8.169408583862435,0.00988068265388344,0.009981522828093253,233.28122145319708,31.56588022817964
ci,67,mixed,3,31.271587423531745,2.6834443239894687,85.62834355555556,26.075338018253973,8.691779339417991,0.009779854307406605,0.009996639116282327,231.72394217260398,31.56588022817964
ci,67,monotonous,3,31.271587423531745,2.6665634195446803,84.49099357777777,24.937988040476185,8.312662680158729,0.009809663431918254,0.009999059393861408,232.23282664064777,31.56588022817964
ci,67,proportional,3,31.271587423531745,2.6320272572402046,82.30580286666667,22.75279732936508,7.584265776455027,0.009909865540545655,0.13910359248106433,1142.523865300734,31.56588022817964
ci,67,full_power,4,31.271587423531745,2.9724330184296113,93.38508983809524,33.83208430079365,8.458021075198413,0.00995166877767224,0.009946629274934058,257.5417039475732,31.56588022817964
ci,67,mixed,4,31.271587423531745,3.056372928604615,95.18088529365079,35.6278797563492,8.9069699390873,0.009989247604135705,0.009994693970267672,258.612793685231,31.56588022817964
ci,67,monotonous,4,31.271587423531745,3.0255536626916526,94.34039634920634,34.78739081190476,8.69684770297619,0.00985459109010783,0.009998763350115356,256.4291482642617,31.56588022817964
ci,67,proportional,4,31.271587423531745,2.6857673842341643,85.71613322222221,26.163127684920624,6.540781921230156,0.009990049167728424,0.265237397242152,2653.8235469878737,31.56588022817964
ci,68,fb_only,0,42.27699716373898,1.0135668382877974,50.06232101349207,0.0,,0.00977594969384274,,161.30316994840518,42.56483972893788
ci,68,full_power,1,42.27699716373898,1.1064677364801383,57.10215286904762,7.039831855555555,7.039831855555555,0.009838080797279129,0.009766769897692396,185.241175335092,42.56483972893788
ci,68,mixed,1,42.27699716373898,1.1079709872599497,58.693747380158726,8.631426366666659,8.631426366666659,0.009861294629532068,0.08360263656750846,358.843146774654,42.56483972893788
ci,68,monotonous,1,42.27699716373898,1.1073133150437822,57.99558950238095,7.933268488888885,7.933268488888885,0.009971646905011863,0.126736057353154,461.85496448319503,42.56483972893788
ci,68,proportional,1,42.27699716373898,1.1085159156676312,59.237801646825396,9.17548063333333,9.17548063333333,0.00976599609988021,0.051273857704000704,281.4274058216091,42.56483972893788
ci,68,full_power,2,42.27699716373898,1.9502987710924875,66.45954447777777,16.3972234642857,8.19861173214285,0.009924610305751872,0.009958826008190511,210.48288167533576,42.56483972893788
ci,68,mixed,2,42.27699716373898,1.947066781915893,63.64107666666666,13.578755653174596,6.789377826587298,0.009986195873127579,0.212372296007527,1161.2230447739216,42.56483972893788
ci,68,monotonous,2,42.27699716373898,1.9465594347777069,63.19759145555556,13.135270442063494,6.567635221031747,0.009968179670363835,0.21012416057969227,1150.3775260009193,42.56483972893788
ci,68,proportional,2,42.27699716373898,1.1124807395993837,61.936364324603176,11.874043311111109,5.937021655555554,0.00989509449406592,0.3493909275341711,1802.6112911424186,42.56483972893788
ci,68,full_power,3,42.27699716373898,1.954789732797174,69.58817754444445,19.52585653095238,6.508618843650794,0.009668933615886905,0.2129516015516628,1658.2907763827366,42.56483972893788
ci,68,mixed,3,42.27699716373898,1.950167236649254,66.34960325555556,16.287282242063498,5.4290940806878325,0.009873773157096215,0.3892434903947513,2902.4129424903467,42.56483972893788
ci,68,monotonous,3,42.27699716373898,1.9519147656807847,67.18638071111111,17.124059697619046,5.708019899206349,0.00969160370944057,0.3288807150079099,2474.573933431439,42.56483972893788
ci,68,proportional,3,42.27699716373898,1.946183622082754,62.90538408888889,12.84306307539682,4.281021025132273,0.009824611664595745,0.5194598884620243,3818.064787461557,42.56483972893788
ci,68,full_power,4,42.27699716373898,1.954789732797174,69.58817754444445,19.52585653095238,4.881464132738095,0.009668933615886905,0.41765774035161723,4078.83764012171,42.56483972893788
ci,68,mixed,4,42.27699716373898,1.9518583937765417,67.15230264444445,17.08998163095238,4.272495407738095,0.009923758541605154,0.5111266237632047,4960.154253330398,42.56483972893788
ci,68,monotonous,4,42.27699716373898,1.9540944793115111,69.02529883333334,18.96297781984127,4.740744454960318,0.009883894964945024,0.4446771429489707,4335.9345763547335,42.56483972893788
ci,68,proportional,4,42.27699716373898,1.9468037130294262,63.40018438888889,13.337863375396822,3.3344658438492054,0.009844029117466674,0.6281771835008952,6057.241170410601,42.56483972893788
ci,72,fb_only,0,21.63661820537037,2.700595238095238,55.02350111904762,0.0,,0.00967664295036803,,159.6646086810725,21.785996166665637
ci,72,full_power,1,21.63661820537037,2.924702380952381,63.47531740555556,8.451816286507935,8.451816286507935,0.00982160873016967,0.009993089624410938,185.50033230666762,21.785996166665637
ci,72,mixed,1,21.63661820537037,3.0107142857142857,65.03357859444445,10.010077475396827,10.010077475396827,0.0098934236129781,0.010000663258614807,186.703045618849,21.785996166665637
ci,72,monotonous,1,21.63661820537037,2.9535714285714287,64.31502167222223,9.291520553174607,9.291520553174607,0.00991725825272267,0.022140785543705126,215.57704405545627,21.785996166665637
ci,72,proportional,1,21.63661820537037,3.0577380952380953,65.27461082777778,10.251109708730155,10.251109708730155,0.009973937097924136,0.014221841919055721,197.93440325785298,21.785996166665637
ci,72,full_power,2,21.63661820537037,3.5690476190476192,71.78802700873017,16.764525889682545,8.382262944841273,0.009921644834714425,0.009994473208393292,210.6012080665693,21.785996166665637
ci,72,mixed,2,21.63661820537037,3.632142857142857,73.42805463571429,18.404553516666667,9.202276758333333,0.009848866620563796,0.018401309577629754,248.84524377754144,21.785996166665637
ci,72,monotonous,2,21.63661820537037,3.6226190476190476,73.02609851349206,18.002597394444436,9.001298697222218,0.009739995361395826,0.009954952713944532,207.41856159685886,21.785996166665637
ci,72,proportional,2,21.63661820537037,3.567559523809524,71.70824430873014,16.68474318968252,8.34237159484126,0.00969333326709584,0.13098644910536092,774.5284181094348,21.785996166665637
ci,72,full_power,3,21.63661820537037,3.8029761904761905,79.6922403079365,24.66873918888888,8.22291306296296,0.009814857428422719,0.00996333235985698,232.0670807176483,21.785996166665637
ci,72,mixed,3,21.63661820537037,3.800595238095238,79.56143643015874,24.537935311111113,8.17931177037037,0.009855304047358905,0.08495697835429666,760.5397304389619,21.785996166665637
ci,72,monotonous,3,21.63661820537037,3.8241071428571427,80.91700031904762,25.893499199999994,8.631166399999998,0.00997505851170038,0.026509184971666017,351.16010927364164,21.785996166665637
ci,72,proportional,3,21.63661820537037,3.6547619047619047,74.46253525793651,19.439034138888886,6.4796780462962955,0.009667150134576806,0.3104835828983204,2344.691433658896,21.785996166665637
ci,72,full_power,4,21.63661820537037,4.244047619047619,88.7453657873016,33.72186466825397,8.430466167063493,0.009877129935106782,0.009972182906487033,256.5516083237362,21.785996166665637
ci,72,mixed,4,21.63661820537037,3.9092261904761907,84.25902788888887,29.235526769841243,7.308881692460311,0.009915580433225138,0.1861800837904361,1910.7209834376672,21.785996166665637
ci,72,monotonous,4,21.63661820537037,4.252083333333333,89.20465580952381,34.18115469047619,8.545288672619048,0.009837005237738401,0.009983418555009336,255.99498614289124,21.785996166665637
ci,72,proportional,4,21.63661820537037,3.674404761904762,75.39622956904762,20.372728449999997,5.093182112499999,0.009671326374998079,0.44443856832149303,4330.188410316358,21.785996166665637
ci,73,fb_only,0,22.280904007023807,2.5890865639936274,59.30055536746031,0.0,,0.0096698762676942,,159.55295841695428,22.489463234883104
ci,73,full_power,1,22.280904007023807,3.0031864046733934,66.86540381190474,7.564848444444429,7.564848444444429,0.009900297854352919,0.00983220154542783,186.42125942239684,22.489463234883104
ci,73,mixed,1,22.280904007023807,3.048194370685077,68.08415563809523,8.783600270634913,8.783600270634913,0.009994791358302639,0.009997720102319666,188.36870877203546,22.489463234883104
ci,73,monotonous,1,22.280904007023807,3.042485395645247,67.86302102698411,8.562465659523802,8.562465659523802,0.00992559463932152,0.00999835464607795,187.22845154850395,22.489463234883104
ci,73,proportional,1,22.280904007023807,3.0744822092405735,68.941570615873,9.641015248412693,9.641015248412693,0.009967106249549416,0.009984000175300605,187.87971752882058,22.489463234883104
ci,73,full_power,2,22.280904007023807,3.468268720127456,76.47966726904761,17.179111901587298,8.589555950793649,0.009992217854578512,0.009880588797151226,211.231317236779,22.489463234883104
ci,73,mixed,2,22.280904007023807,3.483271375464684,77.54392011349205,18.243364746031737,9.121682373015869,0.009938266168405336,0.00999069421962256,210.8577290571571,22.489463234883104
ci,73,monotonous,2,22.280904007023807,3.4778279341476366,77.15228308015872,17.851727712698413,8.925863856349206,0.009930741001761629,0.010000771604829,210.78084689892455,22.489463234883104
ci,73,proportional,2,22.280904007023807,3.4844662772172064,77.69787132460317,18.397315957142858,9.198657978571429,0.009765235431811792,0.02344129946383693,271.1129617092174,22.489463234883104
ci,73,full_power,3,22.280904007023807,3.792485395645247,85.0729984253968,25.772443057936492,8.590814352645497,0.009998165095653622,0.009976895626749773,235.18711549934966,22.489463234883104
ci,73,mixed,3,22.280904007023807,3.8328465215082317,85.96959114761904,26.66903578015873,8.889678593386243,0.009996635519205765,0.009996407240306005,235.2992002241688,22.489463234883104
ci,73,monotonous,3,22.280904007023807,3.8114710568242165,85.51021056984126,26.20965520238095,8.736551734126984,0.009770957847062342,0.009995975126553308,231.57247741721085,22.489463234883104
ci,73,proportional,3,22.280904007023807,3.8489113117365905,86.2769287142857,26.97637334682539,8.992124448941796,0.009865473860493567,0.01715572461014038,283.5223085043118,22.489463234883104
ci,73,full_power,4,22.280904007023807,4.23380244291025,94.17817952619046,34.87762415873015,8.719406039682537,0.009739597132430753,0.009960129689250778,254.16920968903673,22.489463234883104
ci,73,mixed,4,22.280904007023807,4.271242697822624,95.59868209841268,36.29812673095237,9.074531682738092,0.009993779409994278,0.00999569391675602,258.6969519797441,22.489463234883104
ci,73,monotonous,4,22.280904007023807,4.23858204992034,94.27430467341269,34.973749305952374,8.743437326488094,0.00997258567852726,0.009999653069013119,258.3844080953189,22.489463234883104
ci,73,proportional,4,22.280904007023807,4.17684545937334,92.96486579285714,33.66431042539683,8.416077606349207,0.009925037444544229,0.07020719838022901,822.5874674350488,22.489463234883104
ci,75,fb_only,0,11.68822594042769,5.193838254172015,59.5756158537037,0.0,,0.009827207944499287,,162.14893108423823,11.789500393539914
ci,75,full_power,1,11.68822594042769,5.738767650834403,66.40779733227514,6.832181478571435,6.832181478571435,0.00986932861482012,0.009834770552109899,185.9162938597818,11.789500393539914
ci,75,mixed,1,11.68822594042769,5.816752246469833,68.04301246243386,8.467396608730162,8.467396608730162,0.009866877742321534,0.009989496810103205,186.23884226480743,11.789500393539914
ci,75,monotonous,1,11.68822594042769,5.802952503209243,67.63559495132274,8.059979097619042,8.059979097619042,0.009877050938613165,0.009993349607349393,186.4157386659589,11.789500393539914
ci,75,proportional,1,11.68822594042769,5.833761232349166,68.46277162910052,8.887155775396813,8.887155775396813,0.009701489931135914,0.009970019068240871,183.46424859783568,11.789500393539914
ci,75,full_power,2,11.68822594042769,6.387997432605905,75.58039596428573,16.004780110582026,8.002390055291013,0.009825644971771772,0.0099744285930569,208.92316099285722,11.789500393539914
ci,75,mixed,2,11.68822594042769,6.719833119383825,77.57741502063492,18.001799166931214,9.000899583465607,0.00975481318664477,0.009981995710925642,207.78994145530183,11.789500393539914
ci,75,monotonous,2,11.68822594042769,6.449293966623877,76.33647473095238,16.760858877248673,8.380429438624336,0.009995968424267681,0.009993405906213549,211.8225395123707,11.789500393539914
ci,75,proportional,2,11.68822594042769,6.724967907573813,77.70863497619047,18.133019122486765,9.066509561243382,0.009972219619989245,0.02103245096881724,263.22588367551305,11.789500393539914
ci,75,full_power,3,11.68822594042769,7.308408215661104,84.9796624526455,25.404046598941797,8.4680155329806,0.009945269811176344,0.009929270641211132,233.97915865725363,11.789500393539914
ci,75,mixed,3,11.68822594042769,7.348523748395379,86.19193601931218,26.616320165608478,8.872106721869493,0.009712012596608512,0.009999172078731754,230.62238093415453,11.789500393539914
ci,75,monotonous,3,11.68822594042769,7.331835686777921,85.70415547486773,26.12853962116403,8.709513207054677,0.009985515913294572,0.009996105364294666,235.1136021232663,11.789500393539914
ci,75,proportional,3,11.68822594042769,7.311617458279846,85.0940333415344,25.518417487830696,8.506139162610232,0.009707250542981763,0.07905363253323948,716.5490997281386,11.789500393539914
ci,75,full_power,4,11.68822594042769,7.90596919127086,92.98618628835979,33.41057043465609,8.352642608664022,0.009943346649013276,0.009942793213996949,257.3683912288664,11.789500393539914
ci,75,mixed,4,11.68822594042769,8.26604621309371,95.73247682989418,36.15686097619048,9.03921524404762,0.009762745728834716,0.009995180057184682,254.88007418239386,11.789500393539914
ci,75,monotonous,4,11.68822594042769,8.037869062901155,93.97737242354498,34.401756569841275,8.600439142460319,0.009986605496718455,0.009996142423747202,258.58279120029823,11.789500393539914
ci,75,proportional,4,11.68822594042769,7.7124518613607185,89.06828752010583,29.492671666402124,7.373167916600531,0.009693537515058222,0.189537277871448,1938.5611845441288,11.789500393539914
ci,76,fb_only,0,37.249529961719574,1.343079080806991,54.59343799047619,0.0,,0.009895554369709963,,163.2766471002144,37.536432492713914
ci,76,full_power,1,37.249529961719574,1.5640306397669652,61.41566877936508,6.822230788888888,6.822230788888888,0.009906835492238433,0.009997893827808847,186.91784454197372,37.536432492713914
ci,76,mixed,1,37.249529961719574,1.573416765562628,62.84292679047618,8.249488799999988,8.249488799999988,0.009681814383849343,0.04154897018437379,257.2238213860551,37.536432492713914
ci,76,monotonous,1,37.249529961719574,1.5673751213723164,61.89363404603174,7.300196055555553,7.300196055555553,0.009687816836616715,0.05969134353768267,299.8848697435793,37.536432492713914
ci,76,proportional,1,37.249529961719574,1.5744956305966125,63.00839112380952,8.414953133333327,8.414953133333327,0.009945880521965883,0.037310962534243146,251.63854671777148,37.536432492713914
ci,76,full_power,2,37.249529961719574,1.9687129140144568,70.1786817126984,15.585243722222216,7.792621861111108,0.009943572417584333,0.009911802536396955,210.57512239091602,37.536432492713914
ci,76,mixed,2,37.249529961719574,1.9704390980688316,70.48302993492064,15.889591944444447,7.944795972222224,0.009934237170040676,0.10913518976009193,675.9772236600224,37.536432492713914
ci,76,monotonous,2,37.249529961719574,1.9687129140144568,70.1786817126984,15.585243722222216,7.792621861111108,0.009933162643643694,0.0854077825340578,564.6304992699202,37.536432492713914
ci,76,proportional,2,37.249529961719574,1.957600604164419,68.29971035714284,13.706272366666653,6.853136183333326,0.009824277106491554,0.2303006018188757,1242.6709959912755,37.536432492713914
ci,76,full_power,3,37.249529961719574,2.251914985435322,80.48546721349207,25.892029223015882,8.630676407671961,0.009895727052080455,0.009953706547528425,233.33368304083257,37.536432492713914
ci,76,mixed,3,37.249529961719574,2.2253749055993097,77.27975073571427,22.686312745238084,7.562104248412695,0.009870470083491805,0.1441854938348906,1177.6402619875748,37.536432492713914
ci,76,monotonous,3,37.249529961719574,2.2467364332721975,79.77277736904762,25.179339378571427,8.393113126190476,0.009956239198796749,0.03844753066953962,434.8716676323662,37.536432492713914
ci,76,proportional,3,37.249529961719574,1.9692523465314489,70.27406204603173,15.68062405555554,5.22687468518518,0.009872371849520504,0.42783003954424137,3173.961953829459,37.536432492713914
ci,76,full_power,4,37.249529961719574,2.2990613874204335,86.53999970238094,31.94656171190475,7.986640427976187,0.009862398871224178,0.055464962790533756,683.2127922015677,37.536432492713914
ci,76,mixed,4,37.249529961719574,2.2510518934081345,80.36350370238095,25.770065711904763,6.442516427976191,0.009668535276835168,0.2783166149674248,2771.253946922095,37.536432492713914
ci,76,monotonous,4,37.249529961719574,2.2771604272305535,83.7069807468254,29.113542756349204,7.278385689087301,0.009958833516108904,0.14948111780955456,1567.051562540657,37.536432492713914
ci,76,proportional,4,37.249529961719574,1.9744308986945733,71.18929497936507,16.595856988888883,4.148964247222221,0.009749748860448895,0.549682814283759,5319.094385436201,37.536432492713914
ci,79,fb_only,0,11.098321213809525,5.054420206659013,56.20223982460317,0.0,,0.009808391502134793,,161.8384597852241,11.101765307899793
ci,79,full_power,1,11.098321213809525,5.894603903559127,63.91904411904762,7.716804294444451,7.716804294444451,0.009809689113406395,0.009911540712577289,185.11234488291183,11.101765307899793
ci,79,mixed,1,11.098321213809525,5.954305396096441,65.54561907460318,9.343379250000012,9.343379250000012,0.009979224972446533,0.009984249948331936,188.0802624241545,11.101765307899793
ci,79,monotonous,1,11.098321213809525,5.949712973593571,65.22060564126984,9.018365816666673,9.018365816666673,0.009907058413745031,0.009988185078076726,186.898746019961,11.101765307899793
ci,79,proportional,1,11.098321213809525,5.955912743972445,65.66039755238094,9.458157727777774,9.458157727777774,0.00978500448598222,0.017632642260616525,202.81875276211298,11.101765307899793
ci,79,full_power,2,11.098321213809525,6.201836969001148,72.49625861507937,16.2940187904762,8.1470093952381,0.009925793143474531,0.009941826842030335,210.4226384101361,11.101765307899793
ci,79,mixed,2,11.098321213809525,6.859242250287027,74.3098050563492,18.107565231746037,9.053782615873018,0.009942169309494459,0.009989149101433384,210.91488119058403,11.101765307899793
ci,79,monotonous,2,11.098321213809525,6.7956371986222734,73.4251384063492,17.222898581746037,8.611449290873018,0.00994108698750211,0.009999122045256313,210.94381593012744,11.101765307899793
ci,79,proportional,2,11.098321213809525,6.794259471871412,73.38489816190477,17.182658337301604,8.591329168650802,0.009973209673101413,0.06690197360962558,478.4620197825365,11.101765307899793
ci,79,full_power,3,11.098321213809525,7.075545350172216,80.09613042777777,23.893890603174597,7.964630201058199,0.009867767629680883,0.009936813685463933,232.75346060802974,11.101765307899793
ci,79,mixed,3,11.098321213809525,7.131113662456946,82.17352431666666,25.97128449206349,8.65709483068783,0.009890888811153168,0.015396667836382199,271.5614136164852,11.101765307899793
ci,79,monotonous,3,11.098321213809525,7.095063145809415,81.05710785,24.854868025396826,8.284956008465608,0.009992965200262377,0.00997420404677229,235.0823738855126,11.101765307899793
ci,79,proportional,3,11.098321213809525,6.960964408725602,77.12550325952381,20.923263434920642,6.974421144973547,0.00991828011520655,0.21501645023372978,1676.9373986458984,11.101765307899793
ci,79,full_power,4,11.098321213809525,8.03788748564868,89.04257654603175,32.840336721428585,8.210084180357146,0.009940465469882859,0.009988785662680312,257.7524449116592,11.101765307899793
ci,79,mixed,4,11.098321213809525,8.059701492537313,89.8881101126984,33.68587028809523,8.421467572023808,0.009929552453320912,0.023205769871531643,381.60055995424796,11.101765307899793
ci,79,monotonous,4,11.098321213809525,8.05878300803674,89.82129215714286,33.619052332539695,8.404763083134924,0.009997700440046236,0.009992418609469488,258.73091349202457,11.101765307899793
ci,79,proportional,4,11.098321213809525,7.067738231917336,79.4026873611111,23.200447536507937,5.800111884126984,0.009809983617181672,0.34329522876794877,3383.3471564419287,11.101765307899793
ci,85,fb_only,0,36.151388566501325,1.1705602177364482,47.55620243015873,0.0,,0.009945786740672919,,164.10548122110316,36.43835769099448
ci,85,full_power,1,36.151388566501325,1.715808573372647,55.021060182539685,7.464857752380958,7.464857752380958,0.009826486253213045,0.009884800530292205,185.32676522208075,36.43835769099448
ci,85,mixed,1,36.151388566501325,1.7287366749829893,55.932316982539675,8.376114552380947,8.376114552380947,0.009916473558692504,0.07686132715655475,343.9384872277038,36.43835769099448
ci,85,monotonous,1,36.151388566501325,1.7228396461782718,55.47667664920635,7.92047421904762,7.92047421904762,0.009917631784632334,0.06778112892243811,322.6554528984733,36.43835769099448
ci,85,proportional,1,36.151388566501325,1.7307779541846224,56.08319711587301,8.526994685714286,8.526994685714286,0.009727253863540012,0.06418837873404906,311.0856252584893,36.43835769099448
ci,85,full_power,2,36.151388566501325,1.8525742798820595,63.10333573809524,15.547133307936512,7.773566653968256,0.009856520151392505,0.009986255601937782,209.4880937822684,36.43835769099448
ci,85,mixed,2,36.151388566501325,1.805171240644137,60.0551861047619,12.498983674603174,6.249491837301587,0.00995212202085278,0.26977333325624064,1429.9864929823518,36.43835769099448
ci,85,monotonous,2,36.151388566501325,1.7974597414379678,59.39760197142857,11.841399541269844,5.920699770634922,0.009797104671364123,0.2647699560714193,1403.9528609646075,36.43835769099448
ci,85,proportional,2,36.151388566501325,1.7911090950328872,59.002257260317464,11.446054830158737,5.723027415079368,0.00994120121823911,0.37516013558861655,1924.2811762827341,36.43835769099448
ci,85,full_power,3,36.151388566501325,1.8700385574960308,64.63814698253968,17.081944552380953,5.693981517460318,0.00993727821564008,0.3098536210513833,2344.714875517697,36.43835769099448
ci,85,mixed,3,36.151388566501325,1.8233159446586527,61.5592940047619,14.003091574603175,4.667697191534391,0.009646402034504658,0.4523112481820883,3342.5321982748637,36.43835769099448
ci,85,monotonous,3,36.151388566501325,1.8423678838738944,62.353007271428574,14.796804841269847,4.9322682804232825,0.009981686748721713,0.39648310333488357,2955.145912624819,36.43835769099448
ci,85,proportional,3,36.151388566501325,1.7954184622363347,59.25096727142857,11.694764841269844,3.898254947089948,0.00982056184910361,0.5642005120027553,4132.882473985602,36.43835769099448
ci,85,full_power,4,36.151388566501325,1.8700385574960308,64.63814698253968,17.081944552380953,4.270486138095238,0.00993727821564008,0.4895349472372366,4757.76103543229,36.43835769099448
ci,85,mixed,4,36.151388566501325,1.8312542526650033,62.09601443809524,14.539812007936511,3.634953001984128,0.009989454116234869,0.5663697585002608,5479.639806684323,36.43835769099448
ci,85,monotonous,4,36.151388566501325,1.85892492628714,63.61414831587301,16.057945885714282,4.014486471428571,0.009895723986825056,0.5085920264387417,4935.907021883765,36.43835769099448
ci,85,proportional,4,36.151388566501325,1.7974597414379678,59.39760197142857,11.841399541269844,2.960349885317461,0.009844989954036843,0.6655992293778673,6408.425502723514,36.43835769099448
ci,90,fb_only,0,14.002344351765874,4.15561694290976,59.318829232539684,0.0,,0.009944421754232553,,164.08295894483712,14.294164926881233
ci,90,full_power,1,14.002344351765874,4.866329036218539,65.59030782539682,6.271478592857136,6.271478592857136,0.009993467169512663,0.009763568587863893,187.79754020408765,14.294164926881233
ci,90,mixed,1,14.002344351765874,4.895334561080418,66.7272011111111,7.408371878571415,7.408371878571415,0.009937676755392016,0.009971272652860352,187.36427210757864,14.294164926881233
ci,90,monotonous,1,14.002344351765874,4.8868937998772255,66.19430527777777,6.875476045238088,6.875476045238088,0.009789477756696165,0.009996833462801735,184.9789542892196,14.294164926881233
ci,90,proportional,1,14.002344351765874,4.905310006138736,67.20953265555555,7.890703423015864,7.890703423015864,0.009703102052415837,0.013364083776539722,191.45332440462352,14.294164926881233
ci,90,full_power,2,14.002344351765874,5.652854511970534,75.04639172103174,15.727562488492055,7.863781244246027,0.009747374708690673,0.009884966870930156,207.2119472518004,14.294164926881233
ci,90,mixed,2,14.002344351765874,5.671884591774094,76.02709416547619,16.7082649329365,8.35413246646825,0.0098321294884475,0.00999578091740082,209.13034062382837,14.294164926881233
ci,90,monotonous,2,14.002344351765874,5.6645181092694905,75.63994874325397,16.321119510714283,8.160559755357141,0.009768531034609229,0.009998364649803523,208.09308900793042,14.294164926881233
ci,90,proportional,2,14.002344351765874,5.671117249846532,75.96844995436507,16.649620721825386,8.324810360912693,0.009968166318866507,0.04516037767124769,376.3672362947915,14.294164926881233
ci,90,full_power,3,14.002344351765874,5.966236955187232,83.44907390515873,24.130244672619042,8.043414890873015,0.009951623034103924,0.009937415868891526,234.14131294797332,14.294164926881233
ci,90,mixed,3,14.002344351765874,6.068446899938612,85.25881607619047,25.939986843650786,8.646662281216928,0.009882104526827574,0.009997823947930253,233.41940963818809,14.294164926881233
ci,90,monotonous,3,14.002344351765874,5.983732351135666,83.84712504166667,24.528295809126988,8.176098603042329,0.00998721963577136,0.009999424738111929,235.1650752970592,14.294164926881233
ci,90,proportional,3,14.002344351765874,5.90438919582566,81.1369664765873,21.81813724404762,7.27271241468254,0.009804280700218014,0.14205886707209303,1161.580938006988,14.294164926881233
ci,90,full_power,4,14.002344351765874,6.701350521792511,91.57844285317461,32.25961362063492,8.06490340515873,0.009892879558970462,0.009999497616339573,257.0677983547432,14.294164926881233
ci,90,mixed,4,14.002344351765874,6.842694904849601,92.46585048968254,33.14702125714285,8.286755314285713,0.009986247559359961,0.009986117992046016,258.4828159667992,14.294164926881233
ci,90,monotonous,4,14.002344351765874,6.707642725598527,91.9465806420635,32.62775140952381,8.156937852380953,0.00971537388311736,0.009997563793763839,254.1208077121163,14.294164926881233
ci,90,proportional,4,14.002344351765874,6.432934315531001,88.1774863015873,28.85865706904761,7.214664267261902,0.009990785156607439,0.18982059789418768,1946.1244457230798,14.294164926881233
ci,91,fb_only,0,18.685336868619927,2.9703565229002535,55.08893832910053,0.0,,0.009929307540902939,,163.8335744248985,18.838221501310308
ci,91,full_power,1,18.685336868619927,3.0857257310722392,61.52944470343915,6.440506374338618,6.440506374338618,0.009930101454313634,0.009934261077163775,187.15245048320116,18.838221501310308
ci,91,mixed,1,18.685336868619927,3.1000133529176126,62.79709892566137,7.708160596560845,7.708160596560845,0.009752601804137636,0.015269449609980931,196.74005855328625,18.838221501310308
ci,91,monotonous,1,18.685336868619927,3.096141006809988,62.45685611455026,7.367917785449734,7.367917785449734,0.009936651880589654,0.013295945243031232,195.14704356988057,18.838221501310308
ci,91,proportional,1,18.685336868619927,3.101482173854987,62.93936732566137,7.850428996560844,7.850428996560844,0.009779536883516342,0.021371828905067322,211.5006691893076,18.838221501310308
ci,91,full_power,2,18.685336868619927,3.5649619441848044,69.46668676931216,14.377748440211633,7.1888742201058164,0.009848330190013693,0.0099498007732603,209.18191336336326,18.838221501310308
ci,91,mixed,2,18.685336868619927,3.5775136867405526,70.75470640264551,15.665768073544982,7.832884036772491,0.009828681311327083,0.039880545858433945,349.29276280466894,18.838221501310308
ci,91,monotonous,2,18.685336868619927,3.5696354653491786,69.86099148042328,14.772053151322751,7.386026575661376,0.009845487982595559,0.035138231960987296,327.3191360737791,18.838221501310308
ci,91,proportional,2,18.685336868619927,3.56269194819068,69.28372595820106,14.194787629100531,7.097393814550266,0.00997153376536194,0.14731136459954197,855.715229829523,18.838221501310308
ci,91,full_power,3,18.685336868619927,4.066096942181867,78.26329782301588,23.174359493915347,7.724786497971782,0.00990087600053237,0.009942283691366911,233.33824662862443,18.838221501310308
ci,91,mixed,3,18.685336868619927,4.071171050874616,78.84798362301586,23.759045293915335,7.919681764638445,0.00968247588298738,0.03153156804067229,381.6800279395434,18.838221501310308
ci,91,monotonous,3,18.685336868619927,4.070503404993991,78.77700852301588,23.68807019391535,7.896023397971784,0.00999031935767216,0.009982390976534814,235.09633709444265,18.838221501310308
ci,91,proportional,3,18.685336868619927,3.976098277473628,73.97763712645502,18.888698797354493,6.296232932451498,0.009952362941569091,0.25857679783469767,1984.0774916964922,18.838221501310308
ci,91,full_power,4,18.685336868619927,4.548804913873681,86.11763382222222,31.02869549312169,7.757173873280422,0.009992721447913131,0.009992247886932117,258.64715806153765,18.838221501310308
ci,91,mixed,4,18.685336868619927,4.528374949926559,83.60742429999999,28.518485970899462,7.129621492724866,0.009938408437449848,0.10824144813269686,1179.7214884951497,18.838221501310308
ci,91,monotonous,4,18.685336868619927,4.550540793163306,86.36114732222221,31.27220899312168,7.81805224828042,0.009956605139262885,0.022226581525438712,372.85822583255447,18.838221501310308
ci,91,proportional,4,18.685336868619927,4.044598744825745,76.35575321190476,21.266814882804226,5.316703720701057,0.009797682077443783,0.37354820747596523,3667.0381332322804,18.838221501310308
ci,93,fb_only,0,12.327699341765873,4.997597055114353,60.85251035674603,0.0,,0.009986509081213617,,164.77739984002469,12.435455165769586
ci,93,full_power,1,12.327699341765873,5.057278707522411,68.61879951349206,7.7662891567460335,7.7662891567460335,0.009890621747053126,0.00994668582579019,186.53018377368036,12.435455165769586
ci,93,mixed,1,12.327699341765873,5.983929240942091,69.57607399126985,8.72356363452382,8.72356363452382,0.009798851563332258,0.010001551120525776,185.14468972373575,12.435455165769586
ci,93,monotonous,1,12.327699341765873,5.983554313371281,69.46599018015873,8.613479823412696,8.613479823412696,0.009808646274365368,0.009996835086241438,185.295238639351,12.435455165769586
ci,93,proportional,1,12.327699341765873,5.987184293943216,70.2774921357143,9.424981778968267,9.424981778968267,0.009998669362274261,0.009939808362492444,188.2968348959326,12.435455165769586
ci,93,full_power,2,12.327699341765873,6.046559187429701,78.34436115039684,17.491850793650805,8.745925396825402,0.00997617075314001,0.00996878370036202,211.38035054890875,12.435455165769586
ci,93,mixed,2,12.327699341765873,6.052404649101878,79.47391677817461,18.62140642142858,9.31070321071429,0.009980893939176762,0.00999768605157727,211.5938929504171,12.435455165769586
ci,93,monotonous,2,12.327699341765873,6.0502573366508745,78.98786988373017,18.13535952698414,9.06767976349207,0.009923672794792882,0.009999757147769676,210.65946165141787,12.435455165769586
ci,93,proportional,2,12.327699341765873,6.053410136678142,79.81016214484127,18.95765178809524,9.47882589404762,0.009908211957931571,0.009996563280170581,210.3893722164313,12.435455165769586
ci,93,full_power,3,12.327699341765873,7.000426054057739,86.40466031111112,25.552149954365085,8.517383318121695,0.009921754250375336,0.009933438603198971,233.6204860205074,12.435455165769586
ci,93,mixed,3,12.327699341765873,7.010855857391186,87.80222777777776,26.94971742103173,8.98323914034391,0.009881551188609831,0.010000280322372424,233.42756752091935,12.435455165769586
ci,93,monotonous,3,12.327699341765873,7.0084869968301575,87.00800003333335,26.155489676587315,8.718496558862439,0.009978302452143295,0.00999768006017305,235.0056627238623,12.435455165769586
ci,93,proportional,3,12.327699341765873,7.014860765533931,88.69934885555556,27.846838498809525,9.282279499603176,0.009883030872239205,0.019688201962173326,301.6355748017228,12.435455165769586
ci,93,full_power,4,12.327699341765873,7.989212311258052,95.56907780317461,34.71656744642858,8.679141861607144,0.009947718633743574,0.009959834038177457,257.60044007102624,12.435455165769586
ci,93,mixed,4,12.327699341765873,7.9916152561436995,96.26898517460317,35.41647481785714,8.854118704464286,0.009949390067269187,0.009994792206603256,257.95606617670654,12.435455165769586
ci,93,monotonous,4,12.327699341765873,7.989382732881148,95.7072913031746,34.85478094642857,8.713695236607142,0.009965593294620885,0.009997647243254852,258.25021109194813,12.435455165769586
ci,93,proportional,4,12.327699341765873,7.9898087869388865,95.91088160317462,35.058371246428585,8.764592811607146,0.009667985438077011,0.05099810813936337,638.0880065080565,12.435455165769586
ci,96,fb_only,0,10.018082093968253,6.015676028739386,60.2306323936508,0.0,,0.009924889637900298,,163.7606790253549,10.160374530016128
ci,96,full_power,1,10.018082093968253,6.846505551926845,67.55991536507936,7.329282971428562,7.329282971428562,0.009904456544796094,0.009935451104279593,186.7321012797755,10.160374530016128
ci,96,mixed,1,10.018082093968253,6.923579359895493,69.12082553174602,8.89019313809522,8.89019313809522,0.0097098639443235,0.010001530193943916,183.67634491633018,10.160374530016128
ci,96,monotonous,1,10.018082093968253,6.895166557805356,68.55531416507935,8.324681771428551,8.324681771428551,0.009649730952015502,0.009994093238343058,182.66670344540861,10.160374530016128
ci,96,proportional,1,10.018082093968253,6.937622468974526,69.3655706984127,9.134938304761896,9.134938304761896,0.009804320918384263,0.009953878715587589,185.12309462010882,10.160374530016128
ci,96,full_power,2,10.018082093968253,7.80143696930111,76.59091645,16.360284056349194,8.180142028174597,0.009843423029805788,0.009978570130580117,209.2359310444774,10.160374530016128
ci,96,mixed,2,10.018082093968253,7.859895493141737,77.89478558333333,17.66415318968253,8.832076594841265,0.009863559325252453,0.009994548791838472,209.64315179797157,10.160374530016128
ci,96,monotonous,2,10.018082093968253,7.84356629653821,77.51907343888888,17.28844104523808,8.64422052261904,0.009966398389324158,0.009995671850256514,211.34526574525216,10.160374530016128
ci,96,proportional,2,10.018082093968253,7.887655127367734,78.45823329444445,18.227600900793654,9.113800450396827,0.009690058166422292,0.010975240629225379,211.3817887782933,10.160374530016128
ci,96,full_power,3,10.018082093968253,8.40300457217505,85.27866261904761,25.048030225396808,8.349343408465602,0.00996886033985169,0.009940706023817612,234.44888460318123,10.160374530016128
ci,96,mixed,3,10.018082093968253,8.8259307642064,87.04812057936509,26.81748818571429,8.93916272857143,0.009814824373197395,0.009994738220200663,232.28756975152925,10.160374530016128
ci,96,monotonous,3,10.018082093968253,8.647615937295885,85.98876666825397,25.758134274603172,8.586044758201057,0.009965841876588458,0.009996724192802826,234.79333583265583,10.160374530016128
ci,96,proportional,3,10.018082093968253,8.834748530372305,87.3024385904762,27.0718061968254,9.0239353989418,0.00997169942343671,0.015889329807224073,276.36214366994875,10.160374530016128
ci,96,full_power,4,10.018082093968253,9.29000653167864,93.68520803730159,33.45457564365079,8.363643910912698,0.009664759039131297,0.009999096237160787,253.30004323518324,10.160374530016128
ci,96,mixed,4,10.018082093968253,9.431090790333116,95.5068609595238,35.276228565873005,8.819057141468251,0.00996615560759183,0.009995593262888198,258.24021470420803,10.160374530016128
ci,96,monotonous,4,10.018082093968253,9.318092749836708,94.22721130396825,33.996578910317446,8.499144727579361,0.009988689426131852,0.009998240431215319,258.6368637377001,10.160374530016128
ci,96,proportional,4,10.018082093968253,9.285434356629654,93.53565329285715,33.30502089920635,8.326255224801587,0.009856625307638303,0.07273044246369556,845.1367896553511,10.160374530016128
ci,98,fb_only,0,19.057033125595236,2.9233861432962875,55.45963889126985,0.0,,0.009667944195785101,,159.52107923045418,19.190870659547823
ci,98,full_power,1,19.057033125595236,3.2213289193662806,61.701380012698415,6.241741121428568,6.241741121428568,0.009917142188875242,0.009797698416011299,186.618246600404,19.190870659547823
ci,98,mixed,1,19.057033125595236,3.2525419720974225,63.393079934920635,7.933441043650788,7.933441043650788,0.00991950816450484,0.014545134935756796,197.7947712736153,19.190870659547823
ci,98,monotonous,1,19.057033125595236,3.2329155828801137,62.613941946031744,7.154303054761897,7.154303054761897,0.009938356539927225,0.015684984095542615,200.77985559694218,19.190870659547823
ci,98,proportional,1,19.057033125595236,3.2589264601560655,63.63497641269841,8.17533752142856,8.17533752142856,0.009981388778769433,0.03069946380514222,236.7138569365593,19.190870659547823
ci,98,full_power,2,19.057033125595236,3.5951761645779143,69.73951944365079,14.279880552380945,7.1399402761904724,0.009830277946940783,0.009929154676387048,208.78717986613094,19.190870659547823
ci,98,mixed,2,19.057033125595236,3.717900212816269,71.89494826587301,16.435309374603165,8.217654687301582,0.009995582880169815,0.009965950220793357,211.68735595876439,19.190870659547823
ci,98,monotonous,2,19.057033125595236,3.6353747930952944,70.79147322142857,15.331834330158728,7.665917165079364,0.009935509383942406,0.010913866710818742,215.14376744221124,19.190870659547823
ci,98,proportional,2,19.057033125595236,3.5883187514778907,69.21020646587303,13.750567574603181,6.875283787301591,0.009799285501775338,0.17693919934265992,991.8869340950534,19.190870659547823
ci,98,full_power,3,19.057033125595236,4.19626389217309,78.73487971111112,23.275240819841272,7.7584136066137575,0.009662406268964701,0.009960605761293565,229.53244678590167,19.190870659547823
ci,98,mixed,3,19.057033125595236,4.201466067628281,79.18014785555555,23.7205089642857,7.906836321428567,0.009965849033567129,0.03667941645189436,422.5862420422902,19.190870659547823
ci,98,monotonous,3,19.057033125595236,4.202411917711043,79.26314195555557,23.80350306428572,7.934501021428574,0.00998119051432404,0.009988686455005237,234.99001875667352,19.190870659547823
ci,98,proportional,3,19.057033125595236,3.791912981792386,73.5502073531746,18.090568461904752,6.030189487301584,0.009985354595225489,0.29760872061977256,2259.32852654318,19.190870659547823
ci,98,full_power,4,19.057033125595236,4.575313312839915,87.27312754206349,31.813488650793644,7.953372162698411,0.009878979049562149,0.009951961579037126,256.39236177545985,19.190870659547823
ci,98,mixed,4,19.057033125595236,4.564672499408844,86.49836777539682,31.038728884126968,7.759682221031742,0.009867039685457267,0.07062742275045325,825.5738899002981,19.190870659547823
ci,98,monotonous,4,19.057033125595236,4.577441475526129,87.42226355317459,31.96262466190474,7.990656165476185,0.009855886679319978,0.015151954497119995,304.8080712097537,19.190870659547823
ci,98,proportional,4,19.057033125595236,4.025774414755261,76.36853562698411,20.908896735714265,5.227224183928566,0.009950758915582674,0.3923335041283032,3845.8451248471115,19.190870659547823
ci,100,fb_only,0,19.221288618461195,2.1910180365573173,56.976550433862435,0.0,,0.009985400511270481,,164.75910843596293,19.449331097908157
ci,100,full_power,1,19.221288618461195,3.0318968647863453,63.95322035343916,6.976669919576722,6.976669919576722,0.009870443942634729,0.00984431644146634,185.95709142515307,19.449331097908157
ci,100,mixed,1,19.221288618461195,3.033349473429367,64.69032762010582,7.713777186243384,7.713777186243384,0.009780873753972717,0.016432038510230104,199.93397928554964,19.449331097908157
ci,100,monotonous,1,19.221288618461195,3.0329257959084854,64.45524159788361,7.478691164021178,7.478691164021178,0.009910300833668484,0.011856940676704624,191.33634658307903,19.449331097908157
ci,100,proportional,1,19.221288618461195,3.0336218375499335,64.8438617867725,7.867311352910058,7.867311352910058,0.00970294022495309,0.024985603615737876,218.71473979424704,19.449331097908157
ci,100,full_power,2,19.221288618461195,3.1187810192470646,71.83779203994709,14.861241606084654,7.430620803042327,0.009976861856168296,0.009904737921357133,211.09125095378457,19.449331097908157
ci,100,mixed,2,19.221288618461195,3.1283742888270187,73.83836996216932,16.86181952830689,8.430909764153444,0.009984138755761532,0.009984601247499244,211.58603852333172,19.449331097908157
ci,100,monotonous,2,19.221288618461195,3.1210507202517856,72.92728891772487,15.95073848386243,7.975369241931215,0.009813521408525995,0.0187494292527668,249.8954252946607,19.449331097908157
ci,100,proportional,2,19.221288618461195,3.1203546786103376,72.62103642883598,15.644485994973543,7.8222429974867715,0.009682936370316045,0.09740045237566344,616.7713726568276,19.449331097908157
ci,100,full_power,3,19.221288618461195,4.027660089577533,81.1620164484127,24.185466014550265,8.061822004850088,0.00982228143968004,0.00998625251824759,232.35088897814717,19.449331097908157
ci,100,mixed,3,19.221288618461195,4.0304442561433245,82.48928177063493,25.512731336772497,8.504243778924165,0.009787254281393692,0.013748394899739513,258.2508989473626,19.449331097908157
ci,100,monotonous,3,19.221288618461195,4.029233748940806,81.93660940396826,24.960058970105827,8.320019656701943,0.009875554322333276,0.009994707215303721,233.28939569980665,19.449331097908157
ci,100,proportional,3,19.221288618461195,4.02054835976274,78.46865948174603,21.492109047883595,7.164036349294531,0.009854169300059773,0.19447406421674077,1531.3022574084075,19.449331097908157
ci,100,full_power,4,19.221288618461195,4.113727151676552,88.73984484603174,31.76329441216931,7.940823603042327,0.009678919514687726,0.009951280971043419,253.0849926246189,19.449331097908157
ci,100,mixed,4,19.221288618461195,4.112607432514223,88.18996419047619,31.213413756613754,7.8033534391534385,0.009885592081285876,0.0678799492925193,800.097713502218,19.449331097908157
ci,100,monotonous,4,19.221288618461195,4.115210022999637,89.41950106825398,32.44295063439154,8.110737658597886,0.009830141890776831,0.013495663440219746,288.8406469208398,19.449331097908157
ci,100,proportional,4,19.221288618461195,4.025693015373442,80.16683890396826,23.19028847010582,5.797572117526455,0.009898561923136885,0.3451431837814351,3402.1499083367453,19.449331097908157
ci,101,fb_only,0,30.369324054871026,1.931488908897438,55.24042025925925,0.0,,0.009808543655020138,,161.8409703078323,30.645204945036813
ci,101,full_power,1,30.369324054871026,2.0042563640828353,60.93207083247355,5.691650573214297,5.691650573214297,0.009891457811785813,0.00982710846389834,186.26345035077142,30.645204945036813
ci,101,mixed,1,30.369324054871026,2.0502578374396334,63.05367455469576,7.813254295436508,7.813254295436508,0.00979025682142309,0.009971227902259966,184.93173821218286,30.645204945036813
ci,101,monotonous,1,30.369324054871026,2.044282557092576,62.68969382136244,7.449273562103187,7.449273562103187,0.009928776942908788,0.009995076151013695,187.27326820827312,30.645204945036813
ci,101,proportional,1,30.369324054871026,2.057051649341082,63.53288954358466,8.292469284325406,8.292469284325406,0.00989573680981533,0.009937211837445097,186.59235633259914,30.645204945036813
ci,101,full_power,2,30.369324054871026,2.625603667021364,70.67479110390212,15.43437084464287,7.717185422321435,0.009927949253716359,0.00996939466160448,210.58756243856817,30.645204945036813
ci,101,mixed,2,30.369324054871026,2.632151919456495,71.99120899279102,16.750788733531763,8.375394366765882,0.009691193220180708,0.009983056976662921,206.74519146748412,30.645204945036813
ci,101,monotonous,2,30.369324054871026,2.6284685274617337,71.20456933723544,15.964149077976188,7.982074538988094,0.009677431407226909,0.009995156381079746,206.57489195927013,30.645204945036813
ci,101,proportional,2,30.369324054871026,2.6278137022182206,71.07143123723544,15.831010977976192,7.915505488988096,0.00999126740914351,0.08134741730465242,546.5379942442971,30.645204945036813
ci,101,full_power,3,30.369324054871026,2.7994597691741014,78.11083406104497,22.870413801785716,7.623471267261905,0.009983897100138367,0.009940555182026764,234.6959295233874,30.645204945036813
ci,101,mixed,3,30.369324054871026,2.815093721862978,79.84420498326719,24.603784724007937,8.201261574669312,0.009978456350715694,0.021926187880703607,318.96104009120097,30.645204945036813
ci,101,monotonous,3,30.369324054871026,2.809364000982238,79.13988261660053,23.899462357341278,7.966487452447093,0.00991073756982878,0.009986151895490288,233.80970694263553,30.645204945036813
ci,101,proportional,3,30.369324054871026,2.7581239256773347,74.25113443723545,19.010714177976197,6.336904725992066,0.00982144221367169,0.24148805552861496,1861.6467313359751,30.645204945036813
ci,101,full_power,4,30.369324054871026,2.942948350658918,87.04769687850529,31.80727661924604,7.95181915481151,0.009736794164708521,0.009998183156372617,254.48005445709123,30.645204945036813
ci,101,mixed,4,30.369324054871026,2.9427846443480394,87.00788101183862,31.767460752579368,7.941865188144842,0.00984359109240293,0.052001919524265285,650.4052658403538,30.645204945036813
ci,101,monotonous,4,30.369324054871026,2.9449946795448962,87.51271463406084,32.27229437480159,8.068073593700397,0.009919941942258143,0.01255033356327758,281.45137220505615,30.645204945036813
ci,101,proportional,4,30.369324054871026,2.776295326184824,76.3175698832672,21.077149624007944,5.269287406001986,0.009969387678227132,0.3727481280985859,3662.3633307678774,30.645204945036813
ci,106,fb_only,0,20.143961256124342,2.5042839657282743,53.72368841746031,0.0,,0.009944228431244562,,164.07976911553527,20.28591628875878
ci,106,full_power,1,20.143961256124342,3.0668298653610773,62.33917783253968,8.615489415079374,8.615489415079374,0.009807234847888641,0.009965851610670637,185.1992628687959,20.28591628875878
ci,106,mixed,1,20.143961256124342,3.0886168910648717,63.73032303253968,10.00663461507937,10.00663461507937,0.00995461864041499,0.00997090798674944,187.64295770376154,20.28591628875878
ci,106,monotonous,1,20.143961256124342,3.0834761321909423,63.32099589920635,9.597307481746043,9.597307481746043,0.009805974900511856,0.009995575032405139,185.24820488446807,20.28591628875878
ci,106,proportional,1,20.143961256124342,3.0893512851897187,63.787485121428574,10.063796703968265,10.063796703968265,0.009813072493231831,0.02735656114061796,226.09418857421497,20.28591628875878
ci,106,full_power,2,20.143961256124342,3.40734394124847,69.02013887460318,15.296450457142868,7.648225228571434,0.009979313299496282,0.009971531719886082,211.44509627139416,20.28591628875878
ci,106,mixed,2,20.143961256124342,3.437698898408813,70.1663358968254,16.442647479365093,8.221323739682546,0.009661802626749183,0.042452730255592645,358.6079537006022,20.28591628875878
ci,106,monotonous,2,20.143961256124342,3.1515299877600977,68.78138973253968,15.05770131507937,7.528850657539685,0.009922584757323468,0.050787648595792496,402.0182957072956,20.28591628875878
ci,106,proportional,2,20.143961256124342,3.135128518971848,67.48915841031747,13.765469992857163,6.8827349964285816,0.009988765752765286,0.22137368207470876,1203.4999512151608,20.28591628875878
ci,106,full_power,3,20.143961256124342,3.69718482252142,78.4976060857143,24.773917668253986,8.257972556084662,0.009955079256241499,0.009979272340118939,234.49292645774182,20.28591628875878
ci,106,mixed,3,20.143961256124342,3.5488372093023255,76.59751198571429,22.873823568253982,7.624607856084661,0.009724196043873867,0.13188975780399242,1088.6893501484176,20.28591628875878
ci,106,monotonous,3,20.143961256124342,3.9253365973072216,79.64891081746032,25.92522240000001,8.641740800000003,0.009762640827545677,0.00998158296205201,231.33395454142573,20.28591628875878
ci,106,proportional,3,20.143961256124342,3.4335373317013462,69.93040030793652,16.206711890476214,5.402237296825405,0.009937115724009843,0.3860870797290607,2881.2432765792914,20.28591628875878
ci,106,full_power,4,20.143961256124342,4.11921664626683,86.38773140079365,32.664042983333346,8.166010745833336,0.009936803850952027,0.009957267869091067,257.396265224259,20.28591628875878
ci,106,mixed,4,20.143961256124342,4.096940024479804,84.5345078563492,30.810819438888885,7.702704859722221,0.009903813012049949,0.1048365577449038,1147.1991725770015,20.28591628875878
ci,106,monotonous,4,20.143961256124342,4.117992656058751,86.28373653412699,32.56004811666668,8.14001202916667,0.009886711021374232,0.02273740097790995,376.49850262938173,20.28591628875878
ci,106,proportional,4,20.143961256124342,3.481517747858017,72.44571929682542,18.722030879365107,4.680507719841277,0.00986404486221335,0.492886532114608,4788.003957590002,20.28591628875878
ci,107,fb_only,0,53.481084791832004,1.0101895293801542,54.64349103650794,0.0,,0.009831025171888432,,162.21191533615914,53.9272836091099
ci,107,full_power,1,53.481084791832004,1.0212264638406052,60.530638353174595,5.887147316666656,5.887147316666656,0.009646108457444888,0.009829273316716453,182.22026474885746,53.9272836091099
ci,107,mixed,1,53.481084791832004,1.0229832792509765,61.90777743095238,7.26428639444444,7.26428639444444,0.00981903172134986,0.06350495603331635,310.9966502564329,53.9272836091099
ci,107,monotonous,1,53.481084791832004,1.022239216253643,61.28434097539683,6.640849938888891,6.640849938888891,0.009665628164552704,0.08604357051266835,361.3410811378395,53.9272836091099
ci,107,proportional,1,53.481084791832004,1.0234173159994213,62.253680808730145,7.610189772222206,7.610189772222206,0.009836371863121703,0.048005556458495434,274.9211711931384,53.9272836091099
ci,107,full_power,2,53.481084791832004,1.0353429923733544,68.30982514206349,13.66633410555555,6.833167052777775,0.009963406244084231,0.00990685032643315,210.87914475901414,53.9272836091099
ci,107,mixed,2,53.481084791832004,1.0299898724758696,66.90940369761906,12.265912661111116,6.132956330555558,0.009903378089305493,0.19128077161833384,1060.895118906763,53.9272836091099
ci,107,monotonous,2,53.481084791832004,1.0297005146435732,66.65987028650794,12.01637925,6.008189625,0.009898060948987852,0.18723765313328802,1041.837074159687,53.9272836091099
ci,107,proportional,2,53.481084791832004,1.0292664778951284,66.29083786428572,11.647346827777781,5.823673413888891,0.009794284173933165,0.26091986594580624,1385.84169988762,53.9272836091099
ci,107,full_power,3,53.481084791832004,1.9407023127958167,75.20568847539684,20.5621974388889,6.8540658129629675,0.009878017648587934,0.10098995702003324,873.754608708695,53.9272836091099
ci,107,mixed,3,53.481084791832004,1.934832482483517,70.98558369761903,16.342092661111096,5.447364220370365,0.009855268597396534,0.30085355397724867,2280.019244748919,53.9272836091099
ci,107,monotonous,3,53.481084791832004,1.9369406609759627,72.5275331642857,17.88404212777776,5.961347375925921,0.009995379339729639,0.23112271247123645,1791.5654094781012,53.9272836091099
ci,107,proportional,3,53.481084791832004,1.030237893474981,67.12637044206349,12.48287940555555,4.16095980185185,0.009789843738759612,0.46011644376765776,3399.8319529263094,53.9272836091099
ci,107,full_power,4,53.481084791832004,1.9407023127958167,75.20568847539684,20.5621974388889,5.140549359722225,0.009878017648587934,0.33433727433327737,3300.4082735451757,53.9272836091099
ci,107,mixed,4,53.481084791832004,1.9371473451418886,72.67085200873017,18.027360972222226,4.5068402430555565,0.009966747740354137,0.4322015105298504,4220.2303125279595,53.9272836091099
ci,107,monotonous,4,53.481084791832004,1.9395242130500383,74.35303477539682,19.709543738888883,4.927385934722221,0.00985937654180977,0.35975893473787196,3538.6575565200515,53.9272836091099
ci,107,proportional,4,53.481084791832004,1.034102887377798,68.11748951984127,13.473998483333332,3.368499620833333,0.009869027987551127,0.577218344563007,5579.455907173851,53.9272836091099
ci,108,fb_only,0,16.053937692817456,3.649319131724417,58.13773249365079,0.0,,0.009920957271879053,,163.6957949860044,16.38482264467303
ci,108,full_power,1,16.053937692817456,4.100444923823648,66.10215799761905,7.964425503968258,7.964425503968258,0.00988894235092742,0.009957405815625632,186.52762283376018,16.38482264467303
ci,108,mixed,1,16.053937692817456,4.129432385061346,67.64271997539682,9.504987481746028,9.504987481746028,0.009956916875394569,0.00999816790990234,187.7448303606413,16.38482264467303
ci,108,monotonous,1,16.053937692817456,4.117298098961845,67.14390627539682,9.006173781746028,9.006173781746028,0.009944166627769794,0.009993359805796704,187.52317146260066,16.38482264467303
ci,108,proportional,1,16.053937692817456,4.261561278144803,68.61269788095238,10.474965387301594,10.474965387301594,0.009951264157404612,0.0099987324712463,187.6528849747199,16.38482264467303
ci,108,full_power,2,16.053937692817456,4.6537683699609005,74.40121465396825,16.263482160317466,8.131741080158733,0.009835243136882173,0.009967238827057268,209.04779633510853,16.38482264467303
ci,108,mixed,2,16.053937692817456,4.897397869758662,76.8627421515873,18.72500965793651,9.362504828968255,0.009921001938379876,0.0099972060099007,210.60342258172204,16.38482264467303
ci,108,monotonous,2,16.053937692817456,4.685047863017393,75.30322306507937,17.165490571428577,8.582745285714289,0.009909937252043916,0.009998506159272016,210.4269555580289,16.38482264467303
ci,108,proportional,2,16.053937692817456,4.71888903869489,76.14315267857143,18.005420184920638,9.002710092460319,0.009983726706649598,0.03379837457403897,323.3134641611092,16.38482264467303
ci,108,full_power,3,16.053937692817456,5.138600512336525,83.97389848015874,25.83616598650795,8.612055328835984,0.009963393371738957,0.009987403693437386,234.68733782810511,16.38482264467303
ci,108,mixed,3,16.053937692817456,5.510448968585681,85.56600683968256,27.42827434603177,9.142758115343923,0.009772787899627742,0.009992808947065137,231.5803897133022,16.38482264467303
ci,108,monotonous,3,16.053937692817456,5.263448833760281,84.69834164126985,26.56060914761906,8.853536382539687,0.0099011082287411,0.009996863913254916,233.72621399571622,16.38482264467303
ci,108,proportional,3,16.053937692817456,5.139004988539841,83.98208838015873,25.84435588650794,8.614785295502648,0.009972831031443795,0.08335958070511444,751.2364410214182,16.38482264467303
ci,108,full_power,4,16.053937692817456,5.896723742753134,92.89419034523809,34.7564578515873,8.689114462896825,0.009899958466538525,0.009952165964751401,256.7404401111128,16.38482264467303
ci,108,mixed,4,16.053937692817456,5.943508156936767,94.24435286190477,36.106620368253985,9.026655092063496,0.00980550126942767,0.009996250559723517,255.59558619800208,16.38482264467303
ci,108,monotonous,4,16.053937692817456,5.909262505055953,93.31838210079366,35.18064960714287,8.795162401785717,0.009734569470346554,0.009998669898168056,254.44791458512717,16.38482264467303
ci,108,proportional,4,16.053937692817456,5.62612916273426,88.6540352920635,30.51630279841271,7.629075699603177,0.009925722044045484,0.17234267521312524,1781.0380779267177,16.38482264467303
ci,110,fb_only,0,50.89952632472994,1.0039877547732217,52.9532045375,0.0,,0.00993586958208787,,163.94184810444983,51.28957716086907
ci,110,full_power,1,50.89952632472994,1.0091033593812937,57.80443060416667,4.851226066666669,4.851226066666669,0.00982955693554555,0.00982778102074163,185.24366371116145,51.28957716086907
ci,110,mixed,1,50.89952632472994,1.0452348344477564,60.38582267003968,7.43261813253968,7.43261813253968,0.00986563434196366,0.026947118902061154,226.00090758663586,51.28957716086907
ci,110,monotonous,1,50.89952632472994,1.0420929670506727,58.86316581448412,5.90996127698412,5.90996127698412,0.00989657488427951,0.06992533557794965,327.3383228564818,51.28957716086907
ci,110,proportional,1,50.89952632472994,1.0453758156771127,60.46421984781745,7.511015310317454,7.511015310317454,0.009704238006851017,0.02956389163791264,229.47681689558482,51.28957716086907
ci,110,full_power,2,50.89952632472994,1.1582212196890358,67.93689005892857,14.98368552142857,7.491842760714285,0.00995106337941722,0.009938876503373403,210.82575431421213,51.28957716086907
ci,110,mixed,2,50.89952632472994,1.1589261258358172,68.6288559922619,15.675651454761905,7.837825727380952,0.009823299045185533,0.04449058564000414,370.8342620684607,51.28957716086907
ci,110,monotonous,2,50.89952632472994,1.158845565133328,68.54502745892857,15.591822921428573,7.7959114607142865,0.009888048951302388,0.0135875457063887,226.90557215086517,51.28957716086907
ci,110,proportional,2,50.89952632472994,1.1576774349472327,67.48654513670635,14.533340599206355,7.266670299603177,0.009807826682940834,0.15760047130645102,901.2905516383919,51.28957716086907
ci,110,full_power,3,50.89952632472994,1.8895714170627569,76.68024537480159,23.727040837301587,7.909013612433863,0.009784102034252406,0.009926039088354228,231.29714666900173,51.28957716086907
ci,110,mixed,3,50.89952632472994,1.8815556271650689,72.66619081924603,19.712986281746026,6.5709954272486755,0.009684560207203385,0.18072800935346187,1431.7589732485205,51.28957716086907
ci,110,monotonous,3,50.89952632472994,1.8833481027954564,74.23141220813491,21.278207670634913,7.092735890211638,0.00975101277028665,0.09256744683839722,812.3814015583694,51.28957716086907
ci,110,proportional,3,50.89952632472994,1.1589865463626843,68.69237085892857,15.73916632142857,5.246388773809524,0.009937406072460141,0.37730584873813716,2819.4457636146017,51.28957716086907
ci,110,full_power,4,50.89952632472994,1.9339402239587529,84.97882940257938,32.02562486507938,8.006406216269845,0.009973626607556409,0.01567764065103223,311.6838188939672,51.28957716086907
ci,110,mixed,4,50.89952632472994,1.887577539676146,75.94480470813492,22.991600170634925,5.747900042658731,0.009667072913413002,0.30071515512669367,2981.417718780208,51.28957716086907
ci,110,monotonous,4,50.89952632472994,1.9289253202287924,82.72275986924603,29.769555331746034,7.442388832936508,0.009896185660114975,0.09638083455400735,1067.7248148467022,51.28957716086907
ci,110,proportional,4,50.89952632472994,1.1672238781922177,69.86184756051587,16.90864302301587,4.227160755753967,0.009999521438638161,0.5072522841749487,4925.0475384352485,51.28957716086907
ci,115,fb_only,0,10.094317395066136,5.365817091454272,56.98467975238095,0.0,,0.00987768438596497,,162.981792368422,10.179133033411308
ci,115,full_power,1,10.094317395066136,6.156421789105448,63.769564247619044,6.784884495238096,6.784884495238096,0.009955496528093272,0.009890667082301123,187.4691976886174,10.179133033411308
ci,115,mixed,1,10.094317395066136,6.308845577211394,65.69161828809523,8.70693853571428,8.70693853571428,0.009957712703052402,0.011896741793620972,192.21201584819943,10.179133033411308
ci,115,monotonous,1,10.094317395066136,6.295352323838081,65.34975851031746,8.365078757936509,8.365078757936509,0.009680706710144161,0.00994533230400967,183.06341030258537,10.179133033411308
ci,115,proportional,1,10.094317395066136,6.330334832583708,66.25405261031746,9.26937285793651,9.26937285793651,0.009971149832375454,0.013056626856617631,195.15481883981994,10.179133033411308
ci,115,full_power,2,10.094317395066136,7.128435782108945,73.07018123888888,16.08550148650793,8.042750743253965,0.009780437556810536,0.009982636515848306,208.2157502197341,10.179133033411308
ci,115,mixed,2,10.094317395066136,7.177911044477761,74.43442143888888,17.449741686507927,8.724870843253964,0.009799013574316513,0.015129606015575437,232.67183540130242,10.179133033411308
ci,115,monotonous,2,10.094317395066136,7.15192403798101,73.73638426111111,16.751704508730164,8.375852254365082,0.009801570555151644,0.00997706987296372,208.5383260039479,10.179133033411308
ci,115,proportional,2,10.094317395066136,7.145927036481759,73.56414358333333,16.579463830952385,8.289731915476192,0.009807964423526636,0.08293768510784805,550.9750315142126,10.179133033411308
ci,115,full_power,3,10.094317395066136,8.070464767616192,81.81539338571429,24.83071363333334,8.276904544444447,0.00979604120725089,0.009970395577338328,231.80632399294683,10.179133033411308
ci,115,mixed,3,10.094317395066136,8.121939030484757,82.98178485238095,25.997105100000006,8.665701700000001,0.009993727053911257,0.017745429054462858,289.78882607484536,10.179133033411308
ci,115,monotonous,3,10.094317395066136,8.085957021489255,82.2274640079365,25.242784255555556,8.41426141851852,0.009862719939909177,0.009989104178985849,233.03819422020382,10.179133033411308
ci,115,proportional,3,10.094317395066136,7.373813093453274,77.36307742380951,20.378397671428566,6.792799223809522,0.009933238495976389,0.24120532796363695,1861.5015333916874,10.179133033411308
ci,115,full_power,4,10.094317395066136,8.801099450274863,90.08593542142857,33.101255669047625,8.275313917261906,0.009672976127550572,0.009977332425129836,253.23139358200282,10.179133033411308
ci,115,mixed,4,10.094317395066136,8.436281859070466,88.57281658174604,31.58813682936509,7.897034207341273,0.009921090854523168,0.08977735398520627,1006.1686888968079,10.179133033411308
ci,115,monotonous,4,10.094317395066136,8.957021489255371,90.72461188809524,33.73993213571429,8.434983033928573,0.009963573404247158,0.009978972538386088,258.04163947029315,10.179133033411308
ci,115,proportional,4,10.094317395066136,7.59720139930035,79.49644869047619,22.511768938095237,5.627942234523809,0.00990318910663356,0.37181809472393085,3652.543621148821,10.179133033411308
ci,116,fb_only,0,17.687388511375662,3.2703252032520327,57.765149006084656,0.0,,0.00989462591360703,,163.26132757451597,17.819007701514135
ci,116,full_power,1,17.687388511375662,3.601219512195122,65.01280846719577,7.2476594611111125,7.2476594611111125,0.009704711172557926,0.009852282321991588,183.24118867459805,17.819007701514135
ci,116,mixed,1,17.687388511375662,3.6573170731707316,66.9337093005291,9.168560294444447,9.168560294444447,0.009894785887422783,0.01831194510082356,206.22379034900797,17.819007701514135
ci,116,monotonous,1,17.687388511375662,3.638211382113821,66.21029115608465,8.445142149999995,8.445142149999995,0.009779850599830536,0.026484398144023893,223.49993294308388,17.819007701514135
ci,116,proportional,1,17.687388511375662,3.660569105691057,67.05761210052911,9.292463094444457,9.292463094444457,0.009913151603640813,0.017572586008787614,204.79228823668916,17.819007701514135
ci,116,full_power,2,17.687388511375662,4.2300813008130085,74.15631695449737,16.391167948412715,8.195583974206357,0.009858423722429831,0.009960722984693093,209.39970366427218,17.819007701514135
ci,116,mixed,2,17.687388511375662,4.272764227642276,75.53328948783069,17.76814048174603,8.884070240873015,0.009941578440016245,0.023192140797163856,272.8535688805609,17.819007701514135
ci,116,monotonous,2,17.687388511375662,4.259349593495935,75.07946347671958,17.314314470634926,8.657157235317463,0.009987481340179943,0.01720417045829652,245.5154099032963,17.819007701514135
ci,116,proportional,2,17.687388511375662,4.2491869918699186,74.75209038783069,16.986941381746036,8.493470690873018,0.009727320884330651,0.08321401647136324,550.9409598750921,17.819007701514135
ci,116,full_power,3,17.687388511375662,4.614634146341463,83.12264139338623,25.357492387301576,8.45249746243386,0.009862573868775922,0.009929192306813299,232.61412429015473,17.819007701514135
ci,116,mixed,3,17.687388511375662,4.516260162601626,80.66806950449735,22.902920498412698,7.634306832804232,0.009974210455477889,0.10814260202971727,925.6821056005354,17.819007701514135
ci,116,monotonous,3,17.687388511375662,4.610569105691057,82.99979242671957,25.23464342063491,8.411547806878303,0.009742419863240627,0.03518546463955483,408.38522787665727,17.819007701514135
ci,116,proportional,3,17.687388511375662,4.327642276422765,77.33818676560847,19.573037759523814,6.524345919841271,0.009927897017897048,0.266096104038003,2036.5946810147666,17.819007701514135
ci,116,full_power,4,17.687388511375662,5.23739837398374,92.07264493624339,34.30749593015874,8.576873982539684,0.009855998151143143,0.009961405023147461,256.10179423107763,17.819007701514135
ci,116,mixed,4,17.687388511375662,4.681707317073171,85.4100308489418,27.644881842857146,6.911220460714286,0.009797221929132969,0.2186722995654516,2213.675020952892,17.819007701514135
ci,116,monotonous,4,17.687388511375662,5.217073170731707,91.45414120291005,33.688992196825396,8.422248049206349,0.009741783049630427,0.036042299347782844,498.9603573984962,17.819007701514135
ci,116,proportional,4,17.687388511375662,4.382926829268293,78.22281581005291,20.45766680396825,5.114416700992063,0.009889332636975315,0.4101108110804124,4011.653839688683,17.819007701514135
ci,119,fb_only,0,10.992757835731922,5.964946274440726,65.23287675846562,0.0,,0.009859371078586157,,162.6796227966716,11.084908098521863
ci,119,full_power,1,10.992757835731922,6.796899771005813,73.21033506349207,7.977458305026445,7.977458305026445,0.009753863183386207,0.00992119584752493,184.2138679841659,11.084908098521863
ci,119,mixed,1,10.992757835731922,6.833362691562445,74.50657503650794,9.273698278042318,9.273698278042318,0.00994077751462437,0.009996375474798334,187.474325855179,11.084908098521863
ci,119,monotonous,1,10.992757835731922,6.8317773471904175,74.46244572539683,9.229568966931211,9.229568966931211,0.009924703419187931,0.009993099363400412,187.20141752313822,11.084908098521863
ci,119,proportional,1,10.992757835731922,6.853443720274793,74.79457710317462,9.561700344708996,9.561700344708996,0.009945045300778353,0.009993614325628165,187.53826667076652,11.084908098521863
ci,119,full_power,2,10.992757835731922,7.712348071164348,82.52899415502645,17.29611739656083,8.648058698280416,0.009997869920309951,0.009878361516773694,211.31412592181636,11.084908098521863
ci,119,mixed,2,10.992757835731922,7.79267218601374,84.05438287724868,18.821506118783063,9.410753059391531,0.009897368916884164,0.00999473622065095,210.20188947588298,11.084908098521863
ci,119,monotonous,2,10.992757835731922,7.778932534789502,83.82038365502645,18.587506896560825,9.293753448280412,0.009892582402866824,0.010000182636155203,210.1484665761428,11.084908098521863
ci,119,proportional,2,10.992757835731922,7.799189712876519,84.37792496613757,19.145048207671948,9.572524103835974,0.009977933800718526,0.009967891437371219,211.40525433600143,11.084908098521863
ci,119,full_power,3,10.992757835731922,8.257001937643121,91.82831364973545,26.595436891269827,8.865145630423276,0.009960820327447125,0.009988638884758837,234.65357587381027,11.084908098521863
ci,119,mixed,3,10.992757835731922,8.639950678175092,92.89571864656085,27.66284188809523,9.220947296031744,0.009956749190150601,0.009996966171818252,234.6450095547418,11.084908098521863
ci,119,monotonous,3,10.992757835731922,8.59168574951559,92.4805345132275,27.247657754761875,9.082552584920625,0.009917992963428643,0.009997536409580435,234.0095451471997,11.084908098521863
ci,119,proportional,3,10.992757835731922,8.720803241148493,93.64892205767195,28.41604529920633,9.472015099735444,0.009912936001276972,0.009994318762112243,233.903459468816,11.084908098521863
ci,119,full_power,4,10.992757835731922,9.173154835300334,101.07707111904763,35.84419436058201,8.961048590145502,0.009755937975259808,0.00997422217513842,254.57107748328576,11.084908098521863
ci,119,mixed,4,10.992757835731922,9.210498502730315,101.99167140793651,36.758794649470886,9.189698662367721,0.009985422257701734,0.009999450950547108,258.5943149720127,11.084908098521863
ci,119,monotonous,4,10.992757835731922,9.200105689624802,101.79057723015873,36.55770047169311,9.139425117923277,0.009975158274253269,0.010000003120251818,258.430140805622,11.084908098521863
ci,119,proportional,4,10.992757835731922,9.219305971463802,102.11678925238095,36.88391249391533,9.220978123478833,0.009975859403527182,0.023499771449541074,385.12353544069197,11.084908098521863
ci,120,fb_only,0,12.114175964246032,4.9779938587512795,60.37649805873016,0.0,,0.009911590213886367,,163.54123852912505,12.210073929541775
ci,120,full_power,1,12.114175964246032,5.774053224155578,67.78528631825395,7.408788259523796,7.408788259523796,0.009970696311058961,0.009958418587964538,187.87893913983766,12.210073929541775
ci,120,mixed,1,12.114175964246032,5.825742067553736,69.39309804047619,9.016599981746033,9.016599981746033,0.009832591340222307,0.009986748652718286,185.66666945294517,12.210073929541775
ci,120,monotonous,1,12.114175964246032,5.819089048106449,69.09382588492065,8.717327826190491,8.717327826190491,0.009858785759650646,0.009998392833670057,186.12619462202562,12.210073929541775
ci,120,proportional,1,12.114175964246032,5.8311156601842375,69.60874548492063,9.232247426190476,9.232247426190476,0.009733404945229049,0.009986107897026359,184.02859072270314,12.210073929541775
ci,120,full_power,2,12.114175964246032,6.193449334698055,76.71943266825397,16.342934609523816,8.171467304761908,0.009907040644187983,0.00993923776876972,210.10107424016925,12.210073929541775
ci,120,mixed,2,12.114175964246032,6.266120777891505,78.71874886825397,18.34225080952381,9.171125404761906,0.00998803424456658,0.009997031039484044,211.70863467260773,12.210073929541775
ci,120,monotonous,2,12.114175964246032,6.232855680655066,77.95234953492064,17.575851476190486,8.787925738095243,0.009743865617981894,0.009998707210906227,207.68771693027327,12.210073929541775
ci,120,proportional,2,12.114175964246032,6.741811668372569,79.15204846666666,18.7755504079365,9.38777520396825,0.009998831562604756,0.009958983616552775,211.7082719118441,12.210073929541775
ci,120,full_power,3,12.114175964246032,7.0573183213920165,85.64685166111111,25.270353602380958,8.423451200793652,0.009822275955533017,0.009997268637948387,232.42832994017556,12.210073929541775
ci,120,mixed,3,12.114175964246032,7.145598771750256,87.5034872388889,27.126989180158738,9.04232972671958,0.009988246541412388,0.00999495901078711,235.15058945122408,12.210073929541775
ci,120,monotonous,3,12.114175964246032,7.114124872057318,86.74162361666664,26.365125557936487,8.788375185978829,0.00977367948964204,0.009997638224834824,231.62908940548118,12.210073929541775
ci,120,proportional,3,12.114175964246032,7.138178096212896,87.29729393888887,26.920795880158714,8.973598626719571,0.009750839170889947,0.042426299762208,459.485144046104,12.210073929541775
ci,120,full_power,4,12.114175964246032,7.853377686796315,94.48962930396824,34.11313124523809,8.528282811309522,0.009794898862774995,0.009964617266080488,255.12379966068673,12.210073929541775
ci,120,mixed,4,12.114175964246032,7.9106960081883315,95.8516295595238,35.475131500793644,8.868782875198411,0.009756736770479143,0.009992357376649058,254.7544383353806,12.210073929541775
ci,120,monotonous,4,12.114175964246032,7.868219037871034,94.88953017063493,34.51303211190477,8.628258027976193,0.009833268918311468,0.009999372726752755,256.0830508199871,12.210073929541775
ci,120,proportional,4,12.114175964246032,7.776356192425793,92.08460815952381,31.708110100793654,7.9270275251984135,0.009987638949204155,0.14455660560028671,1521.315229614959,12.210073929541775
ci,122,fb_only,0,20.38000454491623,2.8892136395267918,56.80693972037038,0.0,,0.009707113265211132,,160.1673688759837,20.574496031933677
ci,122,full_power,1,20.38000454491623,3.304384133611691,64.24619298835978,7.4392532679894,7.4392532679894,0.009768990236339922,0.009820319603474549,184.22680868936,20.574496031933677
ci,122,mixed,1,20.38000454491623,3.328044537230341,65.39204221058202,8.58510249021164,8.58510249021164,0.009926131390403709,0.009998918489141952,187.23863071718824,20.574496031933677
ci,122,monotonous,1,20.38000454491623,3.323312456506611,65.1692127994709,8.362273079100518,8.362273079100518,0.009926204269995383,0.009994422677838422,187.22928605713275,20.574496031933677
ci,122,proportional,1,20.38000454491623,3.3356993736951983,65.88693493280422,9.079995212433843,9.079995212433843,0.00996411168695586,0.011673258873887364,191.79330815291144,20.574496031933677
ci,122,full_power,2,20.38000454491623,3.82018093249826,72.5275785010582,15.720638780687821,7.860319390343911,0.009953495968412936,0.009999903222120177,211.15222939700132,20.574496031933677
ci,122,mixed,2,20.38000454491623,3.8427279053583856,74.25930657883598,17.452366858465595,8.726183429232798,0.00968625710619984,0.009988318757444716,206.68843386222798,20.574496031933677
ci,122,monotonous,2,20.38000454491623,3.8328462073764786,73.44596887883597,16.63902915846559,8.319514579232795,0.009706204256748875,0.00999180103488299,207.03390069202743,20.574496031933677
ci,122,proportional,2,20.38000454491623,3.8384133611691023,73.94519427883598,17.138254558465604,8.569127279232802,0.009796273135936251,0.04861521106685615,389.7410770686372,20.574496031933677
ci,122,full_power,3,20.38000454491623,4.012247738343771,81.80541248015872,24.998472759788342,8.33282425326278,0.009970400812921778,0.009986889173425755,234.7993394157798,20.574496031933677
ci,122,mixed,3,20.38000454491623,4.277244258872651,83.08754540238095,26.280605682010574,8.760201894003524,0.00968206431816358,0.009989748468694219,230.06191097236896,20.574496031933677
ci,122,monotonous,3,20.38000454491623,4.270285316631872,82.62775436904762,25.820814648677242,8.606938216225748,0.00967906340259791,0.009998392445854078,230.07323217678652,20.574496031933677
ci,122,proportional,3,20.38000454491623,3.920946416144746,78.97562037883597,22.16868065846559,7.38956021948853,0.009926057709154125,0.16845342940226896,1349.3551883342118,20.574496031933677
ci,122,full_power,4,20.38000454491623,4.387334725121781,89.38590776428572,32.57896804391534,8.144742010978835,0.009757323056458198,0.009997784109841467,254.81503651831258,20.574496031933677
ci,122,mixed,4,20.38000454491623,4.417397355601948,90.89822849285714,34.09128877248676,8.52282219312169,0.009895495714129607,0.009984682110720733,256.97193621014185,20.574496031933677
ci,122,monotonous,4,20.38000454491623,4.397216423103688,90.10928963095238,33.302349910581995,8.325587477645499,0.009848387545767329,0.009984918080675285,256.19686577421777,20.574496031933677
ci,122,proportional,4,20.38000454491623,4.2836464857341685,83.45460280238095,26.647663082010567,6.661915770502642,0.009914749538892813,0.25535086067980606,2559.8058440110317,20.574496031933677
ci,123,fb_only,0,19.19950139556548,2.825045270929099,49.544809437896824,0.0,,0.009836119491138865,,162.29597160379126,19.359335148538896
ci,123,full_power,1,19.19950139556548,3.0215907508009474,58.399080918650796,8.854271480753972,8.854271480753972,0.00973150252499419,0.009762897941242438,183.4735502325589,19.359335148538896
ci,123,mixed,1,19.19950139556548,3.039281236941078,60.0492089297619,10.50439949186508,10.50439949186508,0.009764147504128356,0.033909381104697496,240.6598418897382,19.359335148538896
ci,123,monotonous,1,19.19950139556548,3.027859033291545,59.182204163095236,9.637394725198412,9.637394725198412,0.00980156847592236,0.04215707896080449,260.6263870947663,19.359335148538896
ci,123,proportional,1,19.19950139556548,3.0395598272739934,60.0763739297619,10.531564491865076,10.531564491865076,0.009738742668353858,0.04068438513532699,256.1348215553158,19.359335148538896
ci,123,full_power,2,19.19950139556548,3.088452430700655,65.92833229642856,16.38352285853174,8.19176142926587,0.00972576564999331,0.009995796195550258,207.3754089744114,19.359335148538896
ci,123,mixed,2,19.19950139556548,3.0780052932163255,64.56455166309524,15.01974222519842,7.50987111259921,0.009858349074874168,0.20433868224954194,1121.4198568502745,19.359335148538896
ci,123,monotonous,2,19.19950139556548,3.077587407716952,64.50661216309524,14.961802725198417,7.480901362599209,0.009721601666734364,0.1759762617696679,986.0870477243989,19.359335148538896
ci,123,proportional,2,19.19950139556548,3.067697450898454,63.364976340873014,13.82016690297619,6.910083451488095,0.009938852235676249,0.3017039611033531,1579.586047385591,19.359335148538896
ci,123,full_power,3,19.19950139556548,3.8265775177601338,68.96111820198412,19.416308764087297,6.472102921362432,0.009984175213159254,0.20769276122768193,1626.4805445375532,19.359335148538896
ci,123,mixed,3,19.19950139556548,3.088870316200028,65.98232497420634,16.437515536309512,5.479171845436504,0.0099385024611638,0.38562753894414253,2878.031909698078,19.359335148538896
ci,123,monotonous,3,19.19950139556548,3.093327761526675,66.52217707420635,16.97736763630953,5.65912254543651,0.009944840383854564,0.3273494251411083,2467.975120476721,19.359335148538896
ci,123,proportional,3,19.19950139556548,3.076751636718206,64.39215866309524,14.847349225198421,4.949116408399473,0.009779998577334673,0.4963081464661746,3654.386711354959,19.359335148538896
ci,123,full_power,4,19.19950139556548,3.8265775177601338,68.96111820198412,19.416308764087297,4.854077191021824,0.009984175213159254,0.4137453504179833,4047.325259339483,19.359335148538896
ci,123,mixed,4,19.19950139556548,3.093188466360217,66.50601267420635,16.961203236309522,4.240300809077381,0.009932589396131607,0.509933073326562,4949.099685132629,19.359335148538896
ci,123,monotonous,4,19.19950139556548,3.821980777267029,68.3537321686508,18.80892273075397,4.7022306826884925,0.009891209855834868,0.4368074899164528,4262.206447997269,19.359335148538896
ci,123,proportional,4,19.19950139556548,3.0791196545479873,64.72110171865079,15.176292280753962,3.7940730701884906,0.009843889851521815,0.6102028148231651,5888.567396850692,19.359335148538896
ci,124,fb_only,0,23.247965733756608,2.793123656964251,61.334697135714286,0.0,,0.009795650529517957,,161.6282337370463,23.45372473198787
ci,124,full_power,1,23.247965733756608,2.929478413752686,68.26006074126984,6.925363605555553,6.925363605555553,0.00977240277258997,0.009918494722979865,184.5134343678453,23.45372473198787
ci,124,mixed,1,23.247965733756608,3.073061144754835,70.8762354468254,9.541538311111118,9.541538311111118,0.009995159440751347,0.00998930855820843,188.3550486499542,23.45372473198787
ci,124,monotonous,1,23.247965733756608,3.0085954287946866,69.78715688015873,8.452459744444447,8.452459744444447,0.00988577697033884,0.010001761062113602,186.57945146230938,23.45372473198787
ci,124,proportional,1,23.247965733756608,3.080484469622973,71.08610980238096,9.751412666666674,9.751412666666674,0.009842177213737405,0.009991998674069122,185.83715291603335,23.45372473198787
ci,124,full_power,2,23.247965733756608,3.2199648368822036,77.64735151349205,16.31265437777777,8.156327188888884,0.009773155908728466,0.009872138425805192,207.57714598789767,23.45372473198787
ci,124,mixed,2,23.247965733756608,3.2428208634498925,79.00296545793651,17.668268322222225,8.834134161111113,0.009992608906272103,0.009965481676748347,211.63608698079295,23.45372473198787
ci,124,monotonous,2,23.247965733756608,3.236178941199453,78.60910501349207,17.274407877777783,8.637203938888891,0.009875013689469277,0.009985709944405887,209.79067693539548,23.45372473198787
ci,124,proportional,2,23.247965733756608,3.242430162141043,78.97862976904761,17.64393263333333,8.821966316666664,0.009869309123956407,0.03444640797696174,324.4661467731852,23.45372473198787
ci,124,full_power,3,23.247965733756608,3.8263332682164486,86.84463190873015,25.509934773015864,8.503311591005287,0.009728833364184475,0.009977457741090606,230.74709809083953,23.45372473198787
ci,124,mixed,3,23.247965733756608,3.8605196327407696,88.47560201984126,27.140904884126975,9.046968294708991,0.009886002654404744,0.009988616568699388,233.41892720818458,23.45372473198787
ci,124,monotonous,3,23.247965733756608,3.8366868529009572,87.4456655420635,26.11096840634921,8.703656135449735,0.009719308360339605,0.009996694616396634,230.72532465580298,23.45372473198787
ci,124,proportional,3,23.247965733756608,3.81930064465716,86.32656150873017,24.99186437301588,8.33062145767196,0.009831538434442028,0.10297653100492409,886.9692093809491,23.45372473198787
ci,124,full_power,4,23.247965733756608,4.120140652471186,95.90866035317461,34.573963217460324,8.643490804365081,0.00998339234100399,0.009953109956911985,258.1259574622279,23.45372473198787
ci,124,mixed,4,23.247965733756608,4.1535456143778084,97.45740314206348,36.1227060063492,9.0306765015873,0.009971742837946993,0.009975646992985306,258.1452282082995,23.45372473198787
ci,124,monotonous,4,23.247965733756608,4.1302988865012695,96.42822264206349,35.0935255063492,8.7733813765873,0.009817520792649708,0.00999765199086497,255.80705936099704,23.45372473198787
ci,124,proportional,4,23.247965733756608,3.8810314514553625,89.36944429761905,28.034747161904768,7.008686790476192,0.009888624864312103,0.23494605417155975,2367.8960826070665,23.45372473198787
ci,127,fb_only,0,10.868113550714286,6.002923847073938,65.38860713650794,0.0,,0.00997992294643758,,164.66872861622008,11.02051607162377
ci,127,full_power,1,10.868113550714286,6.955699286758517,72.6929872952381,7.3043801587301544,7.3043801587301544,0.009838152421372924,0.009997398146240809,185.7834110037342,11.02051607162377
ci,127,mixed,1,10.868113550714286,6.978912860497054,74.04907185079367,8.660464714285723,8.660464714285723,0.009884679100725172,0.009998020263908988,186.5525607010958,11.02051607162377
ci,127,monotonous,1,10.868113550714286,6.978824259070571,74.03491655079365,8.64630941428571,8.64630941428571,0.00978844772410395,0.009994720599807322,184.95700197486315,11.02051607162377
ci,127,proportional,1,10.868113550714286,6.980064679041333,74.23942811746032,8.850820980952378,8.850820980952378,0.00982504827941037,0.00999115494500388,185.5525461112502,11.02051607162377
ci,127,full_power,2,10.868113550714286,7.945111416293802,83.0180250420635,17.629417905555556,8.814708952777778,0.009982172163635292,0.009941449350160479,211.3511210509353,11.02051607162377
ci,127,mixed,2,10.868113550714286,7.954414566074513,83.49823509761904,18.1096279611111,9.05481398055555,0.009979031453858143,0.009999292601901398,211.57069987678074,11.02051607162377
ci,127,monotonous,2,10.868113550714286,7.9516679218535415,83.34454498650794,17.955937849999998,8.977968924999999,0.009959614924925704,0.009997708170163851,211.2428929956829,11.02051607162377
ci,127,proportional,2,10.868113550714286,7.965445443671643,83.88095521984127,18.492348083333326,9.246174041666663,0.00993013950211511,0.009993662527264989,210.73756636282664,11.02051607162377
ci,127,full_power,3,10.868113550714286,8.85752890621539,92.31039587301589,26.92178873650795,8.973929578835984,0.009977813178325915,0.009968686281863835,234.79353149413527,11.02051607162377
ci,127,mixed,3,10.868113550714286,8.94001683427103,93.52446736666668,28.13586023015874,9.37862007671958,0.009915378074167926,0.009997317336421155,233.96485763750286,11.02051607162377
ci,127,monotonous,3,10.868113550714286,8.87338856155584,93.04331119523812,27.654704058730175,9.218234686243392,0.009942025801650156,0.009998563566649517,234.4133161093069,11.02051607162377
ci,127,proportional,3,10.868113550714286,8.947769459088292,94.03054433333335,28.64193719682541,9.547312398941804,0.009949826869183005,0.009993558502941412,234.50680808522125,11.02051607162377
ci,127,full_power,4,10.868113550714286,9.83032826828512,101.83620994761907,36.447602811111125,9.111900702777781,0.009824122820913942,0.009951383503930324,255.4818093459622,11.02051607162377
ci,127,mixed,4,10.868113550714286,9.837859389536172,102.31052303650794,36.9219159,9.230478975,0.00999917653299019,0.00999855984023124,258.8128983350681,11.02051607162377
ci,127,monotonous,4,10.868113550714286,9.836441766712444,102.21935953650795,36.83075240000001,9.207688100000002,0.009890221054853616,0.009999552484760898,257.0244479220809,11.02051607162377
ci,127,proportional,4,10.868113550714286,9.86590174101803,103.4745482531746,38.08594111666666,9.521485279166665,0.009997938325188523,0.00999713250035342,258.77907374892715,11.02051607162377
ci,133,fb_only,0,27.518442852052466,2.192722097987396,61.27075420145503,0.0,,0.009726563101535317,,160.48829117533273,27.699022086428904
ci,133,full_power,1,27.518442852052466,2.52368367554381,68.65317492605821,7.382420724603186,7.382420724603186,0.009933961524385235,0.009918934906907241,187.18018644396076,27.699022086428904
ci,133,mixed,1,27.518442852052466,2.5724740800975807,70.36876144986773,9.098007248412706,9.098007248412706,0.009651904876240487,0.009998365360087583,182.71259559273352,27.699022086428904
ci,133,monotonous,1,27.518442852052466,2.569526326489124,70.18697673875661,8.916222537301586,8.916222537301586,0.009698270737115539,0.009991278466709564,183.46100644530702,27.699022086428904
ci,133,proportional,1,27.518442852052466,2.57603171376296,70.6341023276455,9.363348126190466,9.363348126190466,0.009909720447068986,0.009987493906259795,186.94104808072376,27.699022086428904
ci,133,full_power,2,27.518442852052466,2.9157349054685913,77.61146692367724,16.340712722222214,8.170356361111107,0.009998967640512602,0.009982337795380757,211.82009500438443,27.699022086428904
ci,133,mixed,2,27.518442852052466,2.935149420613946,78.67715147367726,17.40639727222223,8.703198636111114,0.00973267338677595,0.009995677601598432,207.48883018850302,27.699022086428904
ci,133,monotonous,2,27.518442852052466,2.932913193738565,78.47666110701059,17.20590690555556,8.60295345277778,0.009719486042914735,0.009995889766535326,207.2722344926769,27.699022086428904
ci,133,proportional,2,27.518442852052466,2.9408416344785526,79.15328819589946,17.882533994444437,8.941266997222218,0.009988578300616167,0.01229188299141798,222.4850569558999,27.699022086428904
ci,133,full_power,3,27.518442852052466,3.168021955682049,86.97994153015873,25.7091873287037,8.5697291095679,0.009787298448271132,0.009995521754335336,231.83890650348576,27.699022086428904
ci,133,mixed,3,27.518442852052466,3.178999796706648,87.99224915238095,26.721494950925923,8.907164983641975,0.009683341904934964,0.009997846052662164,230.1399819500632,27.699022086428904
ci,133,monotonous,3,27.518442852052466,3.1710713559666597,87.33613144126984,26.065377239814815,8.688459079938271,0.009918577184070923,0.009997268587118873,234.01729985331286,27.699022086428904
ci,133,proportional,3,27.518442852052466,3.176255336450498,87.80806565238096,26.537311450925934,8.845770483641978,0.00998001777345773,0.03707275632927725,425.58835230750583,27.699022086428904
ci,133,full_power,4,27.518442852052466,3.5169749949176663,95.56025011031747,34.28949590886244,8.57237397721561,0.009768245784045993,0.009990843383632262,254.93012974876402,27.699022086428904
ci,133,mixed,4,27.518442852052466,3.547875584468388,96.77997281190477,35.50921861044974,8.877304652612436,0.009942605899410812,0.00999150159758315,257.81324833199864,27.699022086428904
ci,133,monotonous,4,27.518442852052466,3.523277088839195,96.15481187698413,34.8840576755291,8.721014418882275,0.00998911391782697,0.009999191448381574,258.6527921957577,27.699022086428904
ci,133,proportional,4,27.518442852052466,3.5089449075015247,95.19128341031747,33.92052920886244,8.48013230221561,0.009870549127818085,0.0649879974970199,772.7114291210332,27.699022086428904
ci,135,fb_only,0,10.55550453266314,5.17099322799097,56.03826446640212,0.0,,0.009793694658019934,,161.59596185732892,10.628828438335795
ci,135,full_power,1,10.55550453266314,5.863713318284424,62.745014753703714,6.706750287301595,6.706750287301595,0.009714485798442545,0.009992030186380518,183.7303184915507,10.628828438335795
ci,135,mixed,1,10.55550453266314,6.1139954853273135,64.86490351984128,8.826639053439159,8.826639053439159,0.009965645758719832,0.009984640264562923,187.85712107954186,10.628828438335795
ci,135,monotonous,1,10.55550453266314,6.1021444695259595,64.61617479761905,8.577910331216934,8.577910331216934,0.009853571007544793,0.009998286942751585,186.0399027921843,10.628828438335795
ci,135,proportional,1,10.55550453266314,6.128950338600451,65.22917089761906,9.190906431216938,9.190906431216938,0.009900008340460393,0.009981998590104948,186.7679063099827,10.628828438335795
ci,135,full_power,2,10.55550453266314,6.768340857787811,71.1823850515873,15.144120585185185,7.572060292592592,0.00970908628255287,0.009953528452783095,206.90187916258066,10.628828438335795
ci,135,mixed,2,10.55550453266314,6.836625282167043,72.84968259603176,16.811418129629637,8.405709064814818,0.009921386934184673,0.00997637880189886,210.51205375255657,10.628828438335795
ci,135,monotonous,2,10.55550453266314,6.806151241534988,72.24454229603174,16.20627782962962,8.10313891481481,0.009711217225681077,0.00999634973797484,207.13795719431573,10.628828438335795
ci,135,proportional,2,10.55550453266314,6.849887133182844,73.06838266269841,17.030118196296293,8.515059098148146,0.00991516947744575,0.01720667053225788,244.33399451520884,10.628828438335795
ci,135,full_power,3,10.55550453266314,7.2677765237020315,79.33714822883599,23.298883762433867,7.766294587477955,0.009995888278141777,0.009985866322024818,235.21268376375,10.628828438335795
ci,135,mixed,3,10.55550453266314,7.732505643340858,80.67999719391534,24.641732727513222,8.213910909171075,0.00979566810303418,0.00999114463477698,231.94619963962435,10.628828438335795
ci,135,monotonous,3,10.55550453266314,7.346218961625282,80.11005148280424,24.07178701640212,8.023929005467373,0.009972861255805644,0.009994563511664169,234.89394871588553,10.628828438335795
ci,135,proportional,3,10.55550453266314,7.327313769751693,79.93902721613757,23.900762749735456,7.966920916578485,0.009997014615078305,0.06713973155238968,637.4801718145106,10.628828438335795
ci,135,full_power,4,10.55550453266314,8.169300225733634,87.64544171560847,31.60717724920635,7.901794312301588,0.00970351982101039,0.009994533866113004,253.89678284627587,10.628828438335795
ci,135,mixed,4,10.55550453266314,8.22234762979684,89.14536694894181,33.107102482539695,8.276775620634924,0.009790473260499208,0.009996186392378596,255.34702190431767,10.628828438335795
ci,135,monotonous,4,10.55550453266314,8.195541760722348,88.45631367116403,32.41804920476191,8.104512301190477,0.009724889228231772,0.009995721958015102,254.26052711983797,10.628828438335795
ci,135,proportional,4,10.55550453266314,8.096783295711061,85.60280740449734,29.564542938095222,7.391135734523806,0.00965069380005804,0.14132850311544562,1485.4631209362992,10.628828438335795
ci,136,fb_only,0,23.496595413408286,2.804166957980843,63.401825753703704,0.0,,0.009892888870000416,,163.23266635500687,23.715546904473577
ci,136,full_power,1,23.496595413408286,3.0149968538068936,72.24388936216931,8.842063608465608,8.842063608465608,0.009920046427102524,0.00979411310740465,186.65775539716296,23.715546904473577
ci,136,mixed,1,23.496595413408286,3.0216038593302104,73.28611822328041,9.884292469576707,9.884292469576707,0.009704201150866927,0.00999830162537168,183.57533460242627,23.715546904473577
ci,136,monotonous,1,23.496595413408286,3.0182479200167798,73.05679530661375,9.654969552910046,9.654969552910046,0.009853491943697447,0.010000206389851635,186.04310126159982,23.715546904473577
ci,136,proportional,1,23.496595413408286,3.0226525903656576,73.53521537883597,10.133389625132267,10.133389625132267,0.009982535429329148,0.009998219234452137,188.16765690795566,23.715546904473577
ci,136,full_power,2,23.496595413408286,3.10039851779347,81.00928438359787,17.607458629894168,8.803729314947084,0.009892094193368249,0.00997283103058358,210.01207738607428,23.715546904473577
ci,136,mixed,2,23.496595413408286,3.1046633573376217,82.18759266137565,18.785766907671942,9.392883453835971,0.009795072218570823,0.00999475925469854,208.51410202946414,23.715546904473577
ci,136,monotonous,2,23.496595413408286,3.103334964692722,81.90266118359787,18.500835429894167,9.250417714947083,0.009782167245493412,0.00999786490149625,208.31574166846167,23.715546904473577
ci,136,proportional,2,23.496595413408286,3.1077396350416,82.704169894709,19.302344141005292,9.651172070502646,0.00983941922094278,0.012058879637263058,218.93068040359412,23.715546904473577
ci,136,full_power,3,23.496595413408286,3.9745857512409986,90.24893197486773,26.847106221164026,8.949035407054675,0.009929354788382078,0.009914081429868958,233.609659111722,23.715546904473577
ci,136,mixed,3,23.496595413408286,3.9843389498706565,92.31221137486772,28.91038562116401,9.63679520705467,0.009912481644816616,0.009993932448984812,233.89324371542926,23.715546904473577
ci,136,monotonous,3,23.496595413408286,3.979479829406418,91.31215910820107,27.910333354497368,9.303444451499123,0.009959332484991536,0.009998109970713348,234.6956839762409,23.715546904473577
ci,136,proportional,3,23.496595413408286,3.988778577920716,93.01076717486772,29.60894142116402,9.869647140388006,0.009936001359909935,0.010041264553211677,234.61444236401772,23.715546904473577
ci,136,full_power,4,23.496595413408286,4.035586939802839,99.37926114523809,35.977435391534385,8.994358847883596,0.009946288921549602,0.009993162494613383,257.8896040550204,23.715546904473577
ci,136,mixed,4,23.496595413408286,4.059463049709851,101.2709644436508,37.86913868994709,9.467284672486773,0.009933555619825878,0.009991078487701244,257.65994825571545,23.715546904473577
ci,136,monotonous,4,23.496595413408286,4.042578480039152,100.06925948968255,36.66743373597885,9.166858433994712,0.009991741237755519,0.009997302059216333,258.67841294665214,23.715546904473577
ci,136,proportional,4,23.496595413408286,4.043487380269873,100.12016378968254,36.71833803597883,9.179584508994708,0.009934659792701344,0.04452114631738931,581.7083236219535,23.715546904473577
ci,137,fb_only,0,13.515079606216933,4.967913148371532,66.48761014126984,0.0,,0.009915670001747598,,163.60855502883538,13.604064422628486
ci,137,full_power,1,13.515079606216933,5.386007237635706,74.27653530793651,7.788925166666672,7.788925166666672,0.009710331826782733,0.009777680717623242,183.15891410545922,13.604064422628486
ci,137,mixed,1,13.515079606216933,5.401206272617611,75.17629199999999,8.688681858730149,8.688681858730149,0.009907862609274218,0.009991651724806969,186.92014799942174,13.604064422628486
ci,137,monotonous,1,13.515079606216933,5.399396863691194,74.93578267777778,8.44817253650794,8.44817253650794,0.009893520150590012,0.009998074366441234,186.69856494840633,13.604064422628486
ci,137,proportional,1,13.515079606216933,5.406634499396864,75.74995753333333,9.26234739206349,9.26234739206349,0.009816407862299483,0.009974752941080484,185.37150012771627,13.604064422628486
ci,137,full_power,2,13.515079606216933,6.114837153196622,84.4423831,17.95477295873016,8.97738647936508,0.00998633112564281,0.009956761960613824,211.49159069230643,13.604064422628486
ci,137,mixed,2,13.515079606216933,6.319903498190591,85.50905365396825,19.02144351269841,9.510721756349206,0.009967664977850541,0.009999532298059756,211.3842776770303,13.604064422628486
ci,137,monotonous,2,13.515079606216933,6.308805790108565,85.26884620952379,18.781236068253946,9.390618034126973,0.009943314696724109,0.009997570828295707,210.97329482231126,13.604064422628486
ci,137,proportional,2,13.515079606216933,6.346682750301568,86.34431186507936,19.856701723809522,9.928350861904761,0.009863399515151774,0.009995783407359956,209.64630774733718,13.604064422628486
ci,137,full_power,3,13.515079606216933,6.990229191797346,94.3404814888889,27.852871347619057,9.284290449206352,0.009928026593995876,0.009957511025082617,233.89340139546343,13.604064422628486
ci,137,mixed,3,13.515079606216933,7.028588661037395,95.15469131269842,28.667081171428578,9.555693723809526,0.009791325459860079,0.009997117125433769,231.91658041649416,13.604064422628486
ci,137,monotonous,3,13.515079606216933,7.025934861278649,94.93076395714286,28.443153815873018,9.481051271957673,0.009992529940633594,0.009999143056023356,235.25071284874667,13.604064422628486
ci,137,proportional,3,13.515079606216933,7.042822677925211,95.73860267936509,29.250992538095247,9.75033084603175,0.009936442100719175,0.017792396377459215,289.17418036642437,13.604064422628486
ci,137,full_power,4,13.515079606216933,7.629915560916767,104.07510160555555,37.587491464285705,9.396872866071426,0.009896500505904408,0.009983230343435318,256.97489189021974,13.604064422628486
ci,137,mixed,4,13.515079606216933,7.661037394451146,104.99222169444445,38.50461155317461,9.626152888293653,0.009807444632132999,0.009997742590658899,255.64165290093757,13.604064422628486
ci,137,monotonous,4,13.515079606216933,7.631845597104946,104.15151993888888,37.66390979761904,9.41597744940476,0.0097113300088221,0.009997149603598201,254.05019702573017,13.604064422628486
ci,137,proportional,4,13.515079606216933,7.676839565741858,105.44203478333334,38.9544246420635,9.738606160515875,0.009926477666296875,0.02237802396055178,373.78225833971635,13.604064422628486
ci,138,fb_only,0,14.670086444507277,4.041666666666667,59.44036965793651,0.0,,0.009911520778582848,,163.54009284661697,14.806903518502946
ci,138,full_power,1,14.670086444507277,4.790356394129979,67.35905345396826,7.91868379603175,7.91868379603175,0.009946954855527759,0.009938991373430205,187.4416288782753,14.806903518502946
ci,138,mixed,1,14.670086444507277,4.869234800838575,69.00630509841271,9.565935440476203,9.565935440476203,0.009672854962328278,0.009998079141207037,183.0576005436883,14.806903518502946
ci,138,monotonous,1,14.670086444507277,4.865041928721174,68.82350866507937,9.383139007142866,9.383139007142866,0.009925518112680665,0.009989043983438766,187.2053460443783,14.806903518502946
ci,138,proportional,1,14.670086444507277,4.882599580712788,69.38850355396825,9.948133896031742,9.948133896031742,0.009674788804976827,0.009995459516969401,183.08336330892786,14.806903518502946
ci,138,full_power,2,14.670086444507277,5.087788259958072,75.81717755297619,16.376807895039683,8.188403947519841,0.009910311496973008,0.00995976163359332,210.25134128487446,14.806903518502946
ci,138,mixed,2,14.670086444507277,5.173480083857442,78.00422319742063,18.56385353948412,9.28192676974206,0.009951213755433504,0.009959786336484382,210.92634445543752,14.806903518502946
ci,138,monotonous,2,14.670086444507277,5.143605870020965,77.37516358630953,17.93479392837302,8.96739696418651,0.009952934701231927,0.009990268224253819,211.0977610785257,14.806903518502946
ci,138,proportional,2,14.670086444507277,5.186582809224318,78.26222453075397,18.82185487281746,9.41092743640873,0.00997943389856684,0.02056242218985932,261.13954424117276,14.806903518502946
ci,138,full_power,3,14.670086444507277,5.910639412997903,84.75507926011903,25.314709602182525,8.438236534060842,0.009718314223803497,0.00993399559627549,230.2676456993446,14.806903518502946
ci,138,mixed,3,14.670086444507277,5.952568134171908,86.39605418234126,26.955684524404752,8.985228174801584,0.009833355322628454,0.009999129258933937,232.62423454774654,14.806903518502946
ci,138,monotonous,3,14.670086444507277,5.938417190775682,85.60109887123015,26.160729213293642,8.720243071097881,0.00973492524415788,0.009992034713682341,230.95020684350132,14.806903518502946
ci,138,proportional,3,14.670086444507277,5.917714884696017,85.01958333789682,25.57921367996031,8.526404559986771,0.009956491013966028,0.0811797243529241,735.6250017263193,14.806903518502946
ci,138,full_power,4,14.670086444507277,6.2507861635220126,94.09461725357143,34.65424759563492,8.66356189890873,0.009926988628248475,0.00998780757488787,257.5208986488476,14.806903518502946
ci,138,mixed,4,14.670086444507277,6.753930817610063,95.96210224404763,36.52173258611112,9.13043314652778,0.009956887644515165,0.009999731773703576,258.1261290989346,14.806903518502946
ci,138,monotonous,4,14.670086444507277,6.721174004192872,95.16650507738096,35.726135419444454,8.931533854861113,0.0097104088548119,0.009997150784628235,254.0350090673477,14.806903518502946
ci,138,proportional,4,14.670086444507277,6.044287211740042,88.90759160357143,29.467221945634925,7.366805486408731,0.009981289938499541,0.19608502834087113,2004.753189935977,14.806903518502946
ci,140,fb_only,0,12.046181385714288,4.961526528079429,58.97560665634921,0.0,,0.009950819813449184,,164.18852692191155,12.144218917277271
ci,140,full_power,1,12.046181385714288,5.841141793360223,67.37059344761906,8.39498679126985,8.39498679126985,0.009869238542053934,0.009735280544193868,185.68140410056873,12.144218917277271
ci,140,mixed,1,12.046181385714288,5.90629847967732,68.89320544761905,9.917598791269846,9.917598791269846,0.009757363514688875,0.009982726285852372,184.41597385897612,12.144218917277271
ci,140,monotonous,1,12.046181385714288,5.891715792739683,68.52154869206349,9.545942035714283,9.545942035714283,0.009908224041225025,0.009984749334057332,186.90991861791142,12.144218917277271
ci,140,proportional,1,12.046181385714288,5.912503878374186,69.11007796984129,10.134471313492078,10.134471313492078,0.009775084248475929,0.01008286521749993,184.94329190010768,12.144218917277271
ci,140,full_power,2,12.046181385714288,6.137139311200745,75.53346766349206,16.557861007142854,8.278930503571427,0.009878455744164428,0.009945430103871248,209.65847782607696,12.144218917277271
ci,140,mixed,2,12.046181385714288,6.236735960285448,78.0421455968254,19.0665389404762,9.5332694702381,0.009912616625822008,0.009998986008438912,210.4734166776585,12.144218917277271
ci,140,monotonous,2,12.046181385714288,6.194228979211914,77.12578184126984,18.150175184920634,9.075087592460317,0.009797959081011198,0.00997814624280336,208.48378700791812,12.144218917277271
ci,140,proportional,2,12.046181385714288,6.192057089668011,77.06111951904761,18.0855128626984,9.0427564313492,0.009698695160382928,0.06814776214270446,479.7777701198877,12.144218917277271
ci,140,full_power,3,12.046181385714288,6.976729754886751,83.91160269444444,24.935996038095233,8.311998679365077,0.009898122344027696,0.00997251739255938,233.50559608528988,12.144218917277271
ci,140,mixed,3,12.046181385714288,7.09556313993174,85.97898956587302,27.003382909523815,9.001127636507938,0.00997290180595945,0.01580829298794789,275.8116458475082,12.144218917277271
ci,140,monotonous,3,12.046181385714288,7.081290722928948,85.35403633253969,26.378429676190486,8.792809892063495,0.009828127389640682,0.009996255129429978,232.51774552999944,12.144218917277271
ci,140,proportional,3,12.046181385714288,6.950977350294757,82.50420993888888,23.52860328253967,7.8428677608465565,0.00991522133271782,0.1755354159487089,1399.0194094368574,12.144218917277271
ci,140,full_power,4,12.046181385714288,7.933291964008688,93.70052465238096,34.724917996031756,8.681229499007939,0.009750490340375527,0.009979935778982577,254.5348079661687,12.144218917277271
ci,140,mixed,4,12.046181385714288,7.952838969903817,94.64978765238097,35.67418099603176,8.91854524900794,0.009832023443245541,0.02278757553529014,376.06699563671407,12.144218917277271
ci,140,monotonous,4,12.046181385714288,7.950977350294757,94.55105669682541,35.575450040476206,8.893862510119051,0.009666275501211866,0.009990285425536346,253.24238420322885,12.144218917277271
ci,140,proportional,4,12.046181385714288,7.040645361464474,84.55582683253968,25.580220176190473,6.395055044047618,0.009946060199085362,0.31321539599313164,3103.323269284456,12.144218917277271
ci,142,fb_only,0,11.177968659804893,5.73730378578024,63.65893678174603,0.0,,0.009675364511885326,,159.64351444610787,11.29115243605768
ci,142,full_power,1,11.177968659804893,6.339796860572484,71.35949199702381,7.700555215277781,7.700555215277781,0.009972681124033453,0.009775485973975049,187.48252864149742,11.29115243605768
ci,142,mixed,1,11.177968659804893,6.617266851338874,73.12573386527778,9.466797083531752,9.466797083531752,0.009993403966988194,0.009983863388213205,188.3133089640534,11.29115243605768
ci,142,monotonous,1,11.177968659804893,6.553554939981533,72.68621652083334,9.027279739087312,9.027279739087312,0.009929415133897397,0.009995293627978125,187.28430856054374,11.29115243605768
ci,142,proportional,1,11.177968659804893,6.664819944598338,73.50902356527777,9.850086783531744,9.850086783531744,0.009969318866301237,0.009997906917487266,187.94885092239554,11.29115243605768
ci,142,full_power,2,11.177968659804893,7.214219759926131,80.53522558055555,16.87628879880952,8.43814439940476,0.009701191690241553,0.009873395185103762,206.39563309749246,11.29115243605768
ci,142,mixed,2,11.177968659804893,7.331486611265005,82.38369569166666,18.72475890992063,9.362379454960315,0.009748109982762524,0.009995582228004368,207.74308652937813,11.29115243605768
ci,142,monotonous,2,11.177968659804893,7.2797783933518,81.5835907138889,17.924653932142867,8.962326966071434,0.009772002633691037,0.009995381901599522,208.13637533820707,11.29115243605768
ci,142,proportional,2,11.177968659804893,7.354570637119114,82.73690609166667,19.07796930992064,9.53898465496032,0.00996350421371797,0.012822924230174903,224.56298001432714,11.29115243605768
ci,142,full_power,3,11.177968659804893,7.970914127423823,89.21052715992064,25.551590378174616,8.517196792724873,0.009954549679413397,0.0099655580162946,234.38766702900244,11.29115243605768
ci,142,mixed,3,11.177968659804893,8.210987996306557,91.66018817519841,28.001251393452385,9.333750464484128,0.009811767548042622,0.009991687766933377,232.21566304638037,11.29115243605768
ci,142,monotonous,3,11.177968659804893,8.168975069252078,91.04455787519842,27.385621093452393,9.128540364484131,0.009708306350044847,0.009995426300699793,230.53486508006512,11.29115243605768
ci,142,proportional,3,11.177968659804893,8.200831024930748,91.49465128630953,27.835714504563505,9.278571501521169,0.00978783811633207,0.041417361830164603,452.99472148017765,11.29115243605768
ci,142,full_power,4,11.177968659804893,8.83056325023084,98.82920474345237,35.17026796170634,8.792566990426584,0.009855633975041588,0.00994161725636594,255.9100969219242,11.29115243605768
ci,142,mixed,4,11.177968659804893,8.969990766389659,100.3813512656746,36.72241448392857,9.180603620982142,0.009999256514004708,0.009990829874518053,258.7416800235551,11.29115243605768
ci,142,monotonous,4,11.177968659804893,8.87719298245614,99.41859553234127,35.75965875059524,8.93991468764881,0.009915992696106619,0.00999593541178236,257.41573738992486,11.29115243605768
ci,142,proportional,4,11.177968659804893,8.738688827331487,97.22664679900794,33.56771001726191,8.391927504315477,0.009659739158100686,0.11843697659663865,1270.7982844915184,11.29115243605768
ci,143,fb_only,0,21.811399316795637,2.0463064682579315,55.79467741230159,0.0,,0.009862574808616142,,162.73248434216634,21.945631783818015
ci,143,full_power,1,21.811399316795637,2.985152634907953,62.92963046865079,7.134953056349204,7.134953056349204,0.00968103480690918,0.009894205384196022,182.94888014532532,21.945631783818015
ci,143,mixed,1,21.811399316795637,2.9955058424048735,64.89783832420636,9.103160911904773,9.103160911904773,0.009923839442042108,0.009998705479282081,187.20031384809056,21.945631783818015
ci,143,monotonous,1,21.811399316795637,2.9927094776790173,64.48455755753969,8.6898801452381,8.6898801452381,0.009991935308159021,0.009997882376735259,188.32196464044475,21.945631783818015
ci,143,proportional,1,21.811399316795637,2.99833549718699,65.2625083797619,9.467830967460308,9.467830967460308,0.009918642430256055,0.00997362478481188,187.05572384439358,21.945631783818015
ci,143,full_power,2,21.811399316795637,3.0236359399447386,71.80704737003968,16.012369957738095,8.006184978869047,0.00991825522404568,0.009900377023907225,210.10378019292642,21.945631783818015
ci,143,mixed,2,21.811399316795637,3.029328539565232,73.42062574464286,17.625948332341274,8.812974166170637,0.00985343708890455,0.01387960358118937,227.7048119698656,21.945631783818015
ci,143,monotonous,2,21.811399316795637,3.0246346416325443,72.21426124781746,16.419583835515873,8.209791917757936,0.009752185270032621,0.01206336215143409,217.512352170067,21.945631783818015
ci,143,proportional,2,21.811399316795637,3.0241020007323813,71.98752335892857,16.19284594662698,8.09642297331349,0.009767431853784118,0.09650731233658416,613.9749350706909,21.945631783818015
ci,143,full_power,3,21.811399316795637,3.0502346948966346,79.19206633194445,23.397388919642857,7.799129639880952,0.00997552575723604,0.009977599288824645,234.8185187891425,21.945631783818015
ci,143,mixed,3,21.811399316795637,3.9319884150604216,81.50498393829365,25.71030652599206,8.570102175330687,0.00980297944076405,0.00997992650185627,231.98788349267124,21.945631783818015
ci,143,monotonous,3,21.811399316795637,3.0667798528579513,80.51290676527778,24.718229352976188,8.239409784325396,0.009985749581827689,0.009980515464390369,235.00773593853626,21.945631783818015
ci,143,proportional,3,21.811399316795637,3.0395485868371117,75.71803558353174,19.923358171230156,6.641119390410052,0.009745744385035603,0.2552882909228667,1957.523773868223,21.945631783818015
ci,143,full_power,4,21.811399316795637,4.002496754219514,88.33327096746031,32.53859355515872,8.13464838878968,0.009813024137995462,0.009992949414366821,255.6887355813434,21.945631783818015
ci,143,mixed,4,21.811399316795637,4.004926928326509,89.30813943412699,33.5134620218254,8.37836550545635,0.009984068054043773,0.02532876228024362,402.42222812952843,21.945631783818015
ci,143,monotonous,4,21.811399316795637,4.004627317820167,89.17004777857143,33.37537036626984,8.34384259156746,0.009946648361749974,0.009992587417539441,257.89013829506473,21.945631783818015
ci,143,proportional,4,21.811399316795637,3.0463064682579315,77.61348814305555,21.81881073075396,5.45470268268849,0.009854963637226193,0.3873589287590264,3797.5830874889357,21.945631783818015
ci,144,fb_only,0,9.854929314444446,6.127174222982606,60.07421295634921,0.0,,0.009875579738901233,,162.94706569187034,10.033960619049921
ci,144,full_power,1,9.854929314444446,6.906757912745936,67.43413004444443,7.359917088095223,7.359917088095223,0.009942926789700558,0.009768303436922384,186.9747318930791,10.033960619049921
ci,144,mixed,1,9.854929314444446,6.947818648417451,68.2045153888889,8.130302432539686,8.130302432539686,0.00965989871295109,0.009995370555757537,182.83746808750016,10.033960619049921
ci,144,monotonous,1,9.854929314444446,6.943826632449387,68.10941113333334,8.035198176984132,8.035198176984132,0.009996903716371412,0.009997076944122113,188.40205383103878,10.033960619049921
ci,144,proportional,1,9.854929314444446,7.099230111206159,69.51744554444444,9.443232588095235,9.443232588095235,0.009752701279497452,0.00995089633732807,184.26437391907962,10.033960619049921
ci,144,full_power,2,9.854929314444446,7.888793840889649,76.86553463333333,16.79132167698412,8.39566083849206,0.009919805923500969,0.00994446911923325,210.3362468452084,10.033960619049921
ci,144,mixed,2,9.854929314444446,7.919589392643285,77.57150206666667,17.49728911031746,8.74864455515873,0.009668531670759485,0.00999481492272724,206.4264441849677,10.033960619049921
ci,144,monotonous,2,9.854929314444446,7.9056173367550615,77.25708297777778,17.182870021428577,8.591435010714289,0.00994528599787784,0.009999332372180687,211.01408645525612,10.033960619049921
ci,144,proportional,2,9.854929314444446,7.944396920444825,77.98046816666665,17.906255210317447,8.953127605158723,0.009765468144182412,0.009978884288621741,207.951149461223,10.033960619049921
ci,144,full_power,3,9.854929314444446,8.811234673510123,85.57361987777779,25.49940692142858,8.49980230714286,0.009996036919840726,0.00995773311355762,235.01713483059052,10.033960619049921
ci,144,mixed,3,9.854929314444446,8.888223552894212,86.71486006666666,26.640647110317452,8.88021570343915,0.009998237236329081,0.010000156174224078,235.3520135536189,10.033960619049921
ci,144,monotonous,3,9.854929314444446,8.864841745081266,86.19782893333334,26.123615976984134,8.707871992328045,0.009823526387960855,0.009999210722717566,232.46263046784034,10.033960619049921
ci,144,proportional,3,9.854929314444446,8.91360136869119,87.29757163333332,27.223358676984112,9.074452892328038,0.009975168994306479,0.009978606067315005,234.8197179078199,10.033960619049921
ci,144,full_power,4,9.854929314444446,9.725121186199031,94.70685627142858,34.63264331507937,8.658160828769843,0.00988250457423023,0.009938980232584228,256.3287159773692,10.033960619049921
ci,144,mixed,4,9.854929314444446,9.781294553749644,95.17498511587301,35.10077215952381,8.775193039880952,0.009976358520392506,0.00999948580152634,258.44509034799955,10.033960619049921
ci,144,monotonous,4,9.854929314444446,9.731679498146564,94.7554729047619,34.681259948412695,8.670314987103174,0.009886501943034025,0.009998299571734108,256.9513252412143,10.033960619049921
ci,144,proportional,4,9.854929314444446,9.88109495295124,96.3745712888889,36.300358332539695,9.075089583134924,0.009662642119113595,0.009977014693738982,253.05790085142092,10.033960619049921
ci,146,fb_only,0,18.343843709821435,3.724788918205805,56.81375583174604,0.0,,0.00990775478133361,,163.47795389200456,18.497561710862115
ci,146,full_power,1,18.343843709821435,3.738073878627968,63.4103387825397,6.596582950793653,6.596582950793653,0.009957451145112876,0.009796007645465598,187.27937783062475,18.497561710862115
ci,146,mixed,1,18.343843709821435,3.7395778364116095,64.89104517142859,8.077289339682544,8.077289339682544,0.009982309578418808,0.009996432277604534,188.15973816717056,18.497561710862115
ci,146,monotonous,1,18.343843709821435,3.7387994722955145,64.42695927142859,7.613203439682543,7.613203439682543,0.00973888276628831,0.009994179046935904,184.13790968786876,18.497561710862115
ci,146,proportional,1,18.343843709821435,3.740065963060686,65.13413621587303,8.320380384126985,8.320380384126985,0.009892156713878853,0.01612674875167521,201.05393835043114,18.497561710862115
ci,146,full_power,2,18.343843709821435,3.9954089709762535,72.0375071761905,15.223751344444459,7.611875672222229,0.009697738716303047,0.009964090936332555,206.76420349227263,18.497561710862115
ci,146,mixed,2,18.343843709821435,4.7244063324538255,74.7286902797619,17.914934448015863,8.957467224007932,0.009735889089269426,0.009996537037655651,207.54592175362586,18.497561710862115
ci,146,monotonous,2,18.343843709821435,4.002519788918206,73.74253399484128,16.928778163095238,8.464389081547619,0.009962335545704897,0.009993124955128224,211.26627879359245,18.497561710862115
ci,146,proportional,2,18.343843709821435,4.7244327176781,74.75807083531748,17.94431500357144,8.97215750178572,0.009737607771062442,0.023986135866376296,273.2134777075679,18.497561710862115
ci,146,full_power,3,18.343843709821435,4.736912928759894,80.42077948611113,23.607023654365086,7.869007884788362,0.009811815682851104,0.009973177417938227,232.08618143449246,18.497561710862115
ci,146,mixed,3,18.343843709821435,4.738179419525066,81.88692327500002,25.073167443253972,8.357722481084657,0.00999519279066913,0.009969907566259432,235.08889049737456,18.497561710862115
ci,146,monotonous,3,18.343843709821435,4.737427440633246,81.11104349722224,24.297287665476198,8.099095888492066,0.009959075054431008,0.009996161304365566,234.6777216582365,18.497561710862115
ci,146,proportional,3,18.343843709821435,4.73122691292876,78.37267544166669,21.558919609920643,7.186306536640214,0.009949667016912295,0.16110556682851082,1298.030485118112,18.497561710862115
ci,146,full_power,4,18.343843709821435,4.991424802110818,89.00913598769841,32.19538015595237,8.048845038988093,0.00998906091296685,0.009976949781882297,258.4432018171365,18.497561710862115
ci,146,mixed,4,18.343843709821435,4.9955672823218995,90.50981192420639,33.696056092460346,8.424014023115086,0.009967361562159511,0.009992781566621423,258.2337279968074,18.497561710862115
ci,146,monotonous,4,18.343843709821435,4.994300791556729,90.01388863214287,33.20013280039682,8.300033200099206,0.009965116242157124,0.009993587202957822,258.20424030814877,18.497561710862115
ci,146,proportional,4,18.343843709821435,4.7379287598944595,81.59100804166668,24.77725220992064,6.19431305248016,0.009896704915209437,0.2803507623179734,2794.107184692818,18.497561710862115
ci,147,fb_only,0,17.955446021772484,3.419167768847289,60.06664157619046,0.0,,0.00976785756544872,,161.16964982990388,18.269892190739057
ci,147,full_power,1,17.955446021772484,3.733645335232475,67.74206533412698,7.675423757936514,7.675423757936514,0.009683416990273395,0.009943287013685995,183.10333167361836,18.269892190739057
ci,147,mixed,1,17.955446021772484,3.8502390884118425,68.95785042460317,8.891208848412703,8.891208848412703,0.009949837109446249,0.009998044488162931,187.62772467509333,18.269892190739057
ci,147,monotonous,1,17.955446021772484,3.845253840675552,68.68877526904761,8.622133692857147,8.622133692857147,0.009743187584947497,0.009995430410259906,184.21187489410343,18.269892190739057
ci,147,proportional,1,17.955446021772484,3.8572591311425373,69.17729040238093,9.11064882619047,9.11064882619047,0.009869017608631465,0.009970903896646618,186.23053108395214,18.269892190739057
ci,147,full_power,2,17.955446021772484,4.333095940583986,75.96959086666666,15.9029492904762,7.9514746452381,0.009944711847317813,0.009902789218250198,210.55163249277388,18.269892190739057
ci,147,mixed,2,17.955446021772484,4.418760809848408,77.96346507222222,17.896823496031757,8.948411748015879,0.009974721073937287,0.009997275258272303,211.49011323177888,18.269892190739057
ci,147,monotonous,2,17.955446021772484,4.407976396378065,77.28141087222221,17.214769296031747,8.607384648015874,0.009971620866496604,0.009996620122484012,211.43588591188896,18.269892190739057
ci,147,proportional,2,17.955446021772484,4.419371248346729,78.05420190555554,17.98756032936508,8.99378016468254,0.009720536530813069,0.022781378339755208,267.27907992854705,18.269892190739057
ci,147,full_power,3,17.955446021772484,4.732729677484993,85.65479596349205,25.588154387301586,8.529384795767195,0.009726941308530503,0.009975496511206425,230.7020760366241,18.269892190739057
ci,147,mixed,3,17.955446021772484,4.849526910163801,86.87912365396825,26.812482077777787,8.937494025925929,0.009646978277663566,0.009999594455407008,229.55228735860337,18.269892190739057
ci,147,monotonous,3,17.955446021772484,4.74025841896429,85.99386947460317,25.92722789841271,8.642409299470904,0.009981461930706434,0.009993344260215416,235.02727876005224,18.269892190739057
ci,147,proportional,3,17.955446021772484,4.738935802217926,85.94917520793649,25.88253363174603,8.627511210582009,0.00999608287798345,0.06731914848371263,638.7275345150964,18.269892190739057
ci,147,full_power,4,17.955446021772484,5.3289246108454575,93.73255442936507,33.6659128531746,8.41647821329365,0.009681397500295057,0.009965218662767372,253.25667068627746,18.269892190739057
ci,147,mixed,4,17.955446021772484,5.416522535354563,95.64545307936507,35.578811503174606,8.894702875793651,0.009759686488301923,0.009997220854015162,254.84874755106,18.269892190739057
ci,147,monotonous,4,17.955446021772484,5.342659477057686,94.60733800714284,34.54069643095238,8.635174107738095,0.009930089802559154,0.009998715971887668,257.67443242241995,18.269892190739057
ci,147,proportional,4,17.955446021772484,5.0169905382032765,90.54890739126984,30.482265815079373,7.620566453769843,0.009684719120838632,0.15318875075137278,1597.3211025447197,18.269892190739057
ci,148,fb_only,0,16.876257669424607,3.9901238722704737,64.4090082904762,0.0,,0.0099698752762027,,164.50294205734454,16.9932291889324
ci,148,full_power,1,16.876257669424607,4.91215035530761,72.61123005198412,8.202221761507928,8.202221761507928,0.00996936928789876,0.009945845051247949,187.8275457405572,16.9932291889324
ci,148,mixed,1,16.876257669424607,4.9398112792368325,73.96397793849206,9.55496964801587,9.55496964801587,0.009966881679493144,0.009991844447913775,187.89441478644258,16.9932291889324
ci,148,monotonous,1,16.876257669424607,4.938956987716323,73.64724458293652,9.238236292460329,9.238236292460329,0.009925292096827184,0.010000482766153977,187.22845216704576,16.9932291889324
ci,148,proportional,1,16.876257669424607,4.940626739324592,74.26382360515873,9.85481531468254,9.85481531468254,0.009742448802795246,0.00997374317733395,184.148806740147,16.9932291889324
ci,148,full_power,2,16.876257669424607,4.991314702874821,81.61069530198414,17.201687011507943,8.600843505753971,0.009994241774639178,0.009933515278660088,211.51304296901958,16.9932291889324
ci,148,mixed,2,16.876257669424607,4.994938969931527,82.75975931309524,18.35075102261905,9.175375511309525,0.009804647860044787,0.00999803898021472,208.68748858590644,16.9932291889324
ci,148,monotonous,2,16.876257669424607,4.993890521247265,82.31877059087303,17.909762300396835,8.954881150198418,0.00986380276522983,0.00999747179649825,209.66088329546199,16.9932291889324
ci,148,proportional,2,16.876257669424607,4.995922699561205,83.14446812420636,18.73545983373016,9.36772991686508,0.009956737443724079,0.009966147757329789,211.04733309883866,16.9932291889324
ci,148,full_power,3,16.876257669424607,5.941299817492266,91.43363591666666,27.024627626190465,9.008209208730156,0.009672940623725347,0.00998524274573679,229.87965873596374,16.9932291889324
ci,148,mixed,3,16.876257669424607,5.950023946050196,92.04482998095237,27.635821690476178,9.211940563492059,0.009847582234058072,0.009999508687253552,232.8616490028487,16.9932291889324
ci,148,monotonous,3,16.876257669424607,5.949687406966359,91.80075245873016,27.391744168253965,9.130581389417989,0.009756364985826379,0.009996605928891388,231.33613479367284,16.9932291889324
ci,148,proportional,3,16.876257669424607,5.950192215592114,92.19727923650794,27.788270946031744,9.26275698201058,0.009927090896572828,0.025943737602799655,346.3890250419556,16.9932291889324
ci,148,full_power,4,16.876257669424607,5.996052137670373,100.06501195793652,35.656003667460325,8.914000916865081,0.00967567015716461,0.009993881291017625,253.43113962812546,16.9932291889324
ci,148,mixed,4,16.876257669424607,5.99728179970747,100.97586336904762,36.56685507857142,9.141713769642855,0.009936282755584067,0.009999323864657775,257.7823206130857,16.9932291889324
ci,148,monotonous,4,16.876257669424607,5.996078025292206,100.08081772460316,35.67180943412697,8.917952358531743,0.009837915778868724,0.009999070449190267,256.1568874465354,16.9932291889324
ci,148,proportional,4,16.876257669424607,5.996090969103124,100.0893516357143,35.6803433452381,8.920085836309525,0.009838912047943944,0.04431055345783641,578.1522824394119,16.9932291889324
ci,150,fb_only,0,34.35749288766754,1.0902228612508986,51.80545010767196,0.0,,0.009976033549928159,,164.60455357381463,34.64402829766887
ci,150,full_power,1,34.35749288766754,1.9699257129163672,57.12453684497354,5.319086737301582,5.319086737301582,0.009846108939736888,0.009769682681841573,185.38047307725898,34.64402829766887
ci,150,mixed,1,34.35749288766754,1.9728812205447719,58.49630334497354,6.690853237301582,6.690853237301582,0.009971457464653284,0.08493669244860447,363.79052865120525,34.64402829766887
ci,150,monotonous,1,34.35749288766754,1.9703251058391245,57.30619176719576,5.500741659523804,5.500741659523804,0.009816285672686494,0.1389280677883164,487.8939606307174,34.64402829766887
ci,150,proportional,1,34.35749288766754,1.973320552759805,58.68012118941799,6.87467108174603,6.87467108174603,0.009948711925376916,0.06046319713317223,306.0004072431412,34.64402829766887
ci,150,full_power,2,34.35749288766754,1.9895359054237558,66.13440187830687,14.328951770634916,7.164475885317458,0.009975533420368419,0.009933373721869681,211.20369093909144,34.64402829766887
ci,150,mixed,2,34.35749288766754,1.9843437974279097,63.72557698941798,11.920126881746022,5.960063440873011,0.009826082784993348,0.24210496134195356,1298.0868445688363,34.64402829766887
ci,150,monotonous,2,34.35749288766754,1.9818675613068137,62.74456615608466,10.9391160484127,5.46955802420635,0.00982646516211003,0.25794071320107403,1372.394501514255,34.64402829766887
ci,150,proportional,2,34.35749288766754,1.981667864845435,62.64505825608466,10.839608148412701,5.4198040742063505,0.009700021832859401,0.3026132516998034,1579.911737217658,34.64402829766887
ci,150,full_power,3,34.35749288766754,2.000798785845515,68.83092619391533,17.025476086243373,5.675158695414457,0.00994754723103631,0.25729393981672044,1974.9692777421776,34.64402829766887
ci,150,mixed,3,34.35749288766754,1.9883377266554836,65.51716054497355,13.71171043730159,4.570570145767197,0.009962374558577224,0.4124297660841475,3067.0598739167544,34.64402829766887
ci,150,monotonous,3,34.35749288766754,1.9896157840083073,66.17566391164021,14.370213803968255,4.790071267989418,0.009831813912596825,0.37411221186157306,2795.2266766395987,34.64402829766887
ci,150,proportional,3,34.35749288766754,1.985502036903906,64.21937997830686,12.413929870634902,4.137976623544968,0.009861472436636721,0.49353469468745936,3636.2114764148455,34.64402829766887
ci,150,full_power,4,34.35749288766754,2.000798785845515,68.83092619391533,17.025476086243373,4.256369021560843,0.00994754723103631,0.45056635106656856,4392.249167720779,34.64402829766887
ci,150,mixed,4,34.35749288766754,1.9905743270229252,66.57159622275131,14.766146115079351,3.691536528769838,0.009726168966569313,0.5311978378937197,5145.242298743059,34.64402829766887
ci,150,monotonous,4,34.35749288766754,1.993370077482227,67.75372257830689,15.948272470634933,3.9870681176587333,0.009988238541135015,0.48616625516828776,4726.99007442794,34.64402829766887
ci,150,proportional,4,34.35749288766754,1.9865803977953511,64.67651222275131,12.871062115079354,3.2177655287698386,0.009770761113133698,0.6087798761734252,5874.007916378128,34.64402829766887
ci,152,fb_only,0,16.275892328968254,3.767445152158528,59.94008724920635,0.0,,0.009863794145263555,,162.75260339684866,16.34356164313604
ci,152,full_power,1,16.275892328968254,4.117055909412597,68.0574733484127,8.11738609920635,8.11738609920635,0.009711722269425517,0.009923905092960072,183.52489879360536,16.34356164313604
ci,152,mixed,1,16.275892328968254,4.131776362349611,68.99597178174605,9.0558845325397,9.0558845325397,0.009907373967339657,0.009997080792345604,186.92482199994714,16.34356164313604
ci,152,monotonous,1,16.275892328968254,4.129370134465676,68.79264035952382,8.852553110317466,8.852553110317466,0.009943195993729496,0.009994399102563313,187.50959419115023,16.34356164313604
ci,152,proportional,1,16.275892328968254,4.234394904458599,69.43572839682541,9.495641147619061,9.495641147619061,0.009656834652738432,0.010793795124738844,184.66001513282146,16.34356164313604
ci,152,full_power,2,16.275892328968254,4.768294409058741,76.2527483920635,16.312661142857145,8.156330571428573,0.009993281137632308,0.009926460577893727,211.46409180241045,16.34356164313604
ci,152,mixed,2,16.275892328968254,4.907006369426751,78.54780115238097,18.60771390317462,9.30385695158731,0.009977996000140406,0.009994019678003082,211.52887433150715,16.34356164313604
ci,152,monotonous,2,16.275892328968254,4.894833687190375,78.12927543650794,18.18918818730159,9.094594093650795,0.009902261607051608,0.009997356859932242,210.2949149031536,16.34356164313604
ci,152,proportional,2,16.275892328968254,4.913517338995046,78.74707974126984,18.806992492063493,9.403496246031747,0.009790575664472188,0.01754175758697357,243.85042506187108,16.34356164313604
ci,152,full_power,3,16.275892328968254,5.136871903750885,85.41899521349207,25.478907964285717,8.492969321428573,0.009981929031859807,0.009983012120512514,234.96226832985388,16.34356164313604
ci,152,mixed,3,16.275892328968254,5.258881811748053,87.06654011746033,27.126452868253985,9.042150956084662,0.009873591504158934,0.009995632857180983,233.26352386746217,16.34356164313604
ci,152,monotonous,3,16.275892328968254,5.237650389242746,85.95331675079366,26.01322950158731,8.671076500529104,0.009973371944469097,0.009994876143484401,234.9045753815833,16.34356164313604
ci,152,proportional,3,16.275892328968254,5.131776362349611,85.27286511349206,25.33277786428571,8.444259288095237,0.009993776277335165,0.09132558637120076,807.6467854565412,16.34356164313604
ci,152,full_power,4,16.275892328968254,5.9060155697098375,94.78769780634921,34.847610557142865,8.711902639285716,0.009803673032278812,0.00997803445450483,255.3944803536737,16.34356164313604
ci,152,mixed,4,16.275892328968254,5.952300070771408,96.13204873492064,36.191961485714295,9.047990371428574,0.009771363318303146,0.00999804435622952,255.0491429908597,16.34356164313604
ci,152,monotonous,4,16.275892328968254,5.916489738145789,95.16843449523809,35.22834724603174,8.807086811507935,0.009661195134069257,0.009997120408899432,253.22269762925498,16.34356164313604
ci,152,proportional,4,16.275892328968254,5.546779900920028,89.68814142460317,29.748054175396824,7.437013543849206,0.009898436965750624,0.18703245090035595,1918.4367291838253,16.34356164313604
ci,154,fb_only,0,15.087460597870372,4.244882486732373,65.56536651349208,0.0,,0.009989451598975735,,164.82595138309964,15.188622838429925
ci,154,full_power,1,15.087460597870372,4.8792645943896895,73.19313134285714,7.627764829365063,7.627764829365063,0.009972699910147384,0.009836196581484612,187.62526569759476,15.188622838429925
ci,154,mixed,1,15.087460597870372,4.911296436694466,74.09612098730159,8.530754473809509,8.530754473809509,0.009932375866202287,0.009988765403344299,187.31784542858347,15.188622838429925
ci,154,monotonous,1,15.087460597870372,4.907695223654284,74.02960308730158,8.464236573809501,8.464236573809501,0.009706269967412098,0.009998482764712668,183.60989502831555,15.188622838429925
ci,154,proportional,1,15.087460597870372,4.913760424564064,74.22834554285714,8.662979029365061,8.662979029365061,0.009910044478189889,0.009955300727968127,186.8708693979464,15.188622838429925
ci,154,full_power,2,15.087460597870372,5.36144806671721,82.95998030238096,17.394613788888876,8.697306894444438,0.00992274455605534,0.009935639238118231,210.34330448016385,15.188622838429925
ci,154,mixed,2,15.087460597870372,5.388741470811221,83.86595868174604,18.300592168253957,9.150296084126978,0.009943692955733687,0.01000005521996692,210.99119286169062,15.188622838429925
ci,154,monotonous,2,15.087460597870372,5.372062168309325,83.35601721349207,17.790650699999986,8.895325349999993,0.009876872722000484,0.009999829858205191,209.88760160770673,15.188622838429925
ci,154,proportional,2,15.087460597870372,5.412244124336619,84.53867441507937,18.97330790158729,9.486653950793645,0.009993623259685532,0.009995324314538518,211.792845468626,15.188622838429925
ci,154,full_power,3,15.087460597870372,6.076573161485975,92.27422324444444,26.708856730952363,8.902952243650788,0.009803578266255728,0.00999583377145184,232.1097194766976,15.188622838429925
ci,154,mixed,3,15.087460597870372,6.091736163760425,92.93197238888888,27.3666058753968,9.1222019584656,0.009949927582195305,0.009996374225217715,234.52828690330477,15.188622838429925
ci,154,monotonous,3,15.087460597870372,6.086239575435936,92.6765575,27.11119098650792,9.037063662169308,0.00965862155024435,0.009997650312903616,229.73071848124744,15.188622838429925
ci,154,proportional,3,15.087460597870372,6.11144806671721,93.59043101111111,28.025064497619027,9.341688165873009,0.009973957735632555,0.016553102827662692,281.07104033902715,15.188622838429925
ci,154,full_power,4,15.087460597870372,6.5049279757391965,101.44382652619048,35.8784600126984,8.9696150031746,0.009849802686359588,0.009941144733542297,255.80944650449413,15.188622838429925
ci,154,mixed,4,15.087460597870372,6.836808188021228,102.70951133174603,37.14414481825395,9.286036204563487,0.009871262440817414,0.00999713507545459,256.6889458215532,15.188622838429925
ci,154,monotonous,4,15.087460597870372,6.759855951478393,102.04697926507937,36.48161275158729,9.120403187896823,0.009986503515163383,0.009999722426606156,258.614703251468,15.188622838429925
ci,154,proportional,4,15.087460597870372,6.8608794541319185,103.02790077619048,37.4625342626984,9.3656335656746,0.009962530951867544,0.015563167382581367,310.42652342395803,15.188622838429925
ci,156,fb_only,0,16.55543073104497,3.767379679144385,58.89485183730158,0.0,,0.009724594740691987,,160.45581322141777,16.670133938211556
ci,156,full_power,1,16.55543073104497,3.9426804812834226,64.36462714047619,5.4697753031746075,5.4697753031746075,0.009778895957542492,0.00982349591558008,184.39770471740198,16.670133938211556
ci,156,mixed,1,16.55543073104497,4.488135026737968,66.53697135714286,7.64211951984128,7.64211951984128,0.009810459797776712,0.009980469284641335,185.2867676050843,16.670133938211556
ci,156,monotonous,1,16.55543073104497,3.989639037433155,65.90225591825397,7.007404080952391,7.007404080952391,0.00992773317727002,0.010004645021221732,187.2784946447415,16.670133938211556
ci,156,proportional,1,16.55543073104497,4.489973262032086,66.71868669047619,7.82383485317461,7.82383485317461,0.009714244624593448,0.015546469304125262,196.75705329326976,16.670133938211556
ci,156,full_power,2,16.55543073104497,4.7608622994652405,75.02618824047619,16.131336403174608,8.065668201587304,0.009957121001270327,0.00994867647043674,210.97168652024956,16.670133938211556
ci,156,mixed,2,16.55543073104497,4.873495989304812,76.52295837380953,17.62810653650795,8.814053268253975,0.009912576645775793,0.010061550212475295,210.7663082522347,16.670133938211556
ci,156,monotonous,2,16.55543073104497,4.858455882352941,76.02926290714286,17.134411069841285,8.567205534920642,0.009845763349653189,0.009971263856811878,209.24026528543897,16.670133938211556
ci,156,proportional,2,16.55543073104497,4.768716577540107,75.5423522515873,16.647500414285723,8.323750207142862,0.009657837087975199,0.07976776571407872,533.6246686820482,16.670133938211556
ci,156,full_power,3,16.55543073104497,4.959391711229946,82.15936638809524,23.264514550793656,7.754838183597886,0.00998568671338246,0.009940666577183562,234.7262421410285,16.670133938211556
ci,156,mixed,3,16.55543073104497,4.946691176470588,81.3331704436508,22.43831860634922,7.47943953544974,0.009917603783124661,0.09153759994693329,807.8820908480734,16.670133938211556
ci,156,monotonous,3,16.55543073104497,4.992479946524064,82.55058129920634,23.655729461904762,7.885243153968254,0.009852090793152093,0.02734616039448334,355.0217749433833,16.670133938211556
ci,156,proportional,3,16.55543073104497,4.921457219251337,78.78637685476191,19.89152501746033,6.630508339153444,0.009673424795991481,0.2436043523678568,1874.0989410988357,16.670133938211556
ci,156,full_power,4,16.55543073104497,5.85427807486631,92.44053563253969,33.54568379523811,8.386420948809528,0.009957337043075902,0.009962608158436626,257.7851761695217,16.670133938211556
ci,156,mixed,4,16.55543073104497,5.535929144385027,87.01423692698413,28.119385089682545,7.029846272420636,0.009777336910749317,0.16889627905420326,1746.248741672007,16.670133938211556
ci,156,monotonous,4,16.55543073104497,5.868148395721925,92.90589789920635,34.01104606190477,8.502761515476193,0.009836356060807494,0.009968995812576086,255.84893170853763,16.670133938211556
ci,156,proportional,4,16.55543073104497,4.931818181818182,79.85805241031747,20.96320057301589,5.240800143253972,0.009681975012240596,0.38912410760975696,3811.293213511929,16.670133938211556
ci,157,fb_only,0,22.839413815456346,2.9631757868187303,59.79759962261903,0.0,,0.009835827564369815,,162.29115481210195,23.034371675407534
ci,157,full_power,1,22.839413815456346,2.9964469788353987,66.30807051150794,6.510470888888904,6.510470888888904,0.009909422358317503,0.009917076840759478,186.77093118066054,23.034371675407534
ci,157,mixed,1,22.839413815456346,2.9978945059765327,67.42677640039682,7.629176777777786,7.629176777777786,0.009920684970724243,0.014067562481887102,196.69380359945714,23.034371675407534
ci,157,monotonous,1,22.839413815456346,2.9976751836824214,67.26184570039682,7.464246077777787,7.464246077777787,0.009765651435998387,0.011666539542594886,188.50295046090096,23.034371675407534
ci,157,proportional,1,22.839413815456346,2.9980918960412324,67.57745872261904,7.77985910000001,7.77985910000001,0.009861655799329037,0.018087206596572487,205.14990736448817,23.034371675407534
ci,157,full_power,2,22.839413815456346,3.928851847790328,75.36224651349208,15.56464689087305,7.782323445436525,0.00965868320916328,0.009944191815801608,206.02642095093526,23.034371675407534
ci,157,mixed,2,22.839413815456346,3.9311766641079067,76.78893040238096,16.991330779761924,8.495665389880962,0.00970564894388265,0.009978202409652673,206.96093328015405,23.034371675407534
ci,157,monotonous,2,22.839413815456346,3.9301019848667615,76.10817185793651,16.31057223531748,8.15528611765874,0.009793949487943921,0.00999611811917722,208.50195276625422,23.034371675407534
ci,157,proportional,2,22.839413815456346,3.930518697225573,76.35615796904762,16.558558346428583,8.279279173214292,0.009980554459619114,0.03918961838621121,348.5568380518184,23.034371675407534
ci,157,full_power,3,22.839413815456346,3.9837482180063604,84.78506839126983,24.9874687686508,8.329156256216933,0.009832260208136517,0.009926642424911746,232.0960028207814,23.034371675407534
ci,157,mixed,3,22.839413815456346,3.9890558175238513,86.25601096904762,26.45841134642859,8.81947044880953,0.009680397762289525,0.009985764583935535,230.00637421951546,23.034371675407534
ci,157,monotonous,3,22.839413815456346,3.987125781335673,85.66376154682541,25.86616192420638,8.62205397473546,0.009999719575242249,0.00998639494334337,235.27962060274774,23.034371675407534
ci,157,proportional,3,22.839413815456346,3.965544467595131,83.55294121349208,23.755341590873044,7.918447196957682,0.009673342287571806,0.130881406207535,1080.7534846335661,23.034371675407534
ci,157,full_power,4,22.839413815456346,4.8905143107796905,93.12305040039683,33.3254507777778,8.33136269444445,0.009741413760949957,0.00995782049890098,254.1775146173611,23.034371675407534
ci,157,mixed,4,22.839413815456346,4.91909200570238,94.70874525992065,34.911145637301615,8.727786409325404,0.009996702373522478,0.009984656327658976,258.64160414187273,23.034371675407534
ci,157,monotonous,4,22.839413815456346,4.895361333479548,94.1736233202381,34.37602369761906,8.594005924404765,0.009920273903903236,0.009996632307525254,257.4929169882204,23.034371675407534
ci,157,proportional,4,22.839413815456346,3.990240157912052,86.52434983571429,26.726750213095258,6.6816875532738145,0.009667634528305715,0.25670284243688457,2568.415443144769,23.034371675407534
ci,160,fb_only,0,15.179519271617062,3.8918776371308015,57.96517130059523,0.0,,0.009661543068218394,,159.41546062560352,15.327081071950072
ci,160,full_power,1,15.179519271617062,4.092035864978903,64.74007388174603,6.774902581150798,6.774902581150798,0.009978852541373703,0.009788941314328592,187.61592325608095,15.327081071950072
ci,160,mixed,1,15.179519271617062,4.1917194092827,67.30619901507936,9.341027714484127,9.341027714484127,0.009847400059887514,0.009989644148136946,185.91780615967326,15.327081071950072
ci,160,monotonous,1,15.179519271617062,4.1706223628691985,66.62796260396824,8.662791303373012,8.662791303373012,0.009977685997547867,0.009996864692786246,188.08446352881634,15.327081071950072
ci,160,proportional,1,15.179519271617062,4.203850210970464,67.70460451507937,9.739433214484137,9.739433214484137,0.00996324410481232,0.009999527446881698,187.85241911978773,15.327081071950072
ci,160,full_power,2,15.179519271617062,4.9071729957805905,74.02137866825396,16.05620736765873,8.028103683829364,0.009988925428636495,0.009951261645406682,211.50858921275034,15.327081071950072
ci,160,mixed,2,15.179519271617062,4.927215189873418,75.33562234603174,17.37045104543651,8.685225522718255,0.009801792870005726,0.021573369781112274,262.95183336807327,15.327081071950072
ci,160,monotonous,2,15.179519271617062,4.9164029535864975,74.6430249793651,16.677853678769864,8.338926839384932,0.00982928209492129,0.01398133511664773,227.78357893351242,15.327081071950072
ci,160,proportional,2,15.179519271617062,4.915611814345992,74.58864294603174,16.62347164543651,8.311735822718255,0.0098849830283888,0.07525356135341474,516.1919298386372,15.327081071950072
ci,160,full_power,3,15.179519271617062,5.543776371308017,83.37080990496031,25.40563860436508,8.468546201455027,0.009888319537285523,0.00994948607473198,233.18175535917482,15.327081071950072
ci,160,mixed,3,15.179519271617062,5.719409282700422,85.1869841748016,27.221812874206364,9.073937624735455,0.00985097836187882,0.009992398467039698,232.86764338202593,15.327081071950072
ci,160,monotonous,3,15.179519271617062,5.585179324894515,84.29217742718254,26.327006126587307,8.775668708862435,0.00995774915419677,0.009978974915413195,234.53488649892478,15.327081071950072
ci,160,proportional,3,15.179519271617062,5.0395569620253164,78.23666504940476,20.271493748809533,6.757164582936511,0.0096671052629801,0.23708641677929695,1828.1214381318637,15.327081071950072
ci,160,full_power,4,15.179519271617062,6.0015822784810124,91.16134087261905,33.19616957202382,8.299042393005955,0.00998538532631779,0.009960048095372221,258.22394921121645,15.327081071950072
ci,160,mixed,4,15.179519271617062,5.925105485232067,90.38606581369048,32.42089451309525,8.105223628273812,0.009930889079468617,0.07503769086941652,868.0133609298367,15.327081071950072
ci,160,monotonous,4,15.179519271617062,6.008175105485232,91.49350968373015,33.52833838313492,8.38208459578373,0.00965113662686723,0.012813059425007026,279.48150398757525,15.327081071950072
ci,160,proportional,4,15.179519271617062,5.137658227848101,81.29480901607144,23.32963771547621,5.8324094288690524,0.00998318991242808,0.3629613223491087,3570.751682479099,15.327081071950072
ci,161,fb_only,0,13.23448231259259,4.001438848920864,52.97247264444444,0.0,,0.009945496979568326,,164.10070016287736,13.295727265308589
ci,161,full_power,1,13.23448231259259,4.269270298047276,58.95939913650793,5.986926492063496,5.986926492063496,0.009907249997342308,0.009883777061009836,186.65696594127715,13.295727265308589
ci,161,mixed,1,13.23448231259259,4.451387461459404,60.872030184126984,7.899557539682547,7.899557539682547,0.009670332233232713,0.015827970422709003,196.6929004600151,13.295727265308589
ci,161,monotonous,1,13.23448231259259,4.444398766700925,60.31380261746031,7.341329973015874,7.341329973015874,0.009889455134198625,0.010201149681221888,187.10790686642386,13.295727265308589
ci,161,proportional,1,13.23448231259259,4.469475847893114,61.07686735079365,8.104394706349211,8.104394706349211,0.009943649625364514,0.029130225638233975,232.4097281658114,13.295727265308589
ci,161,full_power,2,13.23448231259259,5.027954779033916,67.0743771031746,14.10190445873016,7.05095222936508,0.00964770351703555,0.009931066792603074,205.7836734219802,13.295727265308589
ci,161,mixed,2,13.23448231259259,5.195889003083248,69.1343591142857,16.161886469841264,8.080943234920632,0.00978466590241974,0.013584845589503753,225.18708289587732,13.295727265308589
ci,161,monotonous,2,13.23448231259259,5.041726618705036,68.0102141031746,15.037741458730167,7.518870729365084,0.009937502095362238,0.009971500577265242,210.75506528200546,13.295727265308589
ci,161,proportional,2,13.23448231259259,5.024049331963001,66.81060375873015,13.838131114285716,6.919065557142858,0.009803268858570273,0.16257447379800752,924.5533672266608,13.295727265308589
ci,161,full_power,3,13.23448231259259,5.594244604316547,75.33793336904762,22.36546072460318,7.455153574867727,0.009832691481821573,0.009953833184394682,232.29448740182573,13.295727265308589
ci,161,mixed,3,13.23448231259259,5.596711202466598,75.5121061579365,22.539633513492063,7.513211171164021,0.009820521725164122,0.05176509685768968,526.361360149628,13.295727265308589
ci,161,monotonous,3,13.23448231259259,5.618705035971223,76.17487661349206,23.202403969047623,7.734134656349208,0.009862655092506854,0.009971665338686268,232.91438968003706,13.295727265308589
ci,161,proportional,3,13.23448231259259,5.1985611510791365,69.3275933031746,16.355120658730158,5.451706886243386,0.009829022871333713,0.34242154861405927,2572.1417365227558,13.295727265308589
ci,161,full_power,4,13.23448231259259,6.202672147995889,82.86083619761905,29.888363553174614,7.472090888293653,0.009899034667788818,0.009964473140303198,256.84068796712074,13.295727265308589
ci,161,mixed,4,13.23448231259259,6.050565262076053,81.75344541984127,28.780972775396833,7.195243193849208,0.009862596467866096,0.08078362760929675,920.8064032054313,13.295727265308589
ci,161,monotonous,4,13.23448231259259,6.208016443987667,83.27343609761905,30.300963453174617,7.575240863293654,0.009919977765749807,0.012440576682986775,280.4220047280197,13.295727265308589
ci,161,proportional,4,13.23448231259259,5.209660842754368,70.17363148095238,17.201158836507943,4.300289709126986,0.00984060944316708,0.4689124206101713,4562.644210818104,13.295727265308589
ci,162,fb_only,0,10.285540951521165,5.176085941148996,52.570626718253976,0.0,,0.009990131700139012,,164.8371730522937,10.346574945803543
ci,162,full_power,1,10.285540951521165,5.595049042503503,59.248302001587305,6.677675283333329,6.677675283333329,0.009728931543217686,0.009885450239331973,183.71863672456462,10.346574945803543
ci,162,mixed,1,10.285540951521165,5.94535263895376,61.343355973015875,8.772729254761899,8.772729254761899,0.00994101324987833,0.009968256393995319,187.41224812330546,10.346574945803543
ci,162,monotonous,1,10.285540951521165,5.741242410088743,60.40955627301587,7.838929554761897,7.838929554761897,0.009976968540878647,0.00995227662726176,187.96802189205374,10.346574945803543
ci,162,proportional,1,10.285540951521165,6.002802428771602,61.73093138968254,9.160304671428563,9.160304671428563,0.009925360678142524,0.01071100350749681,188.89646541793917,10.346574945803543
ci,162,full_power,2,10.285540951521165,6.533862680990191,67.54388316190476,14.973256443650783,7.4866282218253914,0.009991849245752712,0.009914768861489015,211.3856080530262,10.346574945803543
ci,162,mixed,2,10.285540951521165,6.579635684259692,68.97674247301588,16.4061157547619,8.20305787738095,0.009815579652510786,0.028584575980938203,296.07589476899,10.346574945803543
ci,162,monotonous,2,10.285540951521165,6.558617468472677,68.26588568412699,15.695258965873009,7.8476294829365045,0.00966944303389489,0.017384668271254414,241.11467358799138,10.346574945803543
ci,162,proportional,2,10.285540951521165,6.523120037365717,67.152100184127,14.581473465873017,7.290736732936509,0.009847272500778857,0.14969698923794084,864.8582697672696,10.346574945803543
ci,162,full_power,3,10.285540951521165,7.330219523587109,75.65468080000001,23.084054081746032,7.694684693915344,0.009970588722647238,0.009951673316741863,234.55459072690866,10.346574945803543
ci,162,mixed,3,10.285540951521165,7.485754320411023,76.23875558888889,23.668128870634916,7.889376290211639,0.009845700309018154,0.04037196278110904,446.591929152245,10.346574945803543
ci,162,monotonous,3,10.285540951521165,7.489957963568426,76.3641925888889,23.79356587063492,7.931188623544974,0.009897122270135271,0.009980016500964329,233.5418735910189,10.346574945803543
ci,162,proportional,3,10.285540951521165,6.609995329285381,69.98366531746031,17.41303859920633,5.804346199735444,0.009890092447170973,0.3229142912014922,2435.8573068544233,10.346574945803543
ci,162,full_power,4,10.285540951521165,8.23633815973844,83.95062531587301,31.379998597619036,7.844999649404759,0.009863700915808321,0.009949555109265517,256.1176902561849,10.346574945803543
ci,162,mixed,4,10.285540951521165,7.612797758056983,80.36850538888889,27.797878670634915,6.949469667658729,0.009993233334855203,0.1427622952716108,1504.5697288539066,10.346574945803543
ci,162,monotonous,4,10.285540951521165,8.253152732368052,84.46415764920634,31.893530930952366,7.9733827327380915,0.00994091469234617,0.00997627255629942,257.64243409202555,10.346574945803543
ci,162,proportional,4,10.285540951521165,7.157870154133582,72.6379820388889,20.067355320634917,5.016838830158729,0.009832231710912381,0.4170738781004451,4076.053095324631,10.346574945803543
ci,165,fb_only,0,17.456817470277777,3.5043576500968365,59.57703723888888,0.0,,0.009687994081553946,,159.8519023456401,17.531858242175712
ci,165,full_power,1,17.456817470277777,3.9297934151065204,66.90417154603175,7.32713430714287,7.32713430714287,0.009846827914453689,0.009808364020594222,185.4830825807999,17.531858242175712
ci,165,mixed,1,17.456817470277777,3.945932859909619,68.36509336825397,8.788056129365089,8.788056129365089,0.009766331763855388,0.009969169810328566,184.53214647864473,17.531858242175712
ci,165,monotonous,1,17.456817470277777,3.9415752098127825,68.03305145714286,8.456014218253983,8.456014218253983,0.00987034865539308,0.0099979592798003,186.31596528439732,17.531858242175712
ci,165,proportional,1,17.456817470277777,3.947869593285991,68.53215449047619,8.95511725158731,8.95511725158731,0.009790945623015154,0.016358839861482757,199.92844109478858,17.531858242175712
ci,165,full_power,2,17.456817470277777,4.497579083279535,76.36620919444444,16.78917195555556,8.39458597777778,0.009808987973694467,0.009930515767927271,208.44228154907347,17.531858242175712
ci,165,mixed,2,17.456817470277777,4.530180761781795,77.95467038333335,18.377633144444474,9.188816572222237,0.009822703804602966,0.009969261493465643,208.85038770328973,17.531858242175712
ci,165,monotonous,2,17.456817470277777,4.5041962556488055,77.01955042777777,17.442513188888896,8.721256594444448,0.009848167249714938,0.009998490732535158,209.4076781373514,17.531858242175712
ci,165,proportional,2,17.456817470277777,4.5043576500968365,77.03642222777778,17.4593849888889,8.72969249444445,0.009886153323757554,0.06453560432644818,465.9225853416945,17.531858242175712
ci,165,full_power,3,17.456817470277777,4.932052937378955,84.58398990158732,25.00695266269844,8.335650887566146,0.009930097510476327,0.009964298096249205,233.97533892426128,17.531858242175712
ci,165,mixed,3,17.456817470277777,4.948837959974177,86.08152327936509,26.50448604047621,8.834828680158736,0.00967540006797762,0.009981272879039473,229.89229964431055,17.531858242175712
ci,165,monotonous,3,17.456817470277777,4.940606843124597,85.43695444603173,25.859917207142857,8.619972402380952,0.0098445135298807,0.009998057219358404,232.800799952876,17.531858242175712
ci,165,proportional,3,17.456817470277777,4.8794383473208525,82.85290777936508,23.275870540476205,7.7586235134920685,0.009878019219534465,0.15979370404744406,1287.61540620823,17.531858242175712
ci,165,full_power,4,17.456817470277777,5.499193027759845,93.98592264999999,34.408885411111115,8.602221352777779,0.009958812133564447,0.009948838498000032,257.68030066904566,17.531858242175712
ci,165,mixed,4,17.456817470277777,5.529535183989671,95.34590797222222,35.768870733333344,8.942217683333336,0.00996037293621197,0.009995397243059978,258.14296117637235,17.531858242175712
ci,165,monotonous,4,17.456817470277777,5.503873466752744,94.44543381666665,34.86839657777777,8.717099144444443,0.009851236428239117,0.009995197702396553,256.3403363052347,17.531858242175712
ci,165,proportional,4,17.456817470277777,4.945610071013557,85.79806615714287,26.221028918253992,6.555257229563498,0.0096877405542392,0.2835321089550887,2820.5130295794993,17.531858242175712
ci,167,fb_only,0,23.381211786865084,2.0700633173560568,56.503617506349215,0.0,,0.009897211566981468,,163.30399085519423,23.667578963735902
ci,167,full_power,1,23.381211786865084,2.8834546422865257,63.250072174603176,6.746454668253961,6.746454668253961,0.009980507290009679,0.009805504962614993,187.68208492745447,23.667578963735902
ci,167,mixed,1,23.381211786865084,2.8919166814604416,64.47776333333334,7.974145826984127,7.974145826984127,0.009993377281825117,0.009998673787325359,188.34761385517973,23.667578963735902
ci,167,monotonous,1,23.381211786865084,2.890644416829398,64.29938526666666,7.795767760317446,7.795767760317446,0.009913360166197465,0.009997923360919989,187.02557094697647,23.667578963735902
ci,167,proportional,1,23.381211786865084,2.8935735842357535,64.76731775555555,8.263700249206337,8.263700249206337,0.009990293504651587,0.009984682407432317,188.2639077545874,23.667578963735902
ci,167,full_power,2,23.381211786865084,3.0044085448843125,71.26911144920635,14.765493942857134,7.382746971428567,0.009863275117195055,0.00999613298551743,209.64589540176618,23.667578963735902
ci,167,mixed,2,23.381211786865084,3.0070122492455176,72.6897252047619,16.186107698412684,8.093053849206342,0.009960602091646098,0.009996828356627626,211.25505316145745,23.667578963735902
ci,167,monotonous,2,23.381211786865084,3.0057695721640334,71.95842937142856,15.45481186507935,7.727405932539675,0.00995815174475055,0.009995791909523006,211.209759427866,23.667578963735902
ci,167,proportional,2,23.381211786865084,3.006953074146399,72.65900299365079,16.155385487301572,8.077692743650786,0.009797647588311637,0.03854284970070326,342.5042360028417,23.667578963735902
ci,167,full_power,3,23.381211786865084,3.0704479555003257,80.09266364126984,23.589046134920622,7.863015378306874,0.009707292162676583,0.009965512887794525,230.30760038846148,23.667578963735902
ci,167,mixed,3,23.381211786865084,3.0722823835729924,81.12134395238095,24.61772644603174,8.205908815343912,0.009880980022410347,0.011656211257619176,245.07258520089448,23.667578963735902
ci,167,monotonous,3,23.381211786865084,3.0712468193384224,80.51299776349207,24.00938025714285,8.00312675238095,0.009799288745785183,0.009999513827289397,232.0648426219183,23.667578963735902
ci,167,proportional,3,23.381211786865084,3.06890940292325,79.28912578571428,22.78550827936506,7.59516942645502,0.009789967720910307,0.11752967037736181,988.7082875108924,23.667578963735902
ci,167,full_power,4,23.381211786865084,3.891236167820581,87.76663863492064,31.263021128571424,7.815755282142856,0.009904006080221432,0.009954723855705684,256.83122898559577,23.667578963735902
ci,167,mixed,4,23.381211786865084,3.9473933368838394,89.1913209404762,32.68770343412699,8.171925858531747,0.00990933381441892,0.009995340070108303,257.3002791558085,23.667578963735902
ci,167,monotonous,4,23.381211786865084,3.94286644180129,88.60078611825395,32.097168611904735,8.024292152976184,0.009919478246467179,0.009994363728856311,257.4585002982961,23.667578963735902
ci,167,proportional,4,23.381211786865084,3.0729037221137347,81.50770691904762,25.004089412698406,6.251022353174601,0.009708840906012102,0.25556152145351435,2558.3851922689782,23.667578963735902
ci,169,fb_only,0,25.04833148589947,2.00858873699733,55.412200923280416,0.0,,0.009847183116823779,,162.47852142759234,25.24269293997927
ci,169,full_power,1,25.04833148589947,2.041987166713164,61.966141328042326,6.55394040476191,6.55394040476191,0.009890929090473453,0.009902762608332194,186.43221107195933,25.24269293997927
ci,169,mixed,1,25.04833148589947,2.0441393328285042,63.82344751693121,8.411246593650795,8.411246593650795,0.009929907102489798,0.024146406011559297,220.49093569419978,25.24269293997927
ci,169,monotonous,1,25.04833148589947,2.043123032162927,63.00307678359788,7.5908758603174675,7.5908758603174675,0.009952771507669874,0.032422720562201524,240.28443231547772,25.24269293997927
ci,169,proportional,1,25.04833148589947,2.0447172292854012,64.17007415026455,8.757873226984138,8.757873226984138,0.009768317921548912,0.018988588392289858,205.72447407386906,25.24269293997927
ci,169,full_power,2,25.04833148589947,2.9740345143677014,72.01181300899471,16.59961208571429,8.299806042857146,0.009751819653331086,0.009915220737045049,207.42723997817828,25.24269293997927
ci,169,mixed,2,25.04833148589947,2.9839583914551033,73.79362830343915,18.381427380158733,9.190713690079367,0.00992078602307347,0.009993471748959952,210.58233882683234,25.24269293997927
ci,169,monotonous,2,25.04833148589947,2.9768442867960623,72.82803747566138,17.41583655238096,8.70791827619048,0.009852499657450687,0.009987610117702514,209.42811102019652,25.24269293997927
ci,169,proportional,2,25.04833148589947,2.973914949583516,71.9796119089947,16.567410985714282,8.283705492857141,0.009987407506278426,0.1043252048382745,654.286084954778,25.24269293997927
ci,169,full_power,3,25.04833148589947,3.007970985612371,79.87182627010581,24.459625346825398,8.153208448941799,0.009872590172542366,0.009961175018208096,233.00448762509762,25.24269293997927
ci,169,mixed,3,25.04833148589947,3.0080905503965565,79.99087107010581,24.578670146825395,8.192890048941798,0.009747087693817828,0.06078846470847376,588.6561615662324,25.24269293997927
ci,169,monotonous,3,25.04833148589947,3.0083894623570204,80.27428627010582,24.862085346825403,8.287361782275134,0.009924244333964216,0.02116711386767108,312.72417891107864,25.24269293997927
ci,169,proportional,3,25.04833148589947,3.002411223147742,76.22962142566138,20.817420502380962,6.93914016746032,0.009788607937403982,0.2650931819396897,2027.237845458702,25.24269293997927
ci,169,full_power,4,25.04833148589947,3.0426447730261845,87.62658924153439,32.214388318253974,8.053597079563493,0.009998354136641718,0.00997295647348784,258.5590668017983,25.24269293997927
ci,169,mixed,4,25.04833148589947,3.010940177752979,82.72421465899471,27.312013735714295,6.828003433928574,0.009862397629188363,0.17278371233604464,1784.131917443051,25.24269293997927
ci,169,monotonous,4,25.04833148589947,3.0426647004902154,87.6456918526455,32.23349092936508,8.05837273234127,0.009841640926935399,0.03824940384291713,521.3194809563685,25.24269293997927
ci,169,proportional,4,25.04833148589947,3.0055796899286595,77.61230427010581,22.200103346825394,5.550025836706348,0.009666795915863766,0.4120658276645001,4026.3278594154212,25.24269293997927
ci,171,fb_only,0,26.79284531918651,2.025843158760625,56.5098653686508,0.0,,0.009817199183403397,,161.98378652615605,27.238748622206543
ci,171,full_power,1,26.79284531918651,2.1652042774883467,66.16678968373017,9.656924315079372,9.656924315079372,0.009915279558189898,0.009834619490471852,186.6741300347803,27.238748622206543
ci,171,mixed,1,26.79284531918651,2.1748012064710722,67.61302840595238,11.103163037301577,11.103163037301577,0.009677431063595334,0.009988323045135816,183.11021841321164,27.238748622206543
ci,171,monotonous,1,26.79284531918651,2.173156018645462,67.36951865039683,10.859653281746027,10.859653281746027,0.009930807630112552,0.009989353276462245,187.29334868343753,27.238748622206543
ci,171,proportional,1,26.79284531918651,2.176172196325747,67.84390177261905,11.334036403968248,11.334036403968248,0.009937711316061486,0.010256583221802585,188.0341809533634,27.238748622206543
ci,171,full_power,2,26.79284531918651,2.205922676172196,73.06721513928572,16.55734977063492,8.27867488531746,0.009924242152541563,0.009967706887401884,210.5184762326254,27.238748622206543
ci,171,mixed,2,26.79284531918651,2.219564025226213,75.06146569484127,18.551600326190474,9.275800163095237,0.009966162048937991,0.010730438845193417,214.78889286912437,27.238748622206543
ci,171,monotonous,2,26.79284531918651,2.2096928982725528,74.04528936150795,17.535423992857154,8.767711996428577,0.00996530701040824,0.01105326565908678,216.28948814417112,27.238748622206543
ci,171,proportional,2,26.79284531918651,2.2072251165341377,73.40995341706349,16.90008804841269,8.450044024206345,0.009972593025854801,0.0940850183431917,605.9946909928597,27.238748622206543
ci,171,full_power,3,26.79284531918651,3.0148066904304907,81.1351863015873,24.625320932936496,8.208440310978832,0.009802985125334639,0.009983473255279178,232.0129393386764,27.238748622206543
ci,171,mixed,3,26.79284531918651,3.0249520153550864,83.12328672380951,26.613421355158714,8.87114045171957,0.009650671663155445,0.00999515580312332,229.58198898444678,27.238748622206543
ci,171,monotonous,3,26.79284531918651,3.019193857965451,81.9079967126984,25.398131344047606,8.466043781349201,0.009754445856619616,0.009991727742370735,231.2701364850289,27.238748622206543
ci,171,proportional,3,26.79284531918651,2.9923224568138194,79.97330444325397,23.463439074603166,7.821146358201055,0.009933456876452038,0.14513697053243646,1185.3760370687464,27.238748622206543
ci,171,full_power,4,26.79284531918651,3.138675623800384,91.71320259444445,35.20333722579365,8.800834306448413,0.009936553751172863,0.009986257858848522,257.66418064178674,27.238748622206543
ci,171,mixed,4,26.79284531918651,3.165752673430217,93.03440691666665,36.524541548015854,9.131135387003964,0.009735833668377335,0.009994775692998028,254.4322306313195,27.238748622206543
ci,171,monotonous,4,26.79284531918651,3.1573896353166986,92.25815985,35.7482944813492,8.9370736203373,0.009831088347835708,0.009988525095255205,255.945277233164,27.238748622206543
ci,171,proportional,4,26.79284531918651,3.0255004112969566,83.23444182380952,26.72457645515872,6.68114411378968,0.009900030564975695,0.2624629165827613,2626.3025135347307,27.238748622206543
ci,172,fb_only,0,10.069588430674603,5.2398081534772185,54.16725316190477,0.0,,0.009973419433340087,,164.56142065011144,10.159529186529468
ci,172,full_power,1,10.069588430674603,6.121702637889689,61.776586314285716,7.609333152380948,7.609333152380948,0.009878550381194928,0.00998506176920216,186.42103620026458,10.159529186529468
ci,172,mixed,1,10.069588430674603,6.202038369304557,63.191975958730154,9.024722796825387,9.024722796825387,0.009848726361296441,0.010552546109643485,187.26025813461487,10.159529186529468
ci,172,monotonous,1,10.069588430674603,6.189448441247002,62.83870355873016,8.671450396825392,8.671450396825392,0.00998188397243431,0.00998110991601605,188.1167694081398,10.159529186529468
ci,172,proportional,1,10.069588430674603,6.209832134292566,63.410523742857144,9.243270580952377,9.243270580952377,0.009920593846101281,0.01751659316845693,204.7837260338711,10.159529186529468
ci,172,full_power,2,10.069588430674603,6.727817745803358,69.4319762825397,15.264723120634926,7.632361560317463,0.009846946112267174,0.009922023148541263,209.028743465364,10.159529186529468
ci,172,mixed,2,10.069588430674603,7.122302158273381,71.86106830158731,17.693815139682542,8.846907569841271,0.0099451036473685,0.009998706082529079,211.00813912080667,10.159529186529468
ci,172,monotonous,2,10.069588430674603,7.0413669064748206,70.73037166825397,16.5631185063492,8.2815592531746,0.009925735161787562,0.009986280478195499,210.63025817318805,10.159529186529468
ci,172,proportional,2,10.069588430674603,6.727218225419664,69.42718629365079,15.259933131746024,7.629966565873012,0.009985386385278738,0.13408308259381446,793.8766988872767,10.159529186529468
ci,172,full_power,3,10.069588430674603,7.561151079136691,77.51733252539682,23.350079363492057,7.783359787830686,0.00989990474203079,0.009923629783876491,233.19093466243078,10.159529186529468
ci,172,mixed,3,10.069588430674603,7.548561151079137,77.23599263650794,23.068739474603177,7.689579824867725,0.009856457979298164,0.08955584752650338,792.9256115499504,10.159529186529468
ci,172,monotonous,3,10.069588430674603,7.594124700239808,78.3250962809524,24.157843119047627,8.052614373015876,0.009832775789391764,0.029802070730939906,371.9877743293191,10.159529186529468
ci,172,proportional,3,10.069588430674603,7.197841726618705,73.14240656825396,18.975153406349193,6.325051135449731,0.009954705739393662,0.29044989714940295,2208.4390208374934,10.159529186529468
ci,172,full_power,4,10.069588430674603,8.477817745803357,85.84956187936508,31.682308717460316,7.920577179365079,0.009841994194713991,0.009998993451295648,256.2234587597392,10.159529186529468
ci,172,mixed,4,10.069588430674603,8.146882494004796,82.47845526666666,28.31120210476189,7.077800526190472,0.00993781980007598,0.14850470963066129,1557.5422218753793,10.159529186529468
ci,172,monotonous,4,10.069588430674603,8.477817745803357,85.84956187936508,31.682308717460316,7.920577179365079,0.009931432045482993,0.029252177786881196,438.3710651025625,10.159529186529468
ci,172,proportional,4,10.069588430674603,7.2314148681055155,74.06830032539682,19.901047163492052,4.975261790873013,0.009932995354969098,0.4325222059918343,4222.682804384363,10.159529186529468
ci,176,fb_only,0,19.84005943756503,3.1161473087818696,62.81823689424603,0.0,,0.009706094546539867,,160.15056001790782,19.972959952126807
ci,176,full_power,1,19.84005943756503,3.3687718713547743,70.45211993472223,7.633883040476206,7.633883040476206,0.009896958530569403,0.009734282432125404,186.13644234016135,19.972959952126807
ci,176,mixed,1,19.84005943756503,3.419596733877687,71.58037632996032,8.762139435714289,8.762139435714289,0.009851923722842625,0.009996828966910884,186.00930218327625,19.972959952126807
ci,176,monotonous,1,19.84005943756503,3.418096983836027,71.48986038551587,8.671623491269841,8.671623491269841,0.009813198058276743,0.009996425623107633,185.36938247337676,19.972959952126807
ci,176,proportional,1,19.84005943756503,3.4212631228128645,71.68688541884922,8.868648524603188,8.868648524603188,0.009838412254307266,0.011075077648962999,188.31593436053709,19.972959952126807
ci,176,full_power,2,19.84005943756503,4.005332444592568,79.383902855291,16.56566596104497,8.282832980522485,0.009993413731427567,0.009945192726101715,211.5541708394241,19.972959952126807
ci,176,mixed,2,19.84005943756503,4.086818863522746,81.42719665529101,18.608959761044986,9.304479880522493,0.009905664824613315,0.009994235630001794,210.3364231820881,19.972959952126807
ci,176,monotonous,2,19.84005943756503,4.078653557740377,81.09990106640213,18.2816641721561,9.14083208607805,0.009953671576331636,0.009993594176016606,211.12552488334188,19.972959952126807
ci,176,proportional,2,19.84005943756503,4.091651391434761,81.64034053306878,18.822103638822753,9.411051819411377,0.009908625928633947,0.009989401259106042,210.36259853018566,19.972959952126807
ci,176,full_power,3,19.84005943756503,4.338943509415097,88.39783438465608,25.579597490410052,8.52653249680335,0.009822062371269218,0.00998147672048624,232.31366228472424,19.972959952126807
ci,176,mixed,3,19.84005943756503,4.368438593567738,90.26006954021165,27.44183264596562,9.147277548655206,0.009863321934149802,0.009994317882099882,233.08482116769073,19.972959952126807
ci,176,monotonous,3,19.84005943756503,4.3627728711881355,89.76800048465608,26.949763590410058,8.983254530136685,0.009749077561276775,0.009997021076618935,231.21881409831087,19.972959952126807
ci,176,proportional,3,19.84005943756503,4.368771871354774,90.29260024021164,27.474363345965614,9.15812111532187,0.009652536843766915,0.03036995332381936,373.0105894151948,19.972959952126807
ci,176,full_power,4,19.84005943756503,4.932011331444759,97.74311043624338,34.92487354199736,8.73121838549934,0.009918336895269773,0.009991436344369393,257.41219742751366,19.972959952126807
ci,176,mixed,4,19.84005943756503,4.997500416597234,99.19037561957671,36.372138725330686,9.093034681332671,0.009975583817192631,0.010000108140141047,258.438147770762,19.972959952126807
ci,176,monotonous,4,19.84005943756503,4.947175470754874,98.13060029179894,35.312363397552915,8.828090849388229,0.009686944324840917,0.0099968619655222,253.64513404433546,19.972959952126807
ci,176,proportional,4,19.84005943756503,4.939176803866022,97.88552652513228,35.06728963088625,8.766822407721563,0.009983841252539073,0.056077888461846206,690.9682859928595,19.972959952126807
ci,194,fb_only,0,20.415394361111115,2.765093304061471,55.14744420079364,0.0,,0.009956147443938227,,164.27643282498073,20.562460396972114
ci,194,full_power,1,20.415394361111115,3.015806805708013,61.411957666666666,6.264513465873023,6.264513465873023,0.009983986265410277,0.009910018314981927,187.98467634621719,20.562460396972114
ci,194,mixed,1,20.415394361111115,3.2544456641053787,63.75593500714287,8.608490806349224,8.608490806349224,0.009868065038489391,0.009996876772799685,186.27574604406303,20.562460396972114
ci,194,monotonous,1,20.415394361111115,3.246542261251372,63.15500091825398,8.00755671746034,8.00755671746034,0.009689545513141051,0.009979709528268687,183.2898995201457,20.562460396972114
ci,194,proportional,1,20.415394361111115,3.2542261251372118,63.736148407142856,8.588704206349213,8.588704206349213,0.009668783349377664,0.03344404574717185,237.99465658759664,20.562460396972114
ci,194,full_power,2,20.415394361111115,3.474643249176729,69.88813661031745,14.740692409523803,7.370346204761901,0.009992655217790839,0.009986818503478786,211.7369635118713,20.562460396972114
ci,194,mixed,2,20.415394361111115,3.6212952799121845,72.36453684523809,17.21709264444445,8.608546322222224,0.00997038777933644,0.009974074053445046,211.30975381781542,20.562460396972114
ci,194,monotonous,2,20.415394361111115,3.5088913282107574,71.3108485547619,16.16340435396826,8.08170217698413,0.009801564450359936,0.009985848066949543,208.5794125610662,20.562460396972114
ci,194,proportional,2,20.415394361111115,3.4120746432491766,68.81184278809523,13.66439858730159,6.832199293650795,0.009834533153830998,0.18798375957042676,1044.2895969426538,20.562460396972114
ci,194,full_power,3,20.415394361111115,3.841931942919868,78.46844933968255,23.321005138888907,7.773668379629636,0.009976327740289831,0.009940644967687852,234.5716669973693,20.562460396972114
ci,194,mixed,3,20.415394361111115,3.8414928649835347,78.43508598412699,23.287641783333342,7.762547261111114,0.00983538671478103,0.05896485035494445,577.278497591986,20.562460396972114
ci,194,monotonous,3,20.415394361111115,3.8434687156970364,78.5867859063492,23.439341705555563,7.813113901851854,0.00984369303876244,0.01862372638649982,293.494721447766,20.562460396972114
ci,194,proportional,3,20.415394361111115,3.6594950603732164,73.93412025634922,18.786676055555574,6.262225351851858,0.009957520189074408,0.29082726420889377,2211.1413686219216,20.562460396972114
ci,194,full_power,4,20.415394361111115,4.336333699231614,86.54110236269842,31.39365816190478,7.848414540476195,0.009923548616369062,0.009984361669303853,257.43180207483687,20.562460396972114
ci,194,mixed,4,20.415394361111115,4.317892425905598,85.03801179603175,29.89056759523811,7.472641898809528,0.009832988698739371,0.06431603029948528,765.7859418595696,20.562460396972114
ci,194,monotonous,4,20.415394361111115,4.338968166849615,86.77932236269841,31.631878161904766,7.907969540476191,0.009757267535071508,0.01122836325170335,266.36187508266414,20.562460396972114
ci,194,proportional,4,20.415394361111115,3.7712403951701425,75.88036818968254,20.7329239888889,5.183230997222225,0.009781351767836248,0.4042483544016988,3954.85886187484,20.562460396972114
ci,197,fb_only,0,22.157304039570107,2.5073367292632858,52.433326184523814,0.0,,0.009768928797743692,,161.18732516277092,22.257636132329505
ci,197,full_power,1,22.157304039570107,2.8557743480574773,59.364773409920645,6.9314472253968304,6.9314472253968304,0.009986941432379314,0.009983541848501181,188.20592281084245,22.257636132329505
ci,197,mixed,1,22.157304039570107,2.8737170227324564,61.38381765436508,8.950491469841268,8.950491469841268,0.009777703020281138,0.009978494222942688,184.74164728166232,22.257636132329505
ci,197,monotonous,1,22.157304039570107,2.871132061126739,60.683703109920636,8.250376925396822,8.250376925396822,0.009924254880752234,0.009994770892192563,187.19793804549562,22.257636132329505
ci,197,proportional,1,22.157304039570107,2.8740211358625407,61.45870605436508,9.025379869841267,9.025379869841267,0.009818140703154081,0.046148355348930095,270.2633632506323,22.257636132329505
ci,197,full_power,2,22.157304039570107,3.000760282825211,66.47999491190477,14.046668727380954,7.023334363690477,0.0099130254114535,0.009975877918823896,210.3717384841045,22.257636132329505
ci,197,mixed,2,22.157304039570107,3.1124458298487037,68.99312130873015,16.55979512420634,8.27989756210317,0.009939264246097744,0.011421526558229913,217.58766267182756,22.257636132329505
ci,197,monotonous,2,22.157304039570107,3.1068197369421426,67.90141138650795,15.468085201984131,7.7340426009920655,0.009885809182247253,0.009980518602855124,209.94444479167592,22.257636132329505
ci,197,proportional,2,22.157304039570107,2.933779365924124,64.47688540992064,12.043559225396827,6.021779612698413,0.00996101069229863,0.2897064455402301,1523.6593188976872,22.257636132329505
ci,197,full_power,3,22.157304039570107,3.553029727058466,76.02921724126985,23.595891056746034,7.865297018915345,0.009913580755126753,0.009999457570601595,233.95026484148545,22.257636132329505
ci,197,mixed,3,22.157304039570107,3.555766745229225,76.76432105238095,24.330994867857136,8.110331622619045,0.009981980272651424,0.020865179847215733,311.5518102634528,22.257636132329505
ci,197,monotonous,3,22.157304039570107,3.554170151296282,76.34450051904763,23.911174334523814,7.970391444841272,0.00998780757374315,0.00998941205211542,235.1043069895503,22.257636132329505
ci,197,proportional,3,22.157304039570107,3.010263818140348,66.93647242857143,14.50314624404762,4.834382081349207,0.00997962387149433,0.4252031549608691,3157.243598494253,22.257636132329505
ci,197,full_power,4,22.157304039570107,3.874401277275146,83.7075775111111,31.274251326587283,7.818562831646821,0.009810294239022911,0.009954971030884045,255.28730309769392,22.257636132329505
ci,197,mixed,4,22.157304039570107,3.870295750019007,82.61549932222222,30.182173137698406,7.5455432844246015,0.00992409205899559,0.04852832082220459,619.1372815689951,22.257636132329505
ci,197,monotonous,4,22.157304039570107,3.8758458146430472,84.07422445555555,31.640898271031737,7.910224567757934,0.009988945625500782,0.009999543797298184,258.65332181460906,22.257636132329505
ci,197,proportional,4,22.157304039570107,3.111153349045845,68.70521768650794,16.271891501984122,4.0679728754960305,0.009883183423361397,0.5202099786679648,5044.722966305644,22.257636132329505
ci,199,fb_only,0,10.77961014112434,5.965436503512097,63.473427261111105,0.0,,0.009966976910235962,,164.45511901889338,10.860056372377741
ci,199,full_power,1,10.77961014112434,6.8769093544430815,70.42191218174604,6.948484920634932,6.948484920634932,0.009993316842733486,0.009974752501695857,188.290497274081,10.860056372377741
ci,199,mixed,1,10.77961014112434,6.9354443081725945,72.2096913595238,8.736264098412697,8.736264098412697,0.009943614945918668,0.00999690213732481,187.52237902182202,10.860056372377741
ci,199,monotonous,1,10.77961014112434,6.931430482773999,71.80913779285713,8.335710531746024,8.335710531746024,0.009746739005548684,0.009991978814415764,184.26237589017268,10.860056372377741
ci,199,proportional,1,10.77961014112434,6.942691492920058,72.84833584285714,9.374908581746034,9.374908581746034,0.00993696940144555,0.009934797731561553,187.267030602095,10.860056372377741
ci,199,full_power,2,10.77961014112434,7.136693053852158,79.59178597460317,16.118358713492064,8.059179356746032,0.009858765183382124,0.00997544904962206,209.47443246663175,10.860056372377741
ci,199,mixed,2,10.77961014112434,7.886497937339726,81.42020213015874,17.946774869047637,8.973387434523818,0.00997760451246256,0.009985379059673628,211.48187300362088,10.860056372377741
ci,199,monotonous,2,10.77961014112434,7.148957520347865,80.60369204126984,17.130264780158733,8.565132390079366,0.00984082004281292,0.009994900822506654,209.2696053656144,10.860056372377741
ci,199,proportional,2,10.77961014112434,7.925855725275951,81.97227857460317,18.49885131349206,9.24942565674603,0.009789402761348955,0.018711552935981757,249.31975193788418,10.860056372377741
ci,199,full_power,3,10.77961014112434,8.129222878804772,89.35975893412697,25.886331673015867,8.628777224338622,0.009712654279420006,0.00992512923014126,230.1118551321643,10.860056372377741
ci,199,mixed,3,10.77961014112434,8.137250529601962,90.4404441563492,26.967016895238096,8.989005631746032,0.009886180927469543,0.009984272889474722,233.39129789937056,10.860056372377741
ci,199,monotonous,3,10.77961014112434,8.133236704203368,89.9281187452381,26.45469148412699,8.818230494708997,0.009801849540731399,0.00999653094898022,232.0861022409909,10.860056372377741
ci,199,proportional,3,10.77961014112434,8.130560820604304,89.55181145634921,26.078384195238108,8.692794731746035,0.009787760971512773,0.07206638705396864,668.7012881157921,10.860056372377741
ci,199,full_power,4,10.77961014112434,9.105808897312967,98.77365367142856,35.30022641031746,8.825056602579364,0.009690238833327093,0.009971599937090847,253.46243455955755,10.860056372377741
ci,199,mixed,4,10.77961014112434,9.129222878804772,100.13990204920634,36.666474788095236,9.166618697023809,0.009987329971971388,0.00999799442151275,258.61212418900357,10.860056372377741
ci,199,monotonous,4,10.77961014112434,9.1097112275616,99.1743441047619,35.700916843650795,8.925229210912699,0.009676556817052102,0.009994324858403856,253.44993195262148,10.860056372377741
ci,199,proportional,4,10.77961014112434,8.952503066116623,94.9845535952381,31.511126334126992,7.877781583531748,0.009990376592003568,0.15237047479632726,1594.685749256794,10.860056372377741
ci,216,fb_only,0,39.16374474926587,1.288748564867968,52.242248075,0.0,,0.009747406423869684,,160.83220599384978,39.49335544493763
ci,216,full_power,1,39.16374474926587,1.5765403750478377,59.74663450119048,7.504386426190479,7.504386426190479,0.009975966559000132,0.009769791248166466,187.5233784917007,39.49335544493763
ci,216,mixed,1,39.16374474926587,1.599502487562189,61.562451345634926,9.320203270634927,9.320203270634927,0.00989979070596551,0.03287386175179313,240.4686263181376,39.49335544493763
ci,216,monotonous,1,39.16374474926587,1.5949100650593189,61.18326781230159,8.941019737301588,8.941019737301588,0.009882570281934776,0.02975564145405874,232.8691445031456,39.49335544493763
ci,216,proportional,1,39.16374474926587,1.6002678913126673,61.627270490079376,9.385022415079376,9.385022415079376,0.009874013401714857,0.03230422810811285,238.70694026992788,39.49335544493763
ci,216,full_power,2,39.16374474926587,1.756601607347876,68.31443067896825,16.07218260396825,8.036091301984126,0.009869720917986179,0.009952484965649374,209.5474546055988,39.49335544493763
ci,216,mixed,2,39.16374474926587,1.760811327975507,68.67260989007936,16.430361815079358,8.215180907539679,0.009858761479543123,0.06709465926360515,477.47770567729697,39.49335544493763
ci,216,monotonous,2,39.16374474926587,1.760811327975507,68.67260989007936,16.430361815079358,8.215180907539679,0.009825982143880968,0.031516997202549246,310.00645624839706,39.49335544493763
ci,216,proportional,2,39.16374474926587,1.6618828932261769,65.74456413452381,13.502316059523814,6.751158029761907,0.00987939768443066,0.25880633446391177,1377.32938309778,39.49335544493763
ci,216,full_power,3,39.16374474926587,1.9389590508993495,77.85370289880953,25.61145482380953,8.53715160793651,0.009980922439297107,0.009958398857913374,234.7724314103966,39.49335544493763
ci,216,mixed,3,39.16374474926587,1.7941063911213164,71.67887401785713,19.436625942857127,6.478875314285709,0.009947920275392088,0.2450982448963821,1889.1421321247064,39.49335544493763
ci,216,monotonous,3,39.16374474926587,1.8251052430156909,74.40066078452382,22.158412709523823,7.386137569841274,0.009893397319582775,0.14290865999520014,1169.0322048193343,39.49335544493763
ci,216,proportional,3,39.16374474926587,1.7539226942212016,68.13308461230157,15.890836537301574,5.296945512433858,0.009854232971175207,0.42981156720271946,3187.60865399713,39.49335544493763
ci,216,full_power,4,39.16374474926587,2.187332567929583,82.96411999523808,30.72187192023808,7.68046798005952,0.00998958938509618,0.09808054392379989,1085.2160490350252,39.49335544493763
ci,216,mixed,4,39.16374474926587,1.8256792958285495,74.44378161785716,22.201533542857156,5.550383385714289,0.009903340288736647,0.3714526055988767,3649.116365704014,39.49335544493763
ci,216,monotonous,4,39.16374474926587,2.176425564485266,81.95295840634921,29.710710331349212,7.427677582837303,0.009682998285111814,0.14367806733967797,1508.0444556198831,39.49335544493763
ci,216,proportional,4,39.16374474926587,1.7611940298507462,68.70174387896824,16.459495803968245,4.114873950992061,0.009711763758774077,0.5518398922631753,5338.709651017409,39.49335544493763
ci,218,fb_only,0,49.7750512923589,1.2456339154779363,52.43450687142857,0.0,,0.00978914671953362,,161.52092087230474,50.13571054865324
ci,218,full_power,1,49.7750512923589,1.4283428876149846,58.67948175555555,6.244974884126982,6.244974884126982,0.009940803215050911,0.009879324734896475,187.20014887640716,50.13571054865324
ci,218,mixed,1,49.7750512923589,1.5025996533795494,60.70410749444445,8.269600623015883,8.269600623015883,0.009960099808367836,0.009988536072017582,187.77475246302254,50.13571054865324
ci,218,monotonous,1,49.7750512923589,1.5004666044527397,60.19861203888889,7.764105167460322,7.764105167460322,0.009804139212168638,0.009980266907413857,185.18200316557542,50.13571054865324
ci,218,proportional,1,49.7750512923589,1.502399680042661,60.65516306111112,8.22065618968255,8.22065618968255,0.009694224030979397,0.03776069985459384,248.54129837003723,50.13571054865324
ci,218,full_power,2,49.7750512923589,1.524263431542461,65.91723349444445,13.482726623015878,6.741363311507939,0.009762728487587389,0.009919657939176074,207.62805509580608,50.13571054865324
ci,218,mixed,2,49.7750512923589,1.5251966404479402,66.18690358333333,13.752396711904765,6.876198355952383,0.009907620885437167,0.10374012231033643,650.2243984898117,50.13571054865324
ci,218,monotonous,2,49.7750512923589,1.5251966404479402,66.18690358333333,13.752396711904765,6.876198355952383,0.009934172583954968,0.05908798372592666,441.15466727730484,50.13571054865324
ci,218,proportional,2,49.7750512923589,1.5189308092254366,64.52684574999999,12.092338878571425,6.046169439285713,0.009743458691826853,0.2643039917922587,1400.881397904421,50.13571054865324
ci,218,full_power,3,49.7750512923589,1.577522996933742,75.03350498333333,22.598998111904763,7.532999370634921,0.009842369309329472,0.009964367381822098,232.5283112372002,50.13571054865324
ci,218,mixed,3,49.7750512923589,1.5604586055192642,71.19324925,18.758742378571426,6.2529141261904755,0.009940285992242849,0.18712862753460685,1481.0259994605701,50.13571054865324
ci,218,monotonous,3,49.7750512923589,1.5738568190907878,73.99041587222221,21.555909000793648,7.1853030002645495,0.009964628512651298,0.0659021238263892,628.2355179488736,50.13571054865324
ci,218,proportional,3,49.7750512923589,1.523930142647647,65.82412571666666,13.38961884523809,4.46320628174603,0.00985434977444315,0.44214334274308686,3274.401617504158,50.13571054865324
ci,218,full_power,4,49.7750512923589,1.9322090387948274,84.11006151746031,31.675554646031742,7.9188886615079355,0.009922570730978755,0.009971664444398638,257.2965162073863,50.13571054865324
ci,218,mixed,4,49.7750512923589,1.5763231569124116,74.72318317222222,22.288676300793654,5.572169075198413,0.009791167200928142,0.2976310648479789,2954.5241713487485,50.13571054865324
ci,218,monotonous,4,49.7750512923589,1.7068390881215838,80.40858695396824,27.974080082539672,6.993520020634918,0.009865744252361409,0.10998417496256593,1194.876278012682,50.13571054865324
ci,218,proportional,4,49.7750512923589,1.5259298760165312,66.40332238333335,13.96881551190478,3.492203877976195,0.009955005993069194,0.5557841885590522,5379.736424323787,50.13571054865324
ci,220,fb_only,0,13.553315878368604,4.8698703279938975,64.94099917698414,0.0,,0.009998772006467807,,164.9797381067188,13.688438219379336
ci,220,full_power,1,13.553315878368604,5.173760488176964,72.66815237830689,7.72715320132275,7.72715320132275,0.00999626820560741,0.009741294513738525,187.79150232175286,13.688438219379336
ci,220,mixed,1,13.553315878368604,5.242105263157895,73.83808575767196,8.897086580687827,8.897086580687827,0.009982820930338135,0.010001794434535163,188.18075509399873,13.688438219379336
ci,220,monotonous,1,13.553315878368604,5.239664378337147,73.80565565767195,8.864656480687813,8.864656480687813,0.009890864065731208,0.00999607807550085,186.65005624968992,13.688438219379336
ci,220,proportional,1,13.553315878368604,5.252936689549962,73.99217890211641,9.051179725132272,9.051179725132272,0.009975228001632362,0.009988365849736095,188.02396831041486,13.688438219379336
ci,220,full_power,2,13.553315878368604,6.064683447749809,82.35551774550264,17.414518568518503,8.707259284259251,0.009971724586519081,0.009965761795054028,211.29281001995832,13.688438219379336
ci,220,mixed,2,13.553315878368604,6.10511060259344,83.6730578121693,18.73205863518517,9.366029317592584,0.009680329997978207,0.009995929634734968,206.6263468128169,13.688438219379336
ci,220,monotonous,2,13.553315878368604,6.099771167048055,83.42534910105819,18.484349924074053,9.242174962037026,0.009990384459249258,0.00999787232465976,211.75136052491635,13.688438219379336
ci,220,proportional,2,13.553315878368604,6.1092295957284515,83.84672577883597,18.90572660185184,9.45286330092592,0.00980682096419462,0.009952665244717976,208.510451237428,13.688438219379336
ci,220,full_power,3,13.553315878368604,6.841495041952708,90.9652614558201,26.024262278835963,8.67475409294532,0.00993391557408171,0.009936663347550173,233.84384361240635,13.688438219379336
ci,220,mixed,3,13.553315878368604,6.88421052631579,92.6172134558201,27.67621427883597,9.22540475961199,0.009932216965390872,0.010000275259253085,234.2635172035726,13.688438219379336
ci,220,monotonous,3,13.553315878368604,6.867124332570556,91.93431116693122,26.993311989947088,8.997770663315697,0.009761466824715185,0.009998825509923006,231.43593654663866,13.688438219379336
ci,220,proportional,3,13.553315878368604,6.910450038138825,93.36948018915345,28.428481012169314,9.476160337389771,0.009979424074875091,0.009990063251234346,234.97056239762634,13.688438219379336
ci,220,full_power,4,13.553315878368604,7.225476735316552,100.72561451428571,35.784615337301574,8.946153834325393,0.009994106724931057,0.009999227221677407,258.73550920958326,13.688438219379336
ci,220,mixed,4,13.553315878368604,7.295957284515637,101.41253578095237,36.47153660396823,9.117884150992058,0.009951716920508754,0.009998676598054613,258.0309103845389,13.688438219379336
ci,220,monotonous,4,13.553315878368604,7.257513348588864,101.1592013920635,36.21820221507936,9.05455055376984,0.00997707792883004,0.009999486151414053,258.4569638705651,13.688438219379336
ci,220,proportional,4,13.553315878368604,7.693668954996186,101.72962650634922,36.788627329365085,9.197156832341271,0.009968716744693271,0.010000000934636592,258.32383505806877,13.688438219379336
ci,221,fb_only,0,12.612533003505293,5.124417055296469,65.3876751920635,0.0,,0.009914532414134416,,163.58978483321786,12.710309787120979
ci,221,full_power,1,12.612533003505293,5.7944703530979345,72.05532582460317,6.667650632539676,6.667650632539676,0.009966775515988069,0.009839023390174235,187.5341448871519,12.710309787120979
ci,221,mixed,1,12.612533003505293,5.874417055296469,74.2685702468254,8.880895054761908,8.880895054761908,0.0099967029778547,0.009997668245861908,188.40012883939457,12.710309787120979
ci,221,monotonous,1,12.612533003505293,5.864090606262492,74.00727397738095,8.61959878531745,8.61959878531745,0.009702746844006653,0.00999278084734623,183.53838679398402,12.710309787120979
ci,221,proportional,1,12.612533003505293,5.8949033977348435,74.64130418015874,9.253628988095244,9.253628988095244,0.009871674441588395,0.009985972473457607,186.30971970894004,12.710309787120979
ci,221,full_power,2,12.612533003505293,6.197868087941372,81.17697185714287,15.789296665079377,7.894648332539688,0.009961976004107077,0.009885438123614093,210.75507974376407,12.710309787120979
ci,221,mixed,2,12.612533003505293,6.636075949367089,82.46873119523809,17.081056003174595,8.540528001587298,0.009822696450464893,0.009997609783090167,208.98327653492981,12.710309787120979
ci,221,monotonous,2,12.612533003505293,6.205696202531645,81.51909745714285,16.13142226507935,8.065711132539676,0.009881997608796995,0.009997920650967496,209.96320423948993,12.710309787120979
ci,221,proportional,2,12.612533003505293,6.644570286475683,82.75580300634923,17.368127814285728,8.684063907142864,0.009961292356728423,0.019693626103070704,256.7638175616267,12.710309787120979
ci,221,full_power,3,12.612533003505293,7.146069287141906,91.62878088888888,26.241105696825386,8.74703523227513,0.00986857516211292,0.009959843552993985,232.92886910083485,12.710309787120979
ci,221,mixed,3,12.612533003505293,7.162891405729513,92.3837543,26.99607910793651,8.998693035978837,0.009959336857063503,0.009996321673517883,234.68317007976665,12.710309787120979
ci,221,monotonous,3,12.612533003505293,7.154063957361759,91.93780424444445,26.550129052380953,8.850043017460317,0.009998912983894952,0.010000005453565127,235.3621026164581,12.710309787120979
ci,221,proportional,3,12.612533003505293,7.159393737508328,92.1876778111111,26.800002619047604,8.933334206349201,0.009651333418091594,0.03575685900082817,410.90377504634,12.710309787120979
ci,221,full_power,4,12.612533003505293,8.018654230512992,101.1415358484127,35.753860656349204,8.938465164087301,0.009998903529260934,0.009940136896108814,258.2601528658905,12.710309787120979
ci,221,mixed,4,12.612533003505293,8.10759493670886,102.72380955396825,37.336134361904755,9.334033590476189,0.009838509575918713,0.009997015328062136,256.1473998411939,12.710309787120979
ci,221,monotonous,4,12.612533003505293,8.043804130579614,101.40512946031745,36.01745426825396,9.00436356706349,0.009941675317419593,0.009996769096582083,257.8473239397496,12.710309787120979
ci,221,proportional,4,12.612533003505293,8.01815456362425,101.13588842619048,35.74821323412698,8.937053308531745,0.009975146560582489,0.04064153477071203,545.9700805379728,12.710309787120979
ci,226,fb_only,0,40.60620016186508,1.0083084829047806,48.58832737380953,0.0,,0.009874160083400375,,162.9236413761062,41.06018052264711
ci,226,full_power,1,40.60620016186508,1.0147977268891015,55.15679624047619,6.568468866666663,6.568468866666663,0.009879150419782518,0.009834475680209941,186.07766187218408,41.06018052264711
ci,226,mixed,1,40.60620016186508,1.0152853579399463,55.63277241825397,7.044445044444444,7.044445044444444,0.009972081994533793,0.15910163092024301,537.7917790486977,41.06018052264711
ci,226,monotonous,1,40.60620016186508,1.014366360959508,54.714379629365084,6.126052255555557,6.126052255555557,0.009722881107900531,0.25171979134420636,750.9621687738668,41.06018052264711
ci,226,proportional,1,40.60620016186508,1.0160918246778823,56.43971875158731,7.85139137777778,7.85139137777778,0.009886220085548372,0.09834139061857367,393.83153380272194,41.06018052264711
ci,226,full_power,2,40.60620016186508,1.9758435079427596,64.4452187404762,15.856891366666666,7.928445683333333,0.009954946645595143,0.00995065971437699,210.9451150321767,41.06018052264711
ci,226,mixed,2,40.60620016186508,1.0230311896322137,60.26919724047619,11.680869866666661,5.840434933333331,0.009779923438932041,0.3200992328349249,1663.2743372038462,41.06018052264711
ci,226,monotonous,2,40.60620016186508,1.019917852922973,58.442218462698406,9.85389108888888,4.92694554444444,0.009755507091873377,0.3750016537221424,1920.473626280203,41.06018052264711
ci,226,proportional,2,40.60620016186508,1.0200678932463099,58.563449762698426,9.975122388888899,4.987561194444449,0.00965507055820409,0.39728297180157474,2023.360367903356,41.06018052264711
ci,226,full_power,3,40.60620016186508,1.9758997730640109,64.48697987380953,15.898652500000004,5.299550833333335,0.00984655435380609,0.35303271945007597,2647.112426327435,41.06018052264711
ci,226,mixed,3,40.60620016186508,1.9712860331214013,62.31769640714287,13.729369033333342,4.5764563444444475,0.009916385639302708,0.4649924973074854,3436.2375590985766,41.06018052264711
ci,226,monotonous,3,40.60620016186508,1.9733115774864496,63.19113620714287,14.602808833333341,4.867602944444447,0.009915394696447824,0.42272035750107295,3138.7098885839405,41.06018052264711
ci,226,proportional,3,40.60620016186508,1.0228436392280424,60.14235331825397,11.55402594444444,3.85134198148148,0.00988441882922529,0.5745648013215957,4206.879982383608,41.06018052264711
ci,226,full_power,4,40.60620016186508,1.9758997730640109,64.48697987380953,15.898652500000004,3.974663125000001,0.00984655435380609,0.5213902045930152,5055.193826738655,41.06018052264711
ci,226,mixed,4,40.60620016186508,1.9741555543052196,63.36384770714287,14.77552033333334,3.693880083333335,0.009759769898587,0.5745068044751529,5552.20805652152,41.06018052264711
ci,226,monotonous,4,40.60620016186508,1.9757497327406741,64.3770058404762,15.788678466666674,3.9471696166666685,0.009852715145521579,0.5287966134480755,5124.797220497847,41.06018052264711
ci,226,proportional,4,40.60620016186508,1.025094244078096,60.4977979515873,11.909470577777775,2.9773676444444437,0.009961908422411896,0.6729752985972205,6479.571691006114,41.06018052264711
ci,227,fb_only,0,25.88341015381944,2.423396400553761,53.27638623055556,0.0,,0.009779989468540853,,161.36982623092408,26.016483616752435
ci,227,full_power,1,25.88341015381944,2.6363636363636362,60.34507340992064,7.068687179365078,7.068687179365078,0.009931632892937458,0.009872783638921624,187.03349315037818,26.016483616752435
ci,227,mixed,1,25.88341015381944,2.65286109829257,62.11122893214286,8.834842701587299,8.834842701587299,0.00996729545952905,0.01611042139304045,202.2554236703022,26.016483616752435
ci,227,monotonous,1,25.88341015381944,2.6492847254268574,61.66933105436508,8.392944823809522,8.392944823809522,0.00993632612231076,0.010685727526456296,189.018097795194,26.016483616752435
ci,227,proportional,1,25.88341015381944,2.685163820950623,62.94703334325397,9.670647112698411,9.670647112698411,0.00993380815882868,0.023278622446978148,218.51948288128395,26.016483616752435
ci,227,full_power,2,25.88341015381944,2.749884633133364,68.52692174007936,15.2505355095238,7.6252677547619,0.009811167359315162,0.00993771150573647,208.5120038136157,26.016483616752435
ci,227,mixed,2,25.88341015381944,2.771458237194278,70.04422571785715,16.767839487301586,8.383919743650793,0.009688106851809408,0.04507304089879294,371.3364709519917,26.016483616752435
ci,227,monotonous,2,25.88341015381944,2.7649976926626674,69.2200100845238,15.943623853968248,7.971811926984124,0.009990450275751189,0.029433902806155002,302.94630151637386,26.016483616752435
ci,227,proportional,2,25.88341015381944,2.7451545916012923,67.85844229563492,14.582056065079357,7.291028032539678,0.009921073221837617,0.17643211655167534,991.5171990207814,26.016483616752435
ci,227,full_power,3,25.88341015381944,2.941047531149054,76.23406650039682,22.957680269841262,7.652560089947087,0.009959287256927874,0.009940363223604417,234.2885161070378,26.016483616752435
ci,227,mixed,3,25.88341015381944,2.865366866635902,74.7186957845238,21.442309553968244,7.147436517989415,0.009938005349875335,0.12293275879102773,1029.1778446441963,26.016483616752435
ci,227,monotonous,3,25.88341015381944,2.985579141670512,77.30100939722223,24.02462316666667,8.008207722222224,0.009899866493453117,0.009989771330068998,233.65580776300203,26.016483616752435
ci,227,proportional,3,25.88341015381944,2.78772496538994,70.77244461785713,17.496058387301574,5.832019462433858,0.00987429562655882,0.34763255402359633,2609.5637930562916,26.016483616752435
ci,227,full_power,4,25.88341015381944,3.4968850946008305,84.56476294146826,31.2883767109127,7.822094177728175,0.009766034426688629,0.009993870468856124,254.92204852010826,26.016483616752435
ci,227,mixed,4,25.88341015381944,3.4571988924780803,82.2898485890873,29.01346235853174,7.253365589632935,0.009787711272754776,0.11069810233886014,1200.2882283483173,26.016483616752435
ci,227,monotonous,4,25.88341015381944,3.497577295800646,84.66078684146825,31.384400610912692,7.846100152728173,0.009783288589923464,0.0165809203455813,317.01961825667206,26.016483616752435
ci,227,proportional,4,25.88341015381944,2.7940701430549146,71.5137356956349,18.237349465079348,4.559337366269837,0.009967433718165821,0.4704639547827524,4579.296408031084,26.016483616752435
ci,230,fb_only,0,21.86373471861993,2.8073190456934896,58.284747460582004,0.0,,0.00980641438580774,,161.8058373658277,22.04204664935586
ci,230,full_power,1,21.86373471861993,2.9658309745248688,65.14457118280423,6.859823722222224,6.859823722222224,0.009988375594620777,0.009753195747701652,187.6891945353509,22.04204664935586
ci,230,mixed,1,21.86373471861993,3.045289122523251,67.1453734531746,8.860625992592595,8.860625992592595,0.009935273009172059,0.009912614144295267,187.18699743385565,22.04204664935586
ci,230,monotonous,1,21.86373471861993,3.0410432672866965,66.78668438650794,8.50193692592594,8.50193692592594,0.00976234222335383,0.009975926145756443,184.48216942328284,22.04204664935586
ci,230,proportional,1,21.86373471861993,3.046704407602103,67.26124914206349,8.976501681481487,8.976501681481487,0.00990631990899407,0.017060055468040056,203.47716862642412,22.04204664935586
ci,230,full_power,2,21.86373471861993,3.218560452891225,73.46006401349206,15.175316552910054,7.587658276455027,0.00984688338694344,0.009956969799349315,209.19167818311377,22.04204664935586
ci,230,mixed,2,21.86373471861993,3.2929640113222804,76.63402812460316,18.34928066402116,9.17464033201058,0.00992042188439783,0.009953044456709527,210.3866456834453,22.04204664935586
ci,230,monotonous,2,21.86373471861993,3.2737565709664374,75.74027101349206,17.45552355291006,8.72776177645503,0.009892361435737225,0.009972156476275952,210.01332187635097,22.04204664935586
ci,230,proportional,2,21.86373471861993,3.263243024666397,75.23612492460316,16.951377464021157,8.475688732010578,0.00989201107265709,0.07653837564442169,522.3362412224685,22.04204664935586
ci,230,full_power,3,21.86373471861993,3.8730287100687426,83.17647362460316,24.891726164021158,8.297242054673719,0.00998747387725389,0.009970036503776845,234.96243588827062,22.04204664935586
ci,230,mixed,3,21.86373471861993,3.893651435503437,83.8279254579365,25.543177997354498,8.514392665784833,0.009757469352008226,0.03373000115628308,398.38999244605606,22.04204664935586
ci,230,monotonous,3,21.86373471861993,3.893247068338051,83.79083285793651,25.506085397354504,8.502028465784834,0.009943726111353132,0.011922797267316852,247.98412800470265,22.04204664935586
ci,230,proportional,3,21.86373471861993,3.8135867367569753,80.43166739126984,22.146919930687837,7.382306643562612,0.009776602811179282,0.19467634360098332,1531.446052648179,22.04204664935586
ci,230,full_power,4,21.86373471861993,4.072179539021431,91.04612167275133,32.76137421216932,8.19034355304233,0.009956501271748524,0.009977004602136626,257.90648217030076,22.04204664935586
ci,230,mixed,4,21.86373471861993,4.050545895673271,89.44291959497355,31.158172134391542,7.7895430335978855,0.00978062667963064,0.0897496956287017,1003.5914839936424,22.04204664935586
ci,230,monotonous,4,21.86373471861993,4.072988273352204,91.11789301719578,32.83314555661378,8.208286389153445,0.00992012154098561,0.022586973518553276,375.6381649243665,22.04204664935586
ci,230,proportional,4,21.86373471861993,3.848564496562879,81.9760367357143,23.6912892751323,5.922822318783075,0.009753506335869149,0.33805735460430275,3333.263070148618,22.04204664935586
ci,234,fb_only,0,28.107150316964287,1.9977975116567868,54.86464665753968,0.0,,0.009870351793074172,,162.86080458572383,28.366837313621687
ci,234,full_power,1,28.107150316964287,2.0610721900700577,61.27300985317461,6.4083631956349265,6.4083631956349265,0.009997102486227484,0.009847511854160945,188.05445383261505,28.366837313621687
ci,234,mixed,1,28.107150316964287,2.0625951873286628,63.02784749761905,8.16320084007937,8.16320084007937,0.009965466566854932,0.01865156215644576,208.18676317212814,28.366837313621687
ci,234,monotonous,1,28.107150316964287,2.0621382881510812,62.648607953174604,7.783961295634924,7.783961295634924,0.009958612801676862,0.015049356962781705,199.6229026623541,28.366837313621687
ci,234,proportional,1,28.107150316964287,2.063028655779189,63.17567491984127,8.31102826230159,8.31102826230159,0.009920173520542747,0.02297431309466787,217.58060160904614,28.366837313621687
ci,234,full_power,2,28.107150316964287,2.9705358607277583,69.43274478333333,14.568098125793654,7.284049062896827,0.009944533567734712,0.009905870613870877,210.5631487879049,28.366837313621687
ci,234,mixed,2,28.107150316964287,2.972738349070972,71.22002821666666,16.355381559126982,8.177690779563491,0.009657142292132848,0.020264663854215853,254.42465062417278,28.366837313621687
ci,234,monotonous,2,28.107150316964287,2.9718714121699197,70.49700072777777,15.632354070238094,7.816177035119047,0.009710594881412878,0.01010260706673021,207.62624790041062,28.366837313621687
ci,234,proportional,2,28.107150316964287,2.970547576091286,69.44750375000001,14.58285709246033,7.291428546230165,0.009904237814736835,0.13790665443989278,810.4779465751346,28.366837313621687
ci,234,full_power,3,28.107150316964287,2.98740598420769,77.97186337460319,23.10721671706351,7.702405572354503,0.009913329231972492,0.009995067696375865,233.91521877463947,28.366837313621687
ci,234,mixed,3,28.107150316964287,2.992349867616392,79.70149035238096,24.836843694841278,8.278947898280427,0.009947501014196329,0.01739324963022067,286.5474576317325,28.366837313621687
ci,234,monotonous,3,28.107150316964287,2.99148293071534,79.12734170793652,24.262695050396843,8.087565016798948,0.009977116205364575,0.009983307290670266,234.88493410025282,28.366837313621687
ci,234,proportional,3,28.107150316964287,2.9793926755547226,72.85080966666666,17.986163009126983,5.995387669708994,0.009993621227360604,0.2871230343634961,2185.6666661017357,28.366837313621687
ci,234,full_power,4,28.107150316964287,3.0064083038496685,86.44979563769843,31.58514898015875,7.896287245039687,0.009886568575597141,0.009964414758900572,256.6344495948758,28.366837313621687
ci,234,mixed,4,28.107150316964287,3.000386606996415,84.9056641154762,30.04101745793652,7.51025436448413,0.009827396897592365,0.09281339834279503,1033.1129788590627,28.366837313621687
ci,234,monotonous,4,28.107150316964287,3.0066308957566954,86.82889582658731,31.964249169047633,7.991062292261908,0.009945087109878814,0.015829675770863555,312.639614746784,28.366837313621687
ci,234,proportional,4,28.107150316964287,2.9812202722650483,74.73569004444445,19.871043386904773,4.967760846726193,0.00975763872378001,0.41938924087111906,4096.549675276951,28.366837313621687
ci,240,fb_only,0,26.63299147786155,2.0660203911081396,59.05280611640211,0.0,,0.00978583512561812,,161.46627957269897,26.81064049993252
ci,240,full_power,1,26.63299147786155,2.4134213605214776,66.75762632037038,7.704820203968268,7.704820203968268,0.009841241075730532,0.009743030348832308,185.23762694791435,26.81064049993252
ci,240,mixed,1,26.63299147786155,2.745946849406652,68.55770448703703,9.504898370634919,9.504898370634919,0.009987021473543684,0.009980027523621446,188.1989988838867,26.81064049993252
ci,240,monotonous,1,26.63299147786155,2.7446932976767506,68.31528492037036,9.26247880396825,9.26247880396825,0.009653358083104089,0.009995851153809129,182.7306751780537,26.81064049993252
ci,240,proportional,1,26.63299147786155,2.7470332609059,68.76868265370369,9.715876537301583,9.715876537301583,0.009798027719672586,0.016453347141376713,200.26700976826743,26.81064049993252
ci,240,full_power,2,26.63299147786155,2.9116663880996154,74.79030157830688,15.737495461904771,7.868747730952386,0.009877738864399662,0.00992169682130342,209.53529274815006,26.81064049993252
ci,240,mixed,2,26.63299147786155,2.931639645662711,76.44723240608465,17.394426289682542,8.697213144841271,0.00983119655490079,0.011949019296297617,218.27954169409145,26.81064049993252
ci,240,monotonous,2,26.63299147786155,2.9168477352498745,75.86643296719578,16.813626850793668,8.406813425396834,0.009652173096988464,0.009974188219758786,206.0597472274179,26.81064049993252
ci,240,proportional,2,26.63299147786155,2.912669229483537,74.9930808005291,15.94027468412699,7.970137342063495,0.009916620699235868,0.10119059862596583,638.4105302904235,26.81064049993252
ci,240,full_power,3,26.63299147786155,3.0313387932475346,82.74437593015871,23.6915698137566,7.897189937918867,0.00989416935147832,0.009919997955685633,233.07073991150776,26.81064049993252
ci,240,mixed,3,26.63299147786155,3.0757980946013705,86.22842726428571,27.175621147883604,9.058540382627868,0.009982763133134483,0.009998704263837742,235.086472305609,26.81064049993252
ci,240,monotonous,3,26.63299147786155,3.0477185358515793,84.87303127460318,25.82022515820107,8.606741719400356,0.009992353190362714,0.009995521298241222,235.2223065380065,26.81064049993252
ci,240,proportional,3,26.63299147786155,3.01495905064349,80.53376198571428,21.48095586931217,7.1603186231040565,0.009939964961469813,0.20412397636076887,1600.6339674913431,26.81064049993252
ci,240,full_power,4,26.63299147786155,3.4022229650676916,92.75209827857142,33.699292162169314,8.424823040542329,0.009695435771069091,0.0099615031087885,253.4534353955113,26.81064049993252
ci,240,mixed,4,26.63299147786155,3.727979274611399,94.24632346746031,35.193517351058205,8.798379337764551,0.009810335147499452,0.009998950472127732,255.70068116418759,26.81064049993252
ci,240,monotonous,4,26.63299147786155,3.435233160621762,93.62250631190477,34.56970019550266,8.642425048875666,0.009842910797752505,0.009995118906770292,256.20222398404877,26.81064049993252
ci,240,proportional,4,26.63299147786155,3.0416179174327262,84.20530106349207,25.152494947089963,6.288123736772491,0.009719541812974289,0.3158889280319767,3124.674140566145,26.81064049993252
ci,244,fb_only,0,11.816224842248678,4.106714962385065,52.004673623809516,0.0,,0.00966751084532914,,159.51392894793082,11.806924045658077
ci,244,full_power,1,11.816224842248678,4.933964892727779,58.118915548412694,6.114241924603178,6.114241924603178,0.009664406516417335,0.009878107103062257,182.6367467846701,11.806924045658077
ci,244,mixed,1,11.816224842248678,5.050710504318752,60.30782345476191,8.303149830952393,8.303149830952393,0.00990094568046979,0.020359727588389977,211.12952465011443,11.806924045658077
ci,244,monotonous,1,11.816224842248678,5.042073000835887,59.834870599206354,7.830196975396838,7.830196975396838,0.009805183404412741,0.009969249628602368,185.1733858015114,11.806924045658077
ci,244,proportional,1,11.816224842248678,5.051825020897186,60.369485988095235,8.364812364285719,8.364812364285719,0.009813761857275068,0.04226119154138097,261.0718260011184,11.806924045658077
ci,244,full_power,2,11.816224842248678,5.8601281694065195,66.9870004126984,14.98232678888889,7.491163394444445,0.009955738682246543,0.00990071393999117,210.72383806350652,11.806924045658077
ci,244,mixed,2,11.816224842248678,5.867372527166341,67.41524041269842,15.410566788888907,7.705283394444454,0.009799806020520996,0.06935038540553515,487.08880766136735,11.806924045658077
ci,244,monotonous,2,11.816224842248678,5.866536639732516,67.3659932126984,15.361319588888882,7.680659794444441,0.009917352884086668,0.025548106180116825,283.50803678453815,11.806924045658077
ci,244,proportional,2,11.816224842248678,5.752855948732237,64.82605386825396,12.821380244444448,6.410690122222224,0.009889799994921957,0.2626396471505236,1395.486924346469,11.806924045658077
ci,244,full_power,3,11.816224842248678,6.103371412649763,75.42081173015872,23.4161381063492,7.8053793687830675,0.009747412968834988,0.009944135195600034,230.81913749241036,11.806924045658077
ci,244,mixed,3,11.816224842248678,6.049595987740318,72.06440258571429,20.059728961904774,6.6865763206349245,0.009939840273799553,0.16842352112976328,1349.3721062289667,11.806924045658077
ci,244,monotonous,3,11.816224842248678,6.097520200612984,75.04087924126983,23.03620561746032,7.678735205820106,0.009973427966870776,0.05103570697916727,523.750867172747,11.806924045658077
ci,244,proportional,3,11.816224842248678,5.852883811646699,66.53251914603175,14.52784552222223,4.842615174074076,0.009847304628537699,0.4429080999651661,3279.667733925711,11.806924045658077
ci,244,full_power,4,11.816224842248678,7.038172192811368,83.26401935,31.25934572619048,7.81483643154762,0.009874993264603643,0.009957295952144844,256.3766540808873,11.806924045658077
ci,244,mixed,4,11.816224842248678,6.102814154360546,75.38478633015872,23.380112706349202,5.8450281765873005,0.009708416435499407,0.2930194259989374,2909.8831647597685,11.806924045658077
ci,244,monotonous,4,11.816224842248678,6.895235441627194,79.83536403253969,27.83069040873017,6.957672602182543,0.009796511286601242,0.09677555091593555,1069.7842060240598,11.806924045658077
ci,244,proportional,4,11.816224842248678,5.864864864864865,67.26681373492063,15.262140111111115,3.815535027777779,0.009665318198345839,0.5595975728303669,5410.74137371287,11.806924045658077
ci,246,fb_only,0,20.878114362870374,2.729720744680851,51.42777777063492,0.0,,0.009888967668106685,,163.1679665237603,20.99835800812837
ci,246,full_power,1,20.878114362870374,2.9409906914893615,57.41813118015873,5.990353409523813,5.990353409523813,0.009879058685865418,0.00994437507001146,186.33397223102628,20.99835800812837
ci,246,mixed,1,20.878114362870374,2.956283244680851,59.10858022460318,7.680802453968262,7.680802453968262,0.00971886295464832,0.04628689613110382,268.95029707526686,20.99835800812837
ci,246,monotonous,1,20.878114362870374,2.9517952127659575,58.59720222460317,7.169424453968254,7.169424453968254,0.00978678985473731,0.04766407395899831,273.30195011097567,20.99835800812837
ci,246,proportional,1,20.878114362870374,2.9574468085106385,59.24916382460318,7.821386053968261,7.821386053968261,0.009963524492048475,0.05572362484428218,295.12577800348583,20.99835800812837
ci,246,full_power,2,20.878114362870374,3.3892952127659575,66.86663329365079,15.438855523015874,7.719427761507937,0.009991338257434956,0.009999673878383592,211.7755510850526,20.99835800812837
ci,246,mixed,2,20.878114362870374,3.612034574468085,68.04021942857143,16.612441657936515,8.306220828968257,0.009813218734476938,0.02182274676985242,264.310436963017,20.99835800812837
ci,246,monotonous,2,20.878114362870374,3.4069148936170213,67.64096691587301,16.21318914523809,8.106594572619045,0.00993371141203095,0.00997033254965328,210.68703862148388,20.99835800812837
ci,246,proportional,2,20.878114362870374,2.9867021276595747,62.202896057936506,10.775118287301588,5.387559143650794,0.00989759833400651,0.3271223528277024,1698.1684519786872,20.99835800812837
ci,246,full_power,3,20.878114362870374,3.744847074468085,74.0385135373016,22.61073576666668,7.5369119222222265,0.009872920278891171,0.009934898788571183,232.82500227566828,20.99835800812837
ci,246,mixed,3,20.878114362870374,3.733876329787234,72.79053551507936,21.362757744444437,7.120919248148145,0.009718010141891815,0.12674540862707356,1052.3813532585586,20.99835800812837
ci,246,monotonous,3,20.878114362870374,3.7465093085106385,74.20307717063491,22.775299399999994,7.591766466666665,0.009856351741302508,0.036047742912611674,416.33381835045236,20.99835800812837
ci,246,proportional,3,20.878114362870374,3.387466755319149,66.6822452936508,15.254467523015876,5.084822507671959,0.009921883477143461,0.4232987115408659,3142.8874091974817,20.99835800812837
ci,246,full_power,4,20.878114362870374,3.96875,81.23474456904762,29.806966798412702,7.451741699603176,0.009751764391650049,0.009986558988911435,254.6179820141707,20.99835800812837
ci,246,mixed,4,20.878114362870374,3.7564827127659575,75.22439689285714,23.796619122222225,5.949154780555556,0.009749646176634675,0.2495506762142439,2502.6527075089366,20.99835800812837
ci,246,monotonous,4,20.878114362870374,3.9524601063829787,79.55223199126984,28.124454220634917,7.031113555158729,0.00997088217428463,0.09267597665425002,1034.1909207991787,20.99835800812837
ci,246,proportional,4,20.878114362870374,3.4077460106382977,67.70756681587301,16.27978904523809,4.0699472613095224,0.009818761257534782,0.5401101385662432,5230.403101054951,20.99835800812837
ci,247,fb_only,0,39.769195367870374,1.9308907042997565,52.90624411349206,0.0,,0.009659360944882133,,159.3794555905552,40.07429624716093
ci,247,full_power,1,39.769195367870374,1.9534177310718261,60.5374396079365,7.631195494444441,7.631195494444441,0.009987304399504404,0.009855129149308044,187.91065557609934,40.07429624716093
ci,247,mixed,1,39.769195367870374,1.9612474765579306,62.94583879444444,10.039594680952383,10.039594680952383,0.009746415172486703,0.01574528846296207,197.75429708013962,40.07429624716093
ci,247,monotonous,1,39.769195367870374,1.959907929739826,62.60174998888888,9.695505875396826,9.695505875396826,0.00991839994764752,0.01283514640945817,193.76485261277296,40.07429624716093
ci,247,proportional,1,39.769195367870374,1.9613795445540818,63.03765502777778,10.131410914285723,10.131410914285723,0.009766307226152737,0.018373483385018503,204.24826125277357,40.07429624716093
ci,247,full_power,2,39.769195367870374,1.9789445880421863,69.30894735,16.40270323650794,8.20135161825397,0.009695993321692783,0.009948709324420464,206.66323395811173,40.07429624716093
ci,247,mixed,2,39.769195367870374,1.9792841914608608,69.59566107222223,16.68941695873017,8.344708479365085,0.009869813391894503,0.06611018478251925,473.0409079658396,40.07429624716093
ci,247,monotonous,2,39.769195367870374,1.9790955228949305,69.43406605,16.52782193650794,8.26391096825397,0.009781671229578653,0.05007024504967462,396.3271650611211,40.07429624716093
ci,247,proportional,2,39.769195367870374,1.9775673075108957,68.16181640555556,15.255572292063498,7.627786146031749,0.009836802844332982,0.16881767055719915,954.3997571858727,40.07429624716093
ci,247,full_power,3,39.769195367870374,1.9905665717034884,77.34736096111112,24.441116847619064,8.147038949206355,0.009671297165025464,0.009964823411011361,229.70883038961813,40.07429624716093
ci,247,mixed,3,39.769195367870374,1.9870573363771862,74.7455265722222,21.839282458730146,7.279760819576715,0.009806755190478418,0.17955426964729632,1425.5144104205654,40.07429624716093
ci,247,monotonous,3,39.769195367870374,1.9885100843348489,76.06858977222221,23.162345658730153,7.720781886243384,0.009931021669240798,0.10193722209274178,881.2960266311898,40.07429624716093
ci,247,proportional,3,39.769195367870374,1.9797181291625003,69.98697385,17.08072973650794,5.69357657883598,0.009943017674579288,0.35841967671248476,2686.617476333026,40.07429624716093
ci,247,full_power,4,39.769195367870374,2.0649585872497784,84.93407021349206,32.027826100000006,8.006956525000001,0.009895148779889668,0.009991801660944625,257.0330216544839,40.07429624716093
ci,247,mixed,4,39.769195367870374,1.9908873082655698,77.56254083888889,24.656296725396835,6.164074181349209,0.00983319085616121,0.2969752071216232,2949.0629927559717,40.07429624716093
ci,247,monotonous,4,39.769195367870374,2.061751221628964,82.78574338015873,29.879499266666677,7.469874816666669,0.009729993786808366,0.09777118630918981,1078.0297098077751,40.07429624716093
ci,247,proportional,4,39.769195367870374,1.982850027356942,70.88345950555554,17.977215392063478,4.4943038480158695,0.009992134797493557,0.4850718615070057,4716.784572540385,40.07429624716093
ci,250,fb_only,0,51.7777251659127,1.00312758268648,53.790339748412705,0.0,,0.00984841388016606,,162.49882902273998,52.2399951777131
ci,250,full_power,1,51.7777251659127,1.0074705472459446,58.7574801484127,4.967140399999991,4.967140399999991,0.009728756272867633,0.009989049440214032,183.95878848905804,52.2399951777131
ci,250,mixed,1,51.7777251659127,1.0361697645400185,61.0818794984127,7.291539749999991,7.291539749999991,0.009900700204021416,0.014599354789538211,197.61163970261003,52.2399951777131
ci,250,monotonous,1,51.7777251659127,1.033787616068969,59.65203057619048,5.861690827777771,5.861690827777771,0.009667668953943827,0.03153062752100363,233.48738990434765,52.2399951777131
ci,250,proportional,1,51.7777251659127,1.0363804307313358,61.222346031746035,7.43200628333333,7.43200628333333,0.00969598593661972,0.022883928661978307,213.6694645952265,52.2399951777131
ci,250,full_power,2,51.7777251659127,1.709475117081787,68.84608916428571,15.05574941587301,7.527874707936505,0.009890849676479886,0.009915068578891198,209.72052143407564,52.2399951777131
ci,250,mixed,2,51.7777251659127,1.7104798327634543,69.96994993095238,16.179610182539676,8.089805091269838,0.009965211641347975,0.01921925585365305,254.60274054758167,52.2399951777131
ci,250,monotonous,2,51.7777251659127,1.7098964494644218,69.28987948650794,15.499539738095237,7.749769869047618,0.00990146470985398,0.009998958070342654,210.28927897863838,52.2399951777131
ci,250,proportional,2,51.7777251659127,1.7092320407071901,68.62712560873015,14.836785860317448,7.418392930158724,0.00988850351523255,0.13041987754402595,775.0903734379068,52.2399951777131
ci,250,full_power,3,51.7777251659127,1.727495178985237,77.00082884999999,23.210489101587285,7.736829700529095,0.009996178806903,0.009936764085687527,234.87189594896833,52.2399951777131
ci,250,mixed,3,51.7777251659127,1.7289374321411788,77.48144267222222,23.69110292380951,7.8970343079365035,0.009749245610270818,0.04452504587403501,474.22982543092695,52.2399951777131
ci,250,monotonous,3,51.7777251659127,1.7294235848903725,77.64850377222221,23.858164023809508,7.952721341269836,0.009758421427929445,0.009970130443988291,231.18373162562546,52.2399951777131
ci,250,proportional,3,51.7777251659127,1.7107877295046103,70.2896900420635,16.499350293650792,5.4997834312169305,0.009810575378568243,0.34211550864223383,2569.6834435704177,52.2399951777131
ci,250,full_power,4,51.7777251659127,1.7534071205172665,84.3275898126984,30.5372500642857,7.634312516071425,0.009731152047139098,0.009946658844858307,253.90345537794548,52.2399951777131
ci,250,mixed,4,51.7777251659127,1.739422126432125,81.92161784999999,28.131278101587284,7.032819525396821,0.009672636919662223,0.12967022377016882,1376.4238890336908,52.2399951777131
ci,250,monotonous,4,51.7777251659127,1.7535529663420246,84.43821525714284,30.647875508730138,7.6619688771825345,0.009694572715211184,0.021907800580176065,365.54325044535676,52.2399951777131
ci,250,proportional,4,51.7777251659127,1.7141583885656873,71.93771534206348,18.14737559365078,4.536843898412695,0.009691003552538636,0.4698053457004223,4568.55492266965,52.2399951777131
ci,251,fb_only,0,16.17083743376984,3.973236266441584,58.33641953730158,0.0,,0.009962227642114562,,164.37675609489028,16.316043399777048
ci,251,full_power,1,16.17083743376984,3.99377505802912,63.9382359563492,5.601816419047623,5.601816419047623,0.009789237685004025,0.009794694225600746,184.50077445582576,16.316043399777048
ci,251,mixed,1,16.17083743376984,4.907434761201379,66.39028961507935,8.053870077777773,8.053870077777773,0.009991984356537156,0.009963401259987613,188.241881238794,16.316043399777048
ci,251,monotonous,1,16.17083743376984,4.906450024618414,65.85395105952381,7.517531522222228,7.517531522222228,0.009686704034145352,0.00999970299289938,183.28991978474025,16.316043399777048
ci,251,proportional,1,16.17083743376984,4.907962298656538,66.6664546484127,8.330035111111115,8.330035111111115,0.009994119317003973,0.01730311765723489,205.49608275443862,16.316043399777048
ci,251,full_power,2,16.17083743376984,4.97186466905817,74.25126460079366,15.91484506349208,7.95742253174604,0.009964684999478834,0.009981696883514942,211.25142426885287,16.316043399777048
ci,251,mixed,2,16.17083743376984,4.982520925652388,76.07680343095238,17.7403838936508,8.8701919468254,0.009932099551180832,0.009996003964165865,210.78089319434997,16.316043399777048
ci,251,monotonous,2,16.17083743376984,4.977140043609763,75.23172631190475,16.89530677460317,8.447653387301585,0.009681433808090271,0.009987033176565276,206.60281749793376,16.316043399777048
ci,251,proportional,2,16.17083743376984,4.977034536118731,75.20545204523808,16.869032507936495,8.434516253968248,0.009720307269083284,0.06893327368562631,483.81999007283287,16.316043399777048
ci,251,full_power,3,16.17083743376984,5.9063445171273825,81.97501054523809,23.638591007936512,7.879530335978838,0.009782058424358281,0.00992252223145421,231.23867546688638,16.316043399777048
ci,251,mixed,3,16.17083743376984,5.9108461700780754,84.12172203412699,25.78530249682541,8.595100832275136,0.009754167189390185,0.017259580520382387,282.4166863273893,16.316043399777048
ci,251,monotonous,3,16.17083743376984,5.908102975311247,82.9035918563492,24.567172319047614,8.189057439682538,0.009968659058453075,0.009984082574119557,234.7508476211292,16.316043399777048
ci,251,proportional,3,16.17083743376984,4.989941619188295,78.38707484206351,20.050655304761932,6.683551768253977,0.009963718538131985,0.2278428521708113,1767.9593494573476,16.316043399777048
ci,251,full_power,4,16.17083743376984,5.975944292044735,91.20804376428572,32.87162422698414,8.217906056746035,0.009814661551346141,0.009955349427203178,255.36291462208595,16.316043399777048
ci,251,mixed,4,16.17083743376984,5.986073011183794,92.80314973888888,34.466730201587296,8.616682550396824,0.009736781644911397,0.009974052875001332,254.25340932005057,16.316043399777048
ci,251,monotonous,4,16.17083743376984,5.98185271154252,92.08099808333334,33.74457854603176,8.43614463650794,0.009813617883285568,0.009989531833033808,255.66646179540112,16.316043399777048
ci,251,proportional,4,16.17083743376984,4.993458535556025,79.96916060873016,21.632741071428583,5.408185267857146,0.009978311836861918,0.36275463987372014,3568.7316858832114,16.316043399777048
ci,253,fb_only,0,29.966511169647266,1.9832633815223586,51.425727069047625,0.0,,0.009839328190499754,,162.34891514324596,30.206509629182563
ci,253,full_power,1,29.966511169647266,1.9931732214104358,58.68731829126984,7.261591222222215,7.261591222222215,0.009877066221848417,0.009883626952832575,186.1585814918441,30.206509629182563
ci,253,mixed,1,29.966511169647266,2.004106430384994,60.566750765343926,9.141023696296301,9.141023696296301,0.009994114977974282,0.009977173409734311,188.30934595581232,30.206509629182563
ci,253,monotonous,1,29.966511169647266,1.997862583553552,59.7520461468254,8.326319077777775,8.326319077777775,0.009989116483259607,0.009974831424301688,188.22137649519527,30.206509629182563
ci,253,proportional,1,29.966511169647266,2.004508005596145,60.99235396534391,9.566626896296285,9.566626896296285,0.009942219910081044,0.011080768261923432,190.0421108588096,30.206509629182563
ci,253,full_power,2,29.966511169647266,2.0201046686356805,66.61585622089947,15.190129151851849,7.5950645759259245,0.009686248743355913,0.0098882586881146,206.21881403000629,30.206509629182563
ci,253,mixed,2,29.966511169647266,2.0214130265816883,67.83946264312169,16.413735574074067,8.206867787037034,0.009890264589002887,0.04733915128804719,385.30466356206506,30.206509629182563
ci,253,monotonous,2,29.966511169647266,2.0209725892533292,67.5731138542328,16.147386785185176,8.073693392592588,0.009990181554656892,0.028064686738019456,296.517505826626,30.206509629182563
ci,253,proportional,2,29.966511169647266,2.019845587854293,66.26273782089946,14.837010751851835,7.418505375925918,0.009994103186065103,0.1663323244762309,945.3339690125496,30.206509629182563
ci,253,full_power,3,29.966511169647266,2.943313125032385,74.68006205978836,23.25433499074073,7.751444996913577,0.009981084516155548,0.009970852320897438,234.86275315104274,30.206509629182563
ci,253,mixed,3,29.966511169647266,2.9425876988444997,74.08771357089948,22.661986501851857,7.553995500617286,0.009725189124207785,0.08578786694649185,764.240628118838,30.206509629182563
ci,253,monotonous,3,29.966511169647266,2.943857194673299,75.27494694867724,23.849219879629615,7.949739959876538,0.009701630214441068,0.019321978807541145,296.06498538575215,30.206509629182563
ci,253,proportional,3,29.966511169647266,2.0221384527695734,68.55897342089948,17.133246351851852,5.711082117283951,0.009964590790690998,0.34477517720166706,2590.943445191734,30.206509629182563
ci,253,full_power,4,29.966511169647266,2.983677910772579,81.82692763042328,30.40120056137566,7.600300140343915,0.00995842139808235,0.009978510920985416,257.9522995508859,30.206509629182563
ci,253,mixed,4,29.966511169647266,2.9468625317373958,77.6446471042328,26.218920035185178,6.5547300087962945,0.009954824350031968,0.19323358182035055,1977.5585335776973,30.206509629182563
ci,253,monotonous,4,29.966511169647266,2.984196072335354,82.31648920820106,30.890762139153438,7.722690534788359,0.009760936378841529,0.011897001169406953,272.69690922460006,30.206509629182563
ci,253,proportional,4,29.966511169647266,2.9377169801544123,70.85291975978836,19.42719269074074,4.856798172685185,0.009928001743210332,0.44802686765978716,4368.096154882413,30.206509629182563
ci,257,fb_only,0,24.751897671948857,2.0295752282651844,55.9656299973545,0.0,,0.009949954614731946,,164.17425114307713,24.889563869513083
ci,257,full_power,1,24.751897671948857,2.102166392559406,62.10226336164021,6.136633364285714,6.136633364285714,0.009735958042543992,0.009818211609084571,183.67683213688827,24.889563869513083
ci,257,mixed,1,24.751897671948857,2.7252027448533998,65.33987626322752,9.374246265873026,9.374246265873026,0.009998896324382093,0.009997410568081786,188.4357145450244,24.889563869513083
ci,257,monotonous,1,24.751897671948857,2.712215731866387,64.1034524410053,8.137822443650805,8.137822443650805,0.009862434035818326,0.009986828623926169,186.15926154273316,24.889563869513083
ci,257,proportional,1,24.751897671948857,2.728889014915216,65.64561915211641,9.679989154761913,9.679989154761913,0.009802335457447074,0.00998933280623677,185.17350981130818,24.889563869513083
ci,257,full_power,2,24.751897671948857,2.993449781659389,72.78398888703704,16.818358889682543,8.409179444841271,0.009977154912585015,0.009889152882733397,211.02296138343786,24.889563869513083
ci,257,mixed,2,24.751897671948857,3.000879033630125,74.73833259603174,18.772702598677242,9.386351299338621,0.009752134552438337,0.009992657637246235,207.7957697491919,24.889563869513083
ci,257,monotonous,2,24.751897671948857,2.9965972891737085,73.7288652537037,17.763235256349205,8.881617628174602,0.009900668121159596,0.009998157052625398,210.2723768900517,24.889563869513083
ci,257,proportional,2,24.751897671948857,3.000538762547496,74.5431454515873,18.57751545423281,9.288757727116405,0.009889460926921162,0.03989551706925862,350.36587138316065,24.889563869513083
ci,257,full_power,3,24.751897671948857,3.029064821641241,80.42646131269842,24.460831315343924,8.153610438447975,0.009947882643853153,0.009964714688387326,234.271725600447,24.889563869513083
ci,257,mixed,3,24.751897671948857,3.037826802018942,82.35610131428571,26.39047131693121,8.796823772310404,0.009969026542894369,0.009989661349854724,234.79617453803462,24.889563869513083
ci,257,monotonous,3,24.751897671948857,3.029717007882947,80.80240872380952,24.836778726455023,8.278926242151675,0.009935134640930135,0.009992178859593817,234.2546763891685,24.889563869513083
ci,257,proportional,3,24.751897671948857,3.0239607554018035,77.91548355714286,21.949853559788366,7.316617853262788,0.009951226576937384,0.19596135336840204,1543.3712435262803,24.889563869513083
ci,257,full_power,4,24.751897671948857,3.7031701922531615,87.69132536746032,31.725695370105825,7.931423842526456,0.009712631466455134,0.010000254748528406,254.1008097567003,24.889563869513083
ci,257,mixed,4,24.751897671948857,3.791612317813191,90.83540080079365,34.86977080343915,8.717442700859788,0.009962069430139548,0.009991338638572907,258.13286738167074,24.889563869513083
ci,257,monotonous,4,24.751897671948857,3.720665797085011,89.6279084674603,33.662278470105804,8.415569617526451,0.009841533650910332,0.009986170473042885,256.0955289590549,24.889563869513083
ci,257,proportional,4,24.751897671948857,3.0289230420234787,80.34508255714287,24.379452559788376,6.094863139947094,0.009800538378817255,0.3248171465032852,3209.792986037313,24.889563869513083
ci,258,fb_only,0,13.182534542552908,4.921382699021594,54.07941691984127,0.0,,0.009998695504153087,,164.97847581852594,13.357243465098524
ci,258,full_power,1,13.182534542552908,4.983599844834274,60.72656183730158,6.647144917460309,6.647144917460309,0.009904848042453755,0.009854316675865794,186.54821962206813,13.357243465098524
ci,258,mixed,1,13.182534542552908,4.988362570578855,62.1212351484127,8.04181822857143,8.04181822857143,0.009956158187921525,0.00998963826431557,187.7123014687895,13.357243465098524
ci,258,monotonous,1,13.182534542552908,4.987241929227189,61.804912826190474,7.725495906349202,7.725495906349202,0.00994248167763537,0.009983956882615937,187.47331052760057,13.357243465098524
ci,258,proportional,1,13.182534542552908,4.989440110340071,62.44817229285714,8.368755373015865,8.368755373015865,0.009937767640904429,0.009990113223745887,187.40997169783094,13.357243465098524
ci,258,full_power,2,13.182534542552908,5.930908150510754,70.12722210396825,16.04780518412698,8.02390259206349,0.009936132403158783,0.009960322203246752,210.68001642975366,13.357243465098524
ci,258,mixed,2,13.182534542552908,5.939226757467351,71.84596168412699,17.76654476428572,8.88327238214286,0.009958056859601045,0.00997868259696771,211.12791692838974,13.357243465098524
ci,258,monotonous,2,13.182534542552908,5.934895047627258,70.94970130238096,16.870284382539687,8.435142191269843,0.009951453935255986,0.009992069701815692,211.08178097264297,13.357243465098524
ci,258,proportional,2,13.182534542552908,5.93743804146373,71.69687579126983,17.61745887142856,8.80872943571428,0.009756889916818542,0.041468960313453075,355.56104541822776,13.357243465098524
ci,258,full_power,3,13.182534542552908,5.992995991552088,77.20250021031747,23.123083290476195,7.707694430158732,0.009772248401824817,0.009944521738582226,231.2316426262512,13.357243465098524
ci,258,mixed,3,13.182534542552908,5.994073531313306,77.9730574547619,23.89364053492063,7.964546844973543,0.00987021994742537,0.018590655163989698,293.6996601766781,13.357243465098524
ci,258,monotonous,3,13.182534542552908,5.993620964613594,77.63618356587301,23.55676664603174,7.852255548677246,0.009696768917061682,0.009987563112001111,230.28915631378158,13.357243465098524
ci,258,proportional,3,13.182534542552908,5.987328132408086,75.02243478809524,20.943017868253968,6.981005956084656,0.009917961586806825,0.1762479232461655,1404.0792499888257,13.357243465098524
ci,258,full_power,4,13.182534542552908,6.9786647127279,85.97490735,31.895490430158723,7.973872607539681,0.009998532192393163,0.009999131999811672,258.8076358607199,13.357243465098524
ci,258,mixed,4,13.182534542552908,6.982500754277833,86.84795775,32.768540830158734,8.192135207539684,0.009781063682457323,0.01189665016416927,273.02571590111023,13.357243465098524
ci,258,monotonous,4,13.182534542552908,6.980151717598379,86.33451130555555,32.25509438571428,8.06377359642857,0.009993202628717064,0.009992732242945451,258.65964274163167,13.357243465098524
ci,258,proportional,4,13.182534542552908,5.9932546010947805,77.37491649920635,23.295499579365078,5.8238748948412695,0.009869858841684448,0.30750045092287753,3048.4369023480763,13.357243465098524
ci,259,fb_only,0,24.57241030203704,2.0150862890014856,51.84369487777778,0.0,,0.00990338705070555,,163.40588633664157,24.79449658792779
ci,259,full_power,1,24.57241030203704,2.1022515143434037,58.333949571428576,6.490254693650797,6.490254693650797,0.009975621640562031,0.009776936142519862,187.53444925962512,24.79449658792779
ci,259,mixed,1,24.57241030203704,2.897938969103585,60.165932460317464,8.322237582539685,8.322237582539685,0.009827047863949612,0.010635213669908822,187.09650102477468,24.79449658792779
ci,259,monotonous,1,24.57241030203704,2.897100841936836,59.72812277142857,7.884427893650795,7.884427893650795,0.009810546100435488,0.009981196618106395,185.28989792326314,24.79449658792779
ci,259,proportional,1,24.57241030203704,2.8980913558611756,60.23452506031746,8.39083018253968,8.39083018253968,0.009708187398111318,0.03052614102022219,231.79941890227803,24.79449658792779
ci,259,full_power,2,24.57241030203704,2.9676559107013603,67.63346691269842,15.789772034920645,7.894886017460323,0.009797802407342127,0.009994990262377806,208.56023403222173,24.79449658792779
ci,259,mixed,2,24.57241030203704,2.974437121414149,68.8897774793651,17.046082601587315,8.523041300793658,0.009954592466050604,0.009974791444175388,211.05249714590587,24.79449658792779
ci,259,monotonous,2,24.57241030203704,2.9711608061259476,68.24005071269842,16.39635583492064,8.19817791746032,0.00998251551647106,0.009988112434482862,211.57572956436607,24.79449658792779
ci,259,proportional,2,24.57241030203704,2.96815116766353,67.76513581269843,15.921440934920653,7.960720467460327,0.009761269278503787,0.10300287585837513,644.3504366228086,24.79449658792779
ci,259,full_power,3,24.57241030203704,3.0046096994171205,74.52465691666667,22.680962038888893,7.560320679629631,0.009996241486953461,0.009947438340306971,234.94805557381258,24.79449658792779
ci,259,mixed,3,24.57241030203704,3.0129909710846126,75.49538249444444,23.651687616666663,7.883895872222221,0.009647645771372152,0.04797293144250215,496.8196467199706,24.79449658792779
ci,259,monotonous,3,24.57241030203704,3.013295744599794,75.63928080555556,23.79558592777778,7.931861975925926,0.009827379718924374,0.012407761662051046,249.47759193976742,24.79449658792779
ci,259,proportional,3,24.57241030203704,2.98811383290792,70.69513276190477,18.851437884126995,6.283812628042331,0.009924305474289019,0.2743411232103906,2094.563865480498,24.79449658792779
ci,259,full_power,4,24.57241030203704,3.087660482304088,82.334033215873,30.490338338095228,7.622584584523807,0.009979889884793161,0.009973795305511651,258.26227824600846,24.79449658792779
ci,259,mixed,4,24.57241030203704,3.052192464474837,79.79134093412698,27.9476460563492,6.9869115140873,0.009955652620666593,0.13337669870432511,1415.8752088823858,24.79449658792779
ci,259,monotonous,4,24.57241030203704,3.8946626538153835,83.16825344365078,31.324558565873005,7.831139641468251,0.009952055837512004,0.009985273655069245,257.9107292981179,24.79449658792779
ci,259,proportional,4,24.57241030203704,2.9913139548173264,72.01215856190477,20.16846368412699,5.042115921031748,0.009834970024880398,0.4105131044559229,4014.531977624907,24.79449658792779
ci,263,fb_only,0,42.99738229225749,1.0092641269173706,51.73140961719577,0.0,,0.009953151043603396,,164.22699221945604,43.64895595688219
ci,263,full_power,1,42.99738229225749,1.024871785885349,59.24013068941799,7.508721072222215,7.508721072222215,0.009893712275931603,0.009981902702215101,186.66379629226807,43.64895595688219
ci,263,mixed,1,42.99738229225749,1.2799448591689155,60.62446562275132,8.89305600555555,8.89305600555555,0.009900553893414961,0.022518231090511386,216.18690937968657,43.64895595688219
ci,263,monotonous,1,42.99738229225749,1.2795242935081017,60.16649262275132,8.435083005555548,8.435083005555548,0.009788739058818796,0.012150059539403114,190.01823414994985,43.64895595688219
ci,263,proportional,1,42.99738229225749,1.2800032710662508,60.706127544973555,8.974717927777782,8.974717927777782,0.009942293930459818,0.02678641699760587,226.88878412897037,43.64895595688219
ci,263,full_power,2,42.99738229225749,1.283589761562635,65.83639760052911,14.104987983333338,7.052493991666669,0.009891924036068317,0.009994601281881397,210.11141580971474,43.64895595688219
ci,263,mixed,2,42.99738229225749,1.2831575135223543,65.17931744497355,13.447907827777776,6.723953913888888,0.009893873352701072,0.14173337865345828,828.261922961594,43.64895595688219
ci,263,monotonous,2,42.99738229225749,1.2830523721071507,65.02042344497355,13.289013827777772,6.644506913888886,0.009866747492730256,0.11482117221052959,701.5422736418541,43.64895595688219
ci,263,proportional,2,42.99738229225749,1.2818724517809787,63.53661533386244,11.80520571666667,5.902602858333335,0.00998125705028455,0.2604672592793312,1386.803121868317,43.64895595688219
ci,263,full_power,3,42.99738229225749,1.2894075865372259,74.85045263386243,23.11904301666666,7.706347672222219,0.009834052821969691,0.009970800707211097,232.4363669398516,43.64895595688219
ci,263,mixed,3,42.99738229225749,1.2851552004112197,68.22954697830689,16.498137361111112,5.499379120370371,0.009971124181306834,0.2902935876295926,2207.6098187286357,43.64895595688219
ci,263,monotonous,3,42.99738229225749,1.2862883912195235,70.21588024497355,18.484470627777775,6.1614902092592585,0.009837025780765462,0.19705685321607574,1549.197058317371,43.64895595688219
ci,263,proportional,3,42.99738229225749,1.2830757368660848,65.05657755608466,13.325167938888889,4.441722646296296,0.009880233058412317,0.4504585980631299,3333.351458632111,43.64895595688219
ci,263,full_power,4,42.99738229225749,1.2894075865372259,74.85045263386243,23.11904301666666,5.779760754166665,0.009834052821969691,0.2663924362223688,2662.0884930732086,43.64895595688219
ci,263,mixed,4,42.99738229225749,1.2863351207373919,70.29428111164022,18.562871494444444,4.640717873611111,0.009800895698242836,0.41183581931393964,4026.3821074630164,43.64895595688219
ci,263,monotonous,4,42.99738229225749,1.2888935618406756,74.22474656719578,22.493336950000007,5.623334237500002,0.009815881724059271,0.29344998131111844,2915.696673070513,43.64895595688219
ci,263,proportional,4,42.99738229225749,1.2836949029778386,66.01742840052911,14.28601878333334,3.571504695833335,0.009845028741304615,0.5679558314793063,5492.140496833336,43.64895595688219
ci,264,fb_only,0,32.61825157186507,1.4841924057337703,57.16815432539683,0.0,,0.009894259047132857,,163.25527427769214,32.818281250601856
ci,264,full_power,1,32.61825157186507,1.9785149137617108,63.923276828571424,6.755122503174597,6.755122503174597,0.00970859386512417,0.009843938739540384,183.28567905751055,32.818281250601856
ci,264,mixed,1,32.61825157186507,2.0125467606846095,65.96894779761904,8.80079347222221,8.80079347222221,0.009873811344330343,0.009989382469824537,186.35297845565904,32.818281250601856
ci,264,monotonous,1,32.61825157186507,2.0048664216903367,65.45673787539683,8.288583549999998,8.288583549999998,0.009901053495920653,0.009996023544114344,186.81805391718305,32.818281250601856
ci,264,proportional,1,32.61825157186507,2.2054490680967986,66.14604798650794,8.97789366111111,8.97789366111111,0.00991132753495136,0.009919403881864654,186.80782583355193,32.818281250601856
ci,264,full_power,2,32.61825157186507,2.2346144933293606,73.84495831984127,16.67680399444444,8.33840199722222,0.009931612708962503,0.009984039634724502,210.71672366400867,32.818281250601856
ci,264,mixed,2,32.61825157186507,2.26434270202271,76.12655451984128,18.95840019444445,9.479200097222225,0.009745975158098637,0.00999552852701886,207.7076099574,32.818281250601856
ci,264,monotonous,2,32.61825157186507,2.2563313139338566,75.21319290873015,18.045038583333323,9.022519291666661,0.009854783703081597,0.01000048453229573,209.5262045263779,32.818281250601856
ci,264,proportional,2,32.61825157186507,2.261164630714735,75.75318827539682,18.585033949999996,9.292516974999998,0.009986333459042903,0.0350871500223044,329.40340997886017,32.818281250601856
ci,264,full_power,3,32.61825157186507,2.2911245737742907,81.64738940873015,24.47923508333332,8.159745027777774,0.009977060919771585,0.009974884468811436,234.82474206772605,32.818281250601856
ci,264,mixed,3,32.61825157186507,2.293044658522859,82.55634659761905,25.388192272222227,8.462730757407408,0.009906461635918736,0.020171694579791614,305.4250034452325,32.818281250601856
ci,264,monotonous,3,32.61825157186507,2.292581189790446,82.34131673095239,25.17316240555556,8.391054135185186,0.009712446737535414,0.009994204125737743,230.59457980627656,32.818281250601856
ci,264,proportional,3,32.61825157186507,2.2879133975568577,80.53057917539682,23.362424849999996,7.787474949999999,0.009656385019935692,0.15724665632441795,1266.0323200401924,32.818281250601856
ci,264,full_power,4,32.61825157186507,2.483662727182441,89.56474688253968,32.39659255714285,8.099148139285713,0.009907083273440623,0.009975414526751618,257.07616393080747,32.818281250601856
ci,264,mixed,4,32.61825157186507,2.484788294104016,90.00940767142858,32.84125334603175,8.210313336507937,0.009676522686913594,0.04421062381088772,574.5351181754447,32.818281250601856
ci,264,monotonous,4,32.61825157186507,2.484986923560764,90.09217586031747,32.92402153492064,8.23100538373016,0.009885192191496242,0.009970585316099605,256.6696437659667,32.818281250601856
ci,264,proportional,4,32.61825157186507,2.2924487701526135,82.27402103095237,25.105866705555542,6.2764666763888854,0.009905435772876933,0.29172504567847785,2900.9875188993055,32.818281250601856
ci,268,fb_only,0,28.153714141805562,1.9957215705467233,53.9438272388889,0.0,,0.009895485962026414,,163.27551837343583,28.314633178993404
ci,268,full_power,1,28.153714141805562,2.1427353530888364,61.59928825119049,7.655461012301586,7.655461012301586,0.009979241877924873,0.009972519662886927,188.05302211489314,28.314633178993404
ci,268,mixed,1,28.153714141805562,2.9213621508975227,63.29505404007938,9.351226801190478,9.351226801190478,0.009939756553181793,0.009992188525452505,187.44765740821114,28.314633178993404
ci,268,monotonous,1,28.153714141805562,2.920872736458218,62.84914909563493,8.905321856746028,8.905321856746028,0.009892747712600559,0.009998494900676835,186.68680629489705,28.314633178993404
ci,268,proportional,1,28.153714141805562,2.921425301147756,63.35617084007937,9.412343601190472,9.412343601190472,0.009946014115768162,0.02215220534828305,216.0783066572467,28.314633178993404
ci,268,full_power,2,28.153714141805562,2.9585102855970065,70.16461859801589,16.22079135912699,8.110395679563496,0.009941053949239028,0.009880795383831173,210.38808210337982,28.314633178993404
ci,268,mixed,2,28.153714141805562,2.9603890055414346,71.75322397579366,17.80939673690476,8.90469836845238,0.009788373872287166,0.010295372713225103,209.81405766319043,28.314633178993404
ci,268,monotonous,2,28.153714141805562,2.9595364771632906,70.82178545357144,16.877958214682536,8.438979107341268,0.009710750097375912,0.00999449207879972,207.12153344043082,28.314633178993404
ci,268,proportional,2,28.153714141805562,2.957894570657236,69.98915283134922,16.045325592460316,8.022662796230158,0.009861436117768397,0.13818795428811317,811.0915774630056,28.314633178993404
ci,268,full_power,3,28.153714141805562,2.9782289512322193,77.21072909166666,23.266901852777764,7.755633950925922,0.009877715564462933,0.00997964165685647,233.21902479459422,28.314633178993404
ci,268,mixed,3,28.153714141805562,2.9925324829099633,79.71906790277778,25.77524066388888,8.59174688796296,0.009936262906318456,0.00999742277665831,234.3101994563757,28.314633178993404
ci,268,monotonous,3,28.153714141805562,2.986975260889471,78.54682175833335,24.60299451944445,8.20099817314815,0.009893528455441497,0.009989172217318532,233.54701358027253,28.314633178993404
ci,268,proportional,3,28.153714141805562,2.9658515021865774,72.46889855357145,18.52507131468255,6.175023771560849,0.009822142404430292,0.30605979186360815,2316.114164809174,28.314633178993404
ci,268,full_power,4,28.153714141805562,3.1297579766659824,85.08438270396826,31.14055546507936,7.78513886626984,0.009921724863693814,0.00997374916306668,257.30212239716565,28.314633178993404
ci,268,mixed,4,28.153714141805562,3.130657867731801,86.13512098174603,32.19129374285713,8.047823435714282,0.009826612601900504,0.028678951812381514,431.26239173874643,28.314633178993404
ci,268,monotonous,4,28.153714141805562,3.130515779668777,85.9710363373016,32.0272090984127,8.006802274603174,0.009724226941237465,0.009987488359717717,254.17233529800922,28.314633178993404
ci,268,proportional,4,28.153714141805562,2.970114144077296,73.98393478055557,20.04010754166667,5.010026885416668,0.00994712302620396,0.4253589617613094,4155.696027100493,28.314633178993404
ci,269,fb_only,0,17.877499835,3.7025893406409036,54.400948012698414,0.0,,0.009985130673573834,,164.75465611396825,18.07289781655001
ci,269,full_power,1,17.877499835,3.816453218500084,61.8044254015873,7.403477388888888,7.403477388888888,0.009940389390617588,0.009973470261399098,187.4141861784325,18.07289781655001
ci,269,mixed,1,17.877499835,3.8811028465969466,63.558736392063494,9.15778837936508,9.15778837936508,0.009881090318973147,0.013889943557152845,195.62379784813749,18.07289781655001
ci,269,monotonous,1,17.877499835,3.8189698562720205,62.5248001015873,8.123852088888889,8.123852088888889,0.009808642336797348,0.02856253146809436,228.8502973813056,18.07289781655001
ci,269,proportional,1,17.877499835,3.8822772775571837,63.97628260317461,9.575334590476196,9.575334590476196,0.009927289358464368,0.016614208522566558,202.77720760860322,18.07289781655001
ci,269,full_power,2,17.877499835,3.9892623455064036,70.46155678730159,16.060608774603175,8.030304387301587,0.009762279971011836,0.009947506951883995,207.75132213993498,18.07289781655001
ci,269,mixed,2,17.877499835,4.701079357977742,71.77711081269842,17.37616280000001,8.688081400000005,0.009775812617053445,0.02899929615787609,297.3656057541365,18.07289781655001
ci,269,monotonous,2,17.877499835,3.99038085118282,70.78877755396825,16.38782954126983,8.193914770634915,0.009980829746183252,0.026205666913534265,287.64067997032646,18.07289781655001
ci,269,proportional,2,17.877499835,3.9892623455064036,70.46155678730159,16.060608774603175,8.030304387301587,0.009993794412590263,0.1293223987975885,771.6783029660245,18.07289781655001
ci,269,full_power,3,17.877499835,4.8127062244840895,78.79089750158731,24.389949488888895,8.129983162962965,0.009842626625752257,0.009955857846166961,232.4726668462353,18.07289781655001
ci,269,mixed,3,17.877499835,4.809854035009228,78.56967377936509,24.168725766666675,8.056241922222226,0.009887657180607932,0.08084927503008749,732.1635411417866,18.07289781655001
ci,269,monotonous,3,17.877499835,4.816005816229517,79.55324663492065,25.15229862222224,8.384099540740747,0.009661178625642334,0.015666599404425285,269.67097393144365,18.07289781655001
ci,269,proportional,3,17.877499835,4.704043398020245,72.79805879047618,18.397110777777762,6.132370259259254,0.009797763742220085,0.3316368285396526,2495.7231010087066,18.07289781655001
ci,269,full_power,4,17.877499835,4.97735026005257,87.0857598936508,32.68481188095239,8.171202970238097,0.009997307645187654,0.009953058622496394,258.35507825910247,18.07289781655001
ci,269,mixed,4,17.877499835,4.883339857949779,82.20527348095239,27.80432546825397,6.951081367063493,0.009992581417396564,0.19523018464293904,1996.9176460763833,18.07289781655001
ci,269,monotonous,4,17.877499835,4.977294334768749,87.0749735936508,32.67402558095238,8.168506395238095,0.009868871932291549,0.023011932352801075,378.7803600814958,18.07289781655001
ci,269,proportional,4,17.877499835,4.715508081203512,74.86011939047619,20.45917137777777,5.114792844444443,0.009646766256763783,0.4623037249548132,4497.429798212569,18.07289781655001
ci,273,fb_only,0,20.765072225370375,2.819609709662066,57.48011858333333,0.0,,0.009919634694811585,,163.67397246439114,20.925591628080724
ci,273,full_power,1,20.765072225370375,3.029086678301338,64.27605340555556,6.795934822222229,6.795934822222229,0.009932539095689976,0.009810709526020183,186.90281962692796,20.925591628080724
ci,273,mixed,1,20.765072225370375,3.037918451531017,65.54854742777778,8.068428844444448,8.068428844444448,0.00978899231771649,0.0099916631131299,184.95881490572484,20.925591628080724
ci,273,monotonous,1,20.765072225370375,3.0317309217832777,65.08535562777777,7.6052370444444435,7.6052370444444435,0.009833267595970044,0.009998869957100703,185.70626425286397,20.925591628080724
ci,273,proportional,1,20.765072225370375,3.044634829975144,65.9895498015873,8.509431218253972,8.509431218253972,0.009944266424110641,0.01276051287317821,194.01655919830165,20.925591628080724
ci,273,full_power,2,20.765072225370375,3.7223015495266805,73.37377651904762,15.893657935714295,7.946828967857147,0.009992489486616933,0.009955090459840386,211.58536096675047,20.925591628080724
ci,273,mixed,2,20.765072225370375,3.783965307525517,74.93255058888889,17.452432005555558,8.726216002777779,0.009794966988459794,0.009997296867141544,208.52427221021472,20.925591628080724
ci,273,monotonous,2,20.765072225370375,3.7817441430006875,74.52758625555555,17.04746767222222,8.52373383611111,0.009844629104664512,0.009998481134866115,209.34925371175626,20.925591628080724
ci,273,proportional,2,20.765072225370375,3.78428261674335,74.99175767777777,17.51163909444444,8.75581954722222,0.009698846418441721,0.03216183494380091,310.93429546060224,20.925591628080724
ci,273,full_power,3,20.765072225370375,3.9738748743984345,81.66556761111111,24.185449027777786,8.061816342592595,0.009881622974929853,0.009990978129979348,233.36328316513723,20.925591628080724
ci,273,mixed,3,20.765072225370375,4.005605796181713,83.50740232222222,26.02728373888889,8.675761246296297,0.009813618159078349,0.00999471882154004,232.26753069079157,20.925591628080724
ci,273,monotonous,3,20.765072225370375,3.9828124173673913,82.26664208888889,24.786523505555557,8.262174501851852,0.009865139625203094,0.009998591702372044,233.1448922171455,20.925591628080724
ci,273,proportional,3,20.765072225370375,3.9736633349198796,81.64171498888888,24.16159640555555,8.053865468518516,0.009892691218985828,0.07847845320388626,715.5607587622176,20.925591628080724
ci,273,full_power,4,20.765072225370375,4.259453170447935,90.01789968174603,32.5377810984127,8.134445274603175,0.009775655350198453,0.009959864186703917,254.76167880630402,20.925591628080724
ci,273,mixed,4,20.765072225370375,4.264265693585065,91.38050487063494,33.90038628730161,8.475096571825402,0.009978460336353124,0.009992330068928695,258.4126209166534,20.925591628080724
ci,273,monotonous,4,20.765072225370375,4.261039716537098,90.39833265952382,32.91821407619049,8.229553519047622,0.009988928195175469,0.009998717969063858,258.6452846420905,20.925591628080724
ci,273,proportional,4,20.765072225370375,4.030355915172669,85.43569463333333,27.955576049999998,6.988894012499999,0.00983033304506897,0.18677523070101337,1914.8992601419475,20.925591628080724
ci,275,fb_only,0,43.749997238520706,1.3024204977042118,53.26907336957671,0.0,,0.009725355913565648,,160.4683725738332,44.10063721173131
ci,275,full_power,1,43.749997238520706,1.345218525026926,59.49607680291006,6.227003433333351,6.227003433333351,0.009937134623388863,0.009877053912847945,187.13428976545754,44.10063721173131
ci,275,mixed,1,43.749997238520706,1.452355308655972,61.69137264814816,8.422299278571451,8.422299278571451,0.009856175046907082,0.009986910941659426,186.0561813430999,44.10063721173131
ci,275,monotonous,1,43.749997238520706,1.4476503599569186,60.76225257037037,7.493179200793662,7.493179200793662,0.009663394098334758,0.009981789973661908,182.86328190073434,44.10063721173131
ci,275,proportional,1,43.749997238520706,1.4533756589762485,61.85731401481482,8.588240645238109,8.588240645238109,0.009718803586891343,0.019576437480371328,206.28658151265827,44.10063721173131
ci,275,full_power,2,43.749997238520706,1.4949832775919731,68.79686500370372,15.527791634127006,7.763895817063503,0.00970577921186483,0.009921455884256521,206.6968280047013,44.10063721173131
ci,275,mixed,2,43.749997238520706,1.5175443568958675,70.81544771957672,17.546374350000015,8.773187175000007,0.009772664277536888,0.009974266317325826,208.04821814025144,44.10063721173131
ci,275,monotonous,2,43.749997238520706,1.5034295107987075,69.61991982592593,16.350846456349224,8.175423228174612,0.009828790753510334,0.00999917231537447,209.09116393665752,44.10063721173131
ci,275,proportional,2,43.749997238520706,1.4890312340570262,67.86364518148149,14.594571811904778,7.297285905952389,0.009955903606620313,0.17187065377810315,970.6895170360951,44.10063721173131
ci,275,full_power,3,43.749997238520706,1.6497364095005953,77.74257760846561,24.4735042388889,8.1578347462963,0.009895063291611142,0.00992270495963352,233.10454181748455,44.10063721173131
ci,275,mixed,3,43.749997238520706,1.6630576497930956,78.40275675291005,25.13368338333334,8.377894461111113,0.00980127590605491,0.034381708726219824,403.69951846504114,44.10063721173131
ci,275,monotonous,3,43.749997238520706,1.6632277081798084,78.44058765291005,25.171514283333345,8.390504761111115,0.009786328033606514,0.009982906366240865,231.7341075601107,44.10063721173131
ci,275,proportional,3,43.749997238520706,1.5193016268918995,71.36242503068783,18.09335166111112,6.031117220370374,0.009851029826130727,0.32207525396533454,2429.307629539181,44.10063721173131
ci,275,full_power,4,43.749997238520706,1.9592426733178392,85.46373325608464,32.19465988650793,8.048664971626982,0.00997551923193728,0.009999462520033918,258.4310236149634,44.10063721173131
ci,275,mixed,4,43.749997238520706,1.9009126466753585,83.27055459497353,30.001481225396823,7.500370306349206,0.00987466414319758,0.1305483991890229,1387.9981363525508,44.10063721173131
ci,275,monotonous,4,43.749997238520706,1.9620202936341478,86.20736153386244,32.93828816428573,8.234572041071432,0.009717703310690669,0.021820381574966866,365.1045653258851,44.10063721173131
ci,275,proportional,4,43.749997238520706,1.527804546227538,73.15115325291005,19.88207988333334,4.970519970833335,0.009803591182304281,0.4481211210720517,4366.927854648154,44.10063721173131
ci,280,fb_only,0,34.01877030186508,1.4300053966540744,51.50486477460317,0.0,,0.009726747395939282,,160.49133203299814,34.257846775243635
ci,280,full_power,1,34.01877030186508,1.7393416082029143,60.807224580158724,9.302359805555554,9.302359805555554,0.009714616132288509,0.009790228940730623,183.25904327771445,34.257846775243635
ci,280,mixed,1,34.01877030186508,1.7845655693470048,63.257963354761905,11.753098580158735,11.753098580158735,0.009960925562596054,0.009973007271266609,187.75194684122636,34.257846775243635
ci,280,monotonous,1,34.01877030186508,1.7439827307069617,61.63505316904762,10.130188394444453,10.130188394444453,0.009793543448107324,0.04867309691639869,275.78055225964215,34.257846775243635
ci,280,proportional,1,34.01877030186508,1.7854290339989207,63.281710254761904,11.776845480158734,11.776845480158734,0.009950572147804407,0.022304127282285133,216.50992304301366,34.257846775243635
ci,280,full_power,2,34.01877030186508,2.016729627630869,70.32733441428572,18.822469639682545,9.411234819841273,0.009748164125116726,0.009903891946925484,207.31376907940034,34.257846775243635
ci,280,mixed,2,34.01877030186508,2.016945493793848,70.36486661428572,18.860001839682546,9.430000919841273,0.009692286870743843,0.07449469052345266,509.4518213033133,34.257846775243635
ci,280,monotonous,2,34.01877030186508,2.0171613599568268,70.40282361428571,18.897958839682538,9.448979419841269,0.009906418041008088,0.02936712899600742,301.2464669259002,34.257846775243635
ci,280,proportional,2,34.01877030186508,1.9919050188882892,67.77171327936509,16.266848504761917,8.133424252380959,0.009891200999426421,0.2384876190154663,1282.188724911104,34.257846775243635
ci,280,full_power,3,34.01877030186508,2.056664867781975,76.4499244142857,24.945059639682533,8.315019879894178,0.00992317262747863,0.009969259518149382,233.89599684213277,34.257846775243635
ci,280,mixed,3,34.01877030186508,2.0350782514840797,73.2691580920635,21.764293317460336,7.254764439153445,0.009725365607862572,0.23640807847251089,1824.308588819264,34.257846775243635
ci,280,monotonous,3,34.01877030186508,2.0456556934700485,74.93242363650793,23.427558861904764,7.809186287301588,0.009686720227887666,0.13089527356832306,1081.0718191340043,34.257846775243635
ci,280,proportional,3,34.01877030186508,2.010469508904479,69.58070815873015,18.075843384126976,6.025281128042326,0.00998860258484951,0.42866958617148304,3181.7884901249145,34.257846775243635
ci,280,full_power,4,34.01877030186508,2.057528332433891,76.55873074761905,25.05386597301588,6.26346649325397,0.009997080593951145,0.26194014815339023,2622.9981800716077,34.257846775243635
ci,280,mixed,4,34.01877030186508,2.0422018348623854,74.40650866984127,22.901643895238102,5.725410973809526,0.009915311982243978,0.3747155398783185,3679.9332739251668,34.257846775243635
ci,280,monotonous,4,34.01877030186508,2.0542903399892065,76.24756212539683,24.742697350793655,6.185674337698414,0.009938251865628002,0.2796924939849787,2788.6155193379022,34.257846775243635
ci,280,proportional,4,34.01877030186508,2.017269293038316,70.42195203650793,18.91708726190476,4.72927181547619,0.009943699738286635,0.5493402814143252,5319.080246473757,34.257846775243635
ci,282,fb_only,0,62.48983601501322,0.20771917780559707,52.35701732619049,0.0,,0.009988737408016365,,164.81416723227002,63.179820392719996
ci,282,full_power,1,62.48983601501322,0.9971933933691395,61.209855483333335,8.852838157142848,8.852838157142848,0.009703082420102597,0.00996613091369676,183.48140305522543,63.179820392719996
ci,282,mixed,1,62.48983601501322,1.000676412389452,62.71111954999999,10.354102223809505,10.354102223809505,0.00966669285527767,0.009993122775875706,182.94429814428594,63.179820392719996
ci,282,monotonous,1,62.48983601501322,0.998647175221096,62.160110627777776,9.803093301587289,9.803093301587289,0.009987410113430507,0.010001335467256924,188.2553998777881,63.179820392719996
ci,282,proportional,1,62.48983601501322,1.0007369866332836,62.80682131666667,10.449803990476184,10.449803990476184,0.009780523720536373,0.012303639944365376,190.24298069833134,63.179820392719996
ci,282,full_power,2,62.48983601501322,1.0041796228243751,68.59882232777777,16.24180500158728,8.12090250079364,0.009898300754826702,0.00990675082471113,209.80443732418522,63.179820392719996
ci,282,mixed,2,62.48983601501322,1.0041998142389856,68.63629717222223,16.27927984603174,8.13963992301587,0.009896653718299373,0.06641417228356052,474.9100827064056,63.179820392719996
ci,282,monotonous,2,62.48983601501322,1.004098857165933,68.44818611666666,16.091168790476175,8.045584395238087,0.00984363505868632,0.03743653111455046,338.07218245779507,63.179820392719996
ci,282,proportional,2,62.48983601501322,1.003422444776481,67.23237201666666,14.875354690476172,7.437677345238086,0.009686406974142171,0.1952360516642609,1075.873269482058,63.179820392719996
ci,282,full_power,3,62.48983601501322,1.0079453216492347,74.74357279444445,22.38655546825396,7.4621851560846535,0.009930083553953566,0.009930306409941188,233.73587515339992,63.179820392719996
ci,282,mixed,3,62.48983601501322,1.005966563017405,71.67628407222222,19.31926674603173,6.4397555820105765,0.009667051119514769,0.20303447885326528,1588.4630056412748,63.179820392719996
ci,282,monotonous,3,62.48983601501322,1.0072790049670879,73.69216316111111,21.335145834920624,7.111715278306875,0.009937843492895813,0.09705103340583227,847.0195907430284,63.179820392719996
ci,282,proportional,3,62.48983601501322,1.0042200056535961,68.67379425,16.316776923809513,5.4389256412698375,0.009927067651539237,0.3899365930731877,2908.170358299493,63.179820392719996
ci,282,full_power,4,62.48983601501322,1.0104894398901587,78.2235647611111,25.86654743492062,6.466636858730155,0.009909365869920727,0.17665302071625302,1821.2164832550102,63.179820392719996
ci,282,mixed,4,62.48983601501322,1.0076828332592982,74.36728925,22.010271923809512,5.502567980952378,0.009784490955409524,0.3223773814769059,3186.6334485435423,63.179820392719996
ci,282,monotonous,4,62.48983601501322,1.0100351330614223,77.47001730555554,25.112999979365057,6.278249994841264,0.009773941441967953,0.19833222238385226,2022.4196086425407,63.179820392719996
ci,282,proportional,4,62.48983601501322,1.00457335540928,69.34707951666667,16.99006219047618,4.247515547619045,0.009779347586254242,0.5166066623837449,5009.196154982257,63.179820392719996
ci,283,fb_only,0,10.815188409804897,5.079739978331528,55.314556634325406,0.0,,0.009936996810084623,,163.96044736639627,11.024048780298429
ci,283,full_power,1,10.815188409804897,5.862621885157097,62.81128810813492,7.496731473809511,7.496731473809511,0.009973337321713231,0.009960308771494451,187.9269501861943,11.024048780298429
ci,283,mixed,1,10.815188409804897,5.913759479956663,63.90810414146826,8.593547507142851,8.593547507142851,0.009846987693675313,0.009995885139714675,185.9256434834133,11.024048780298429
ci,283,monotonous,1,10.815188409804897,5.910292524377032,63.70237414146826,8.387817507142856,8.387817507142856,0.009735446928189081,0.009997367175703516,184.0886977093203,11.024048780298429
ci,283,proportional,1,10.815188409804897,5.963163596966414,64.47392453035714,9.159367896031732,9.159367896031732,0.009903934974648526,0.00999544584613486,186.86424303673306,11.024048780298429
ci,283,full_power,2,10.815188409804897,6.202600216684724,70.97269785674604,15.658141222420632,7.829070611210316,0.00994698726206094,0.009982790752384485,210.96454403419352,11.024048780298429
ci,283,mixed,2,10.815188409804897,6.741061755146262,72.08344784166667,16.768891207341262,8.384445603670631,0.009963601685802315,0.009994539755549474,211.29380834877634,11.024048780298429
ci,283,monotonous,2,10.815188409804897,6.275839653304442,71.39475992341269,16.080203289087287,8.040101644543643,0.009837152481782508,0.009999643413058985,209.23134284348413,11.024048780298429
ci,283,proportional,2,10.815188409804897,6.765547128927411,72.59964793055556,17.285091296230156,8.642545648115078,0.009961294042301833,0.010577694991434437,213.99189659779063,11.024048780298429
ci,283,full_power,3,10.815188409804897,7.095774647887324,78.31781664583333,23.003260011507926,7.667753337169309,0.009963762590988709,0.009991601954899216,234.72297730989436,11.024048780298429
ci,283,mixed,3,10.815188409804897,7.123510292524377,79.57955414583334,24.264997511507936,8.088332503835979,0.009907358212595346,0.009995376599912226,233.81887101800544,11.024048780298429
ci,283,monotonous,3,10.815188409804897,7.106175514626218,78.75270340138889,23.43814676706348,7.81271558902116,0.009689783955817656,0.009998548090024638,230.25121672858472,11.024048780298429
ci,283,proportional,3,10.815188409804897,7.094907908992416,78.25476619027776,22.940209555952357,7.646736518650786,0.009859827652630802,0.08633194126833584,770.2913589149558,11.024048780298429
ci,283,full_power,4,10.815188409804897,8.07453954496208,87.35587016825397,32.041313533928566,8.010328383482141,0.009930536247184164,0.009980162472369297,257.5076927192522,11.024048780298429
ci,283,mixed,4,10.815188409804897,8.082123510292524,87.9537570904762,32.639200456150796,8.159800114037699,0.009886011717786617,0.009996416829624091,256.92556887267165,11.024048780298429
ci,283,monotonous,4,10.815188409804897,8.077573131094258,87.59865225714285,32.28409562281744,8.07102390570436,0.00980865409939377,0.009997028664102538,255.6549096239354,11.024048780298429
ci,283,proportional,4,10.815188409804897,7.913759479956663,85.53964331964286,30.225086685317457,7.556271671329364,0.00986836273504989,0.0989210464274044,1091.1030848030862,11.024048780298429
ci,287,fb_only,0,11.436675576693121,5.372171007279142,65.59723182380952,0.0,,0.009847505380376275,,162.48383877620853,11.552340686658564
ci,287,full_power,1,11.436675576693121,6.1548950191033684,73.24795762460316,7.650725800793637,7.650725800793637,0.009904342161240552,0.00980114104818033,186.4151225595002,11.552340686658564
ci,287,mixed,1,11.436675576693121,6.156986458223796,74.49855271349206,8.901320889682538,8.901320889682538,0.009993199511195946,0.009995267796311836,188.3366901848807,11.552340686658564
ci,287,monotonous,1,11.436675576693121,6.156752777875145,74.36673428015872,8.769502456349201,8.769502456349201,0.009770678842910486,0.009997029511120399,184.66923214111148,11.552340686658564
ci,287,proportional,1,11.436675576693121,6.158154859967051,75.08083821349206,9.483606389682535,9.483606389682535,0.009983143762044074,0.009984508643126942,188.145529350503,11.552340686658564
ci,287,full_power,2,11.436675576693121,7.153259256662811,83.04276462777777,17.44553280396825,8.722766401984124,0.00992595091417834,0.009986578249926055,210.63521523259567,11.552340686658564
ci,287,mixed,2,11.436675576693121,7.154100505917955,84.08314405,18.48591222619048,9.24295611309524,0.009749214030529606,0.00999839217501194,207.77448758889454,11.552340686658564
ci,287,monotonous,2,11.436675576693121,7.153925245656467,83.88803068333331,18.29079885952379,9.145399429761895,0.009837675565282715,0.009998183257973792,209.23312267357784,11.552340686658564
ci,287,proportional,2,11.436675576693121,7.1546613387547175,84.49484196111112,18.897610137301598,9.448805068650799,0.009817445495642372,0.009948850977894963,208.6678594663823,11.552340686658564
ci,287,full_power,3,11.436675576693121,8.138116770070221,92.54351970873016,26.946287884920636,8.982095961640212,0.00994464594581264,0.009950866150874404,234.12085407576262,11.552340686658564
ci,287,mixed,3,11.436675576693121,8.139916108754834,93.02770009761905,27.430468273809524,9.143489424603175,0.009980140392564764,0.009997416428563102,235.03413330154575,11.552340686658564
ci,287,monotonous,3,11.436675576693121,8.13902812342996,92.83576085317459,27.23852902936507,9.079509676455023,0.00986124005356067,0.00999819530892989,233.07775946799964,11.552340686658564
ci,287,proportional,3,11.436675576693121,8.145676329349083,94.14371795793652,28.546486134126994,9.515495378042331,0.00998824243170645,0.0099772681991194,235.02601370855876,11.552340686658564
ci,287,full_power,4,11.436675576693121,8.378959421407457,101.81618010555556,36.21894828174604,9.05473707043651,0.009864825494403734,0.009986202342717116,256.48014344171906,11.552340686658564
ci,287,mixed,4,11.436675576693121,8.383995232920887,102.33326950079366,36.73603767698414,9.184009419246035,0.009960331667781715,0.009999145869206106,258.17745735502837,11.552340686658564
ci,287,monotonous,4,11.436675576693121,8.379859090749763,102.00434111666668,36.40710929285716,9.10177732321429,0.009956831355872487,0.010000134705377901,258.12898144716223,11.552340686658564
ci,287,proportional,4,11.436675576693121,9.136819844135207,103.50013655634922,37.902904732539696,9.475726183134924,0.009964547849609168,0.009978372875341136,258.0520905807525,11.552340686658564
ci,288,fb_only,0,28.56905159911817,2.769493362232457,61.032345428042326,0.0,,0.009669209567293358,,159.5419578603404,28.86282303450352
ci,288,full_power,1,28.56905159911817,2.84762936873476,68.28161666613757,7.24927123809524,7.24927123809524,0.009944547741604413,0.00999283044499491,187.52821796043088,28.86282303450352
ci,288,mixed,1,28.56905159911817,2.853589813058792,69.58693095502647,8.554585526984148,8.554585526984148,0.009697039910712857,0.009977743516123294,183.4089448155874,28.86282303450352
ci,288,monotonous,1,28.56905159911817,2.8529937686263884,69.39685132169313,8.364505893650808,8.364505893650808,0.009920802299304034,0.010001113198850439,187.1558495030197,28.86282303450352
ci,288,proportional,1,28.56905159911817,2.8537523706312653,69.63846695502647,8.606121526984147,8.606121526984147,0.009986568889463211,0.01633070408482568,203.09021845914404,28.86282303450352
ci,288,full_power,2,28.56905159911817,2.9090761311297753,76.50440342328041,15.472057995238082,7.736028997619041,0.009910003607462636,0.009969583218539338,210.29234398452007,28.86282303450352
ci,288,mixed,2,28.56905159911817,2.9441885667840695,78.94789824550264,17.915552817460316,8.957776408730158,0.00978369541628193,0.009979365116325512,208.25415549445114,28.86282303450352
ci,288,monotonous,2,28.56905159911817,2.9247358439447306,78.12946458994708,17.09711916190475,8.548559580952375,0.00978545187110219,0.009985999950186748,208.31426763946234,28.86282303450352
ci,288,proportional,2,28.56905159911817,2.944622053643999,78.97559253439152,17.943247106349197,8.971623553174599,0.009975957177874403,0.03026202883378094,306.5927327230278,28.86282303450352
ci,288,full_power,3,28.56905159911817,2.9939311839609863,84.8755101010582,23.84316467301587,7.947721557671957,0.009859275775394253,0.009969928284725102,232.84640556190044,28.86282303450352
ci,288,mixed,3,28.56905159911817,3.751557843402872,87.82436993148147,26.792024503439144,8.930674834479715,0.0099923466091018,0.00997195994613808,235.0563731510995,28.86282303450352
ci,288,monotonous,3,28.56905159911817,3.7227851530750473,86.07094050291006,25.038595074867736,8.346198358289245,0.009940049065361287,0.009988934918242308,234.31293353305063,28.86282303450352
ci,288,proportional,3,28.56905159911817,2.99273909509618,84.56524174550265,23.53289631746032,7.844298772486773,0.009912099659165848,0.11266599693266785,956.4929307883529,28.86282303450352
ci,288,full_power,4,28.56905159911817,3.8332159306421025,95.1401204473545,34.10777501931218,8.526943754828045,0.00999997361696585,0.009992468347864268,258.7688876562948,28.86282303450352
ci,288,mixed,4,28.56905159911817,3.843944730425359,96.39905786957672,35.366712441534396,8.841678110383599,0.009948722337114586,0.009997523722949299,257.9706811785469,28.86282303450352
ci,288,monotonous,4,28.56905159911817,3.839555675968572,95.78756690291007,34.755221474867746,8.688805368716936,0.009973255320100639,0.009996350591223868,258.3644667297053,28.86282303450352
ci,288,proportional,4,28.56905159911817,3.7737198591167704,90.1189944648148,29.086649036772478,7.2716622591931195,0.009914130876342573,0.19985712819026033,2039.0424503970555,28.86282303450352
ci,292,fb_only,0,25.17673922716931,2.061954535487172,53.48803718333333,0.0,,0.00989629319256872,,163.2888376773839,25.345394384781855
ci,292,full_power,1,25.17673922716931,2.9856004678020613,61.042634255555555,7.554597072222222,7.554597072222222,0.009965226371292294,0.00987242087928308,187.58693450912097,25.345394384781855
ci,292,mixed,1,25.17673922716931,2.98665302243988,61.91909965555555,8.431062472222216,8.431062472222216,0.00993526499105246,0.047503739126978035,275.37564434425605,25.345394384781855
ci,292,monotonous,1,25.17673922716931,2.9862144580074554,61.59463788888889,8.106600705555557,8.106600705555557,0.009825024053403575,0.04762696061571074,273.84574648561636,25.345394384781855
ci,292,proportional,1,25.17673922716931,2.9866968788831225,61.95628582222222,8.468248638888888,8.468248638888888,0.009675267666535713,0.05345204363073922,285.0404108555535,25.345394384781855
ci,292,full_power,2,25.17673922716931,2.993012206710036,69.05845828888889,15.570421105555553,7.785210552777777,0.009994491607872828,0.009959679222159411,211.6399264402736,25.345394384781855
ci,292,mixed,2,25.17673922716931,2.992529785834369,68.46131244444445,14.973275261111112,7.486637630555556,0.00980689291753722,0.15923826896595353,908.959691127618,25.345394384781855
ci,292,monotonous,2,25.17673922716931,2.9925882610920254,68.5368175,15.048780316666665,7.524390158333333,0.00975342637184029,0.12037891975662256,725.7494266334378,25.345394384781855
ci,292,proportional,2,25.17673922716931,2.9906293399605293,66.29743707777779,12.809399894444454,6.404699947222227,0.00984391167701839,0.2902549427162421,1524.3007338954112,25.345394384781855
ci,292,full_power,3,25.17673922716931,3.061472114611505,78.21964916031746,24.731611976984126,8.243870658994709,0.009854731967615963,0.009970605669025153,232.77620016426243,25.345394384781855
ci,292,mixed,3,25.17673922716931,2.995614355675755,72.06935406666666,18.58131688333333,6.193772294444443,0.009916767902013185,0.3077309616509301,2329.437178482464,25.345394384781855
ci,292,monotonous,3,25.17673922716931,2.9980849353117462,74.33406358571428,20.846026402380943,6.948675467460315,0.009972413019417604,0.20531706791231077,1609.5663387872337,25.345394384781855
ci,292,proportional,3,25.17673922716931,2.9923105036181568,68.17426966666666,14.686232483333328,4.895410827777776,0.00977539637118395,0.4690406533016195,3462.4021580613326,25.345394384781855
ci,292,full_power,4,25.17673922716931,3.062349243476354,79.1126398936508,25.62460271031746,6.406150677579365,0.00975124300222069,0.24051270218646453,2417.8667068544246,25.345394384781855
ci,292,mixed,4,25.17673922716931,2.997602514436079,73.71701654126984,20.22897935793651,5.057244839484127,0.009660694848780505,0.42562011887364515,4153.420660515164,25.345394384781855
ci,292,monotonous,4,25.17673922716931,3.0609750749214237,77.75482637142858,24.266789188095245,6.066697297023811,0.009725177356845085,0.2917869222859868,2898.5939051196438,25.345394384781855
ci,292,proportional,4,25.17673922716931,2.9928075433082375,68.81019657777777,15.32215939444444,3.83053984861111,0.009893000532891957,0.580601035941074,5611.594630063756,25.345394384781855
ci,293,fb_only,0,11.201855883809523,4.945466491458607,53.94204031111111,0.0,,0.00975048881393761,,160.88306542997057,11.321786677806738
ci,293,full_power,1,11.201855883809523,5.793035479632063,60.16563771746032,6.223597406349214,6.223597406349214,0.009739956966459662,0.009843205102964488,183.80144911813912,11.321786677806738
ci,293,mixed,1,11.201855883809523,5.8808585194918965,61.72384071984128,7.78180040873017,7.78180040873017,0.009979487325327328,0.009998097166867465,188.117076821372,11.321786677806738
ci,293,monotonous,1,11.201855883809523,5.8290626368812966,61.20294743968254,7.260907128571432,7.260907128571432,0.009930623397233003,0.009996436759943208,187.30692669317133,11.321786677806738
ci,293,proportional,1,11.201855883809523,5.901773981603154,62.2265339531746,8.284493642063495,8.284493642063495,0.009932396228032134,0.009966027797002399,187.26483897429785,11.321786677806738
ci,293,full_power,2,11.201855883809523,6.759526938239159,69.07972058412697,15.137680273015867,7.568840136507934,0.009992291986791777,0.009916623883223624,211.40161704214955,11.321786677806738
ci,293,mixed,2,11.201855883809523,6.774857643451599,70.2718248063492,16.329784495238094,8.164892247619047,0.009765168604865928,0.00999688141337136,208.03064957182625,11.321786677806738
ci,293,monotonous,2,11.201855883809523,6.768615856329391,69.82233720634922,15.88029689523811,7.940148447619055,0.009948257122517677,0.009996525890496183,211.04994199974976,11.321786677806738
ci,293,proportional,2,11.201855883809523,6.773324572930354,70.10377515079367,16.16173483968256,8.08086741984128,0.009879611731767232,0.050002582972734,397.6257128822273,11.321786677806738
ci,293,full_power,3,11.201855883809523,6.957621550591327,77.04779241746033,23.10575210634922,7.701917368783074,0.009859480619584884,0.00995869115127094,232.77069854579548,11.321786677806738
ci,293,mixed,3,11.201855883809523,7.001752080595708,78.4299577309524,24.48791741984129,8.162639139947096,0.009990186874951177,0.009997824645151851,235.20277328927315,11.321786677806738
ci,293,monotonous,3,11.201855883809523,6.967257993867718,77.44450662857143,23.502466317460325,7.834155439153442,0.00985616787934594,0.009998636709793542,232.99717517273496,11.321786677806738
ci,293,proportional,3,11.201855883809523,6.936925098554534,75.67043850634921,21.728398195238107,7.242799398412703,0.009899130615055974,0.1288471650355151,1070.1620026683788,11.321786677806738
ci,293,full_power,4,11.201855883809523,7.913162505475252,85.14968479285713,31.207644481746023,7.801911120436506,0.00997522094471976,0.009974766011472527,258.19434983953425,11.321786677806738
ci,293,mixed,4,11.201855883809523,7.932435392028033,86.53495070396826,32.592910392857156,8.148227598214289,0.009944513469714015,0.009996428471139166,257.89095702345116,11.321786677806738
ci,293,monotonous,4,11.201855883809523,7.918418747262374,85.52696245952382,31.58492214841271,7.896230537103177,0.00996288822081762,0.009993034900749289,258.16229515212206,11.321786677806738
ci,293,proportional,4,11.201855883809523,7.758212877792379,80.17704058174604,26.235000270634934,6.558750067658734,0.009939926341528689,0.20922168848929495,2127.345109418767,11.321786677806738
ci,308,fb_only,0,38.121502675833334,1.3953766440813073,49.855031129365074,0.0,,0.009791923363539014,,161.56673549839374,38.445288839801705
ci,308,full_power,1,38.121502675833334,1.6976883220406536,58.14036536031746,8.285334230952387,8.285334230952387,0.009797031724720368,0.00996498957663392,185.02888900466925,38.445288839801705
ci,308,mixed,1,38.121502675833334,1.7202072538860103,59.82385053809524,9.96881940873017,9.96881940873017,0.009737860676366998,0.037737531695328334,249.20695051729575,38.445288839801705
ci,308,monotonous,1,38.121502675833334,1.7158230370665604,59.501697049206356,9.646665919841283,9.646665919841283,0.009814658944647548,0.03322764634447069,239.8939309108128,38.445288839801705
ci,308,proportional,1,38.121502675833334,1.7212036667995216,59.89958360476191,10.044552475396834,10.044552475396834,0.009915053539685038,0.03373697790735936,242.74533357546818,38.445288839801705
ci,308,full_power,2,38.121502675833334,1.8015145476285372,66.40409567142856,16.54906454206349,8.274532271031745,0.009914178071928332,0.009974374528476541,210.3837034744294,38.445288839801705
ci,308,mixed,2,38.121502675833334,1.7758070944599442,64.26407622698413,14.409045097619057,7.204522548809528,0.00980885152236911,0.20392262174222886,1118.650991333628,38.445288839801705
ci,308,monotonous,2,38.121502675833334,1.7740135512156237,64.1033263936508,14.24829526428573,7.124147632142865,0.009831476387249906,0.1818049621510401,1015.2482428023037,38.445288839801705
ci,308,proportional,2,38.121502675833334,1.7538860103626943,62.75471898253968,12.899687853174605,6.449843926587302,0.009707214543973882,0.3094527841001556,1612.1215029734992,38.445288839801705
ci,308,full_power,3,38.121502675833334,1.8435631725787167,70.47677143809524,20.621740308730168,6.873913436243389,0.009709557904695541,0.20239661132712317,1584.6750559477691,38.445288839801705
ci,308,mixed,3,38.121502675833334,1.8019131127939418,66.44328837142857,16.58825724206349,5.5294190806878305,0.009954441257073775,0.37825911107995774,2826.43590452246,38.445288839801705
ci,308,monotonous,3,38.121502675833334,1.8090872857712237,67.02251654920636,17.167485419841285,5.722495139947095,0.009712250463595404,0.3203358390367417,2414.775767789912,38.445288839801705
ci,308,proportional,3,38.121502675833334,1.7722200079713033,63.9313560047619,14.076324875396828,4.6921082917989425,0.009965307326756443,0.49769524171165747,3667.2066820581267,38.445288839801705
ci,308,full_power,4,38.121502675833334,1.8435631725787167,70.47677143809524,20.621740308730168,5.155435077182542,0.009709557904695541,0.4098186349598228,4005.9457758904537,38.445288839801705
ci,308,mixed,4,38.121502675833334,1.8090872857712237,67.02251654920636,17.167485419841285,4.291871354960321,0.009653912851599014,0.502950828603251,4878.980137664291,38.445288839801705
ci,308,monotonous,4,38.121502675833334,1.8320047827819848,69.32180820476191,19.466777075396834,4.8666942688492085,0.009847953461364875,0.4366959795121057,4260.44630385412,38.445288839801705
ci,308,proportional,4,38.121502675833334,1.7776006377042646,64.41090283809524,14.555871708730166,3.6389679271825415,0.009897863705322711,0.6081852807238723,5870.525425450643,38.445288839801705
ci,311,fb_only,0,10.327924748267197,6.045421773612112,63.627706611111115,0.0,,0.009821469769763074,,162.05425120109072,10.418293448058874
ci,311,full_power,1,10.327924748267197,6.97212208603701,71.34381587222221,7.716109261111093,7.716109261111093,0.009915036719717336,0.009762474235881908,186.500870432715,10.418293448058874
ci,311,mixed,1,10.327924748267197,7.037130497476568,73.19178216984126,9.564075558730146,9.564075558730146,0.009927687419705868,0.009992797841120194,187.24994616041482,10.418293448058874
ci,311,monotonous,1,10.327924748267197,7.0325642874309064,72.81991903650793,9.19221242539681,9.19221242539681,0.009853452989173915,0.009994294830577503,186.0285899939044,10.418293448058874
ci,311,proportional,1,10.327924748267197,7.041095890410959,73.54620834761904,9.918501736507928,9.918501736507928,0.00998357389392139,0.009991001874890727,188.16785964819658,10.418293448058874
ci,311,full_power,2,10.327924748267197,7.949891852919971,80.33540704761906,16.707700436507942,8.353850218253971,0.009745910285379198,0.009950368951501707,207.49465082920275,10.418293448058874
ci,311,mixed,2,10.327924748267197,7.982215813506369,82.15201118650793,18.52430457539682,9.26215228769841,0.00997126568056813,0.009987007815662296,211.3849244004616,10.418293448058874
ci,311,monotonous,2,10.327924748267197,7.975006008171112,81.8346765642857,18.206969953174585,9.103484976587293,0.009998423390461354,0.009996085755649278,211.87562030811876,10.418293448058874
ci,311,proportional,2,10.327924748267197,7.991107906753184,82.4568069531746,18.82910034206349,9.414550171031745,0.009972609975795924,0.014952898373924217,234.70706377108516,10.418293448058874
ci,311,full_power,3,10.327924748267197,8.931386685892814,89.28833295079365,25.66062633968253,8.55354211322751,0.009738188965249544,0.009977775243303484,230.9037000889874,10.418293448058874
ci,311,mixed,3,10.327924748267197,8.956981494832974,91.08707702301585,27.459370411904736,9.153123470634911,0.009889207512085321,0.009984391181724889,233.44206908638756,10.418293448058874
ci,311,monotonous,3,10.327924748267197,8.948930545541938,90.62414605079364,26.996439439682526,8.998813146560842,0.009944902989907276,0.009998856509126549,234.4628514447027,10.418293448058874
ci,311,proportional,3,10.327924748267197,8.93210766642634,89.36261821746032,25.734911606349208,8.578303868783069,0.009974349835862857,0.08111335721637457,735.4525803805814,10.418293448058874
ci,311,full_power,4,10.327924748267197,9.923816390290796,98.96557558730157,35.33786897619046,8.834467244047614,0.009890545505534174,0.009949301926409082,256.55825011873674,10.418293448058874
ci,311,mixed,4,10.327924748267197,9.943162701273732,100.71249064285715,37.08478403174603,9.271196007936508,0.009972196084258797,0.009993993745632927,258.32487269928953,10.418293448058874
ci,311,monotonous,4,10.327924748267197,9.930305215092526,99.50735878730158,35.87965217619047,8.969913044047617,0.009764518322278204,0.00999604163926542,254.91740706045707,10.418293448058874
ci,311,proportional,4,10.327924748267197,9.067291516462388,95.66153438730159,32.03382777619047,8.008456944047618,0.009924716279400777,0.150904590303164,1579.8464940150036,10.418293448058874
ci,313,fb_only,0,13.140752039973544,3.9613455296547655,51.68296463174603,0.0,,0.009848102801941387,,162.4936962320329,13.2471758458001
ci,313,full_power,1,13.140752039973544,4.435821776335202,57.79042553412698,6.10746090238095,6.10746090238095,0.009832704142256003,0.0100005602453742,185.70093268287192,13.2471758458001
ci,313,mixed,1,13.140752039973544,4.823251696665683,60.96876226746032,9.285797635714289,9.285797635714289,0.009929438758987691,0.009976109896851023,187.2396933413094,13.2471758458001
ci,313,monotonous,1,13.140752039973544,4.618471525523753,59.68581226746032,8.00284763571429,8.00284763571429,0.009982737539757272,0.00998389988814703,188.13739854358795,13.2471758458001
ci,313,proportional,1,13.140752039973544,4.831808793154323,61.17281212301587,9.489847491269842,9.489847491269842,0.00997898717995365,0.02889029974248833,232.42993166511286,13.2471758458001
ci,313,full_power,2,13.140752039973544,5.197403363824137,67.10022007539682,15.417255443650788,7.708627721825394,0.009891432843599593,0.009970263020551344,209.98911601182022,13.2471758458001
ci,313,mixed,2,13.140752039973544,5.2065506048982,67.5858159531746,15.902851321428571,7.9514256607142855,0.009818246207588466,0.04650763687162413,380.21489462687015,13.2471758458001
ci,313,monotonous,2,13.140752039973544,5.204485098849218,67.46144465317461,15.778480021428578,7.889240010714289,0.00991442082038787,0.00998518060256631,210.43841092364102,13.2471758458001
ci,313,proportional,2,13.140752039973544,4.954263794629684,64.41078747301586,12.727822841269827,6.363911420634913,0.009790930040534204,0.29162692013792774,1529.8638549559712,13.2471758458001
ci,313,full_power,3,13.140752039973544,5.864856889938035,75.72264843095238,24.039683799206344,8.013227933068782,0.009924752499239829,0.009996420332482174,234.1132225374667,13.2471758458001
ci,313,mixed,3,13.140752039973544,5.855119504278548,75.09723126428571,23.41426663253968,7.804755544179893,0.009764831663451032,0.07577153404721405,694.3997790712344,13.2471758458001
ci,313,monotonous,3,13.140752039973544,5.867807612865152,75.91174941984127,24.22878478809524,8.076261596031747,0.009783182125959994,0.01288318574133066,252.0943663258251,13.2471758458001
ci,313,proportional,3,13.140752039973544,5.14458542342874,66.71282196984126,15.029857338095226,5.009952446031742,0.009821705324724407,0.4393419876162328,3254.1470467009995,13.2471758458001
ci,313,full_power,4,13.140752039973544,6.405134257893184,82.37400067222222,30.69103604047619,7.672759010119048,0.009855043537526935,0.009982170629796715,256.2809075592068,13.2471758458001
ci,313,mixed,4,13.140752039973544,5.960165240483919,77.89238766984127,26.209423038095238,6.5523557595238096,0.009868330016385329,0.1868671634838245,1916.3889074025672,13.2471758458001
ci,313,monotonous,4,13.140752039973544,6.400118028917085,82.11062015,30.42765551825397,7.606913879563493,0.009882807908746601,0.015066396547171098,304.44939569297253,13.2471758458001
ci,313,proportional,4,13.140752039973544,5.204485098849218,67.46144465317461,15.778480021428578,3.9446200053571445,0.009936606058096936,0.5458279979177987,5286.003932419222,13.2471758458001
ci,315,fb_only,0,23.450626146988537,2.062721543914927,51.90020048280423,0.0,,0.009886702341481368,,163.13058863444257,23.580248034810698
ci,315,full_power,1,23.450626146988537,2.447420244190626,58.575772484391535,6.675572001587305,6.675572001587305,0.009698167333868883,0.009893939439861858,183.23094293475248,23.580248034810698
ci,315,mixed,1,23.450626146988537,2.4522449783379283,59.422949517724874,7.522749034920643,7.522749034920643,0.009939858376790173,0.023338898876584798,218.7607199815058,23.580248034810698
ci,315,monotonous,1,23.450626146988537,2.4506695549428907,59.135450395502644,7.235249912698414,7.235249912698414,0.00969912224186625,0.010179839992858025,183.91742161403806,23.580248034810698
ci,315,proportional,1,23.450626146988537,2.452441906262308,59.46158431772488,7.5613838349206475,7.5613838349206475,0.009889731977339548,0.05573678048095965,293.93906463443386,23.580248034810698
ci,315,full_power,2,23.450626146988537,2.5619338322174086,66.25040076772487,14.35020028492064,7.17510014246032,0.009898083446020115,0.009961746458524691,210.05889124272974,23.580248034810698
ci,315,mixed,2,23.450626146988537,2.5661677825915716,66.93212646772486,15.031925984920626,7.515962992460313,0.009932809499584621,0.07287686182917066,505.82959244561505,23.580248034810698
ci,315,monotonous,2,23.450626146988537,2.5637061835368256,66.5411158010582,14.640915318253967,7.320457659126983,0.009778903235886392,0.04169882610550656,357.0027954791623,23.580248034810698
ci,315,proportional,2,23.450626146988537,2.5557306025994486,65.03540436772487,13.135203884920635,6.567601942460318,0.009771211438950388,0.2320402834426101,1249.9579986554081,23.580248034810698
ci,315,full_power,3,23.450626146988537,3.0569121701457265,74.66034814179895,22.76014765899472,7.5867158863315725,0.009998791144221763,0.009984346680188978,235.24988581482913,23.580248034810698
ci,315,mixed,3,23.450626146988537,3.05484442693974,74.23291334179893,22.332712858994704,7.444237619664901,0.009842370151963258,0.08315683034952429,747.6568795073457,23.580248034810698
ci,315,monotonous,3,23.450626146988537,3.0587829854273334,75.0076172973545,23.10741681455027,7.702472271516757,0.009933649584082467,0.020487624982031043,308.0971227608952,23.580248034810698
ci,315,proportional,3,23.450626146988537,2.5633123276880663,66.48085466772487,14.58065418492064,4.8602180616402135,0.009699812805493275,0.41160113870971604,3056.8957255296204,23.580248034810698
ci,315,full_power,4,23.450626146988537,3.4497833792831822,82.42622432116401,30.526023838359784,7.631505959589946,0.009756813429833446,0.00998957379375553,254.72958207285376,23.580248034810698
ci,315,mixed,4,23.450626146988537,3.2529539188656953,78.63251219259259,26.732311709788355,6.683077927447089,0.009932575714492289,0.16151215691836165,1679.5175798110286,23.580248034810698
ci,315,monotonous,4,23.450626146988537,3.4501772351319415,82.49760561005291,30.597405127248685,7.649351281812171,0.009835664146348927,0.014344706473344534,296.8991839606224,23.580248034810698
ci,315,proportional,4,23.450626146988537,2.9042930287514768,68.19177312883598,16.291572646031746,4.0728931615079365,0.00991953489922789,0.5151043566171152,4997.411608332269,23.580248034810698
ci,321,fb_only,0,10.783649114166666,4.959494398161448,53.20149783492064,0.0,,0.009946070247188694,,164.11015907861346,10.862213629593427
ci,321,full_power,1,10.783649114166666,5.892846883079575,61.56936473968254,8.367866904761904,8.367866904761904,0.00985645983364995,0.009928606299430348,185.92409763368778,10.862213629593427
ci,321,mixed,1,10.783649114166666,5.936512496409078,62.54724481349206,9.34574697857142,9.34574697857142,0.009774919470104981,0.009998926327090013,184.74365242008537,10.862213629593427
ci,321,monotonous,1,10.783649114166666,5.930767020970985,62.223247613492056,9.021749778571419,9.021749778571419,0.009848657266253846,0.01000117638481,185.9656046919527,10.862213629593427
ci,321,proportional,1,10.783649114166666,5.944843435794312,63.07212929126984,9.870631456349201,9.870631456349201,0.00975774905845214,0.032744601584245386,237.8216947811,10.862213629593427
ci,321,full_power,2,10.783649114166666,6.277506463659868,69.45858811587301,16.257090280952376,8.128545140476188,0.009961510871803332,0.009939756981376786,211.00226914137488,10.862213629593427
ci,321,mixed,2,10.783649114166666,6.745475438092502,71.03385379603174,17.832355961111098,8.916177980555549,0.009979204623770586,0.009994996045385538,211.5533977371636,10.862213629593427
ci,321,monotonous,2,10.783649114166666,6.293593794886527,69.54544616031747,16.34394832539683,8.171974162698415,0.00997962077460106,0.009998801913843272,211.5781213606701,10.862213629593427
ci,321,proportional,2,10.783649114166666,6.087905774202815,66.97995551746031,13.778457682539674,6.889228841269837,0.009953885338949977,0.1986904901307683,1096.4948877862396,10.862213629593427
ci,321,full_power,3,10.783649114166666,7.085033036483769,77.58478905158732,24.383291216666684,8.127763738888895,0.009695218857526857,0.009968953832490239,230.13260822225945,10.862213629593427
ci,321,mixed,3,10.783649114166666,7.094225797184717,78.16325134047618,24.961753505555542,8.320584501851847,0.009706936711131622,0.00998875843202495,230.46533757826336,10.862213629593427
ci,321,monotonous,3,10.783649114166666,7.076414823326631,77.00146868492064,23.79997085,7.933323616666667,0.009646437157465687,0.009997412127623636,229.527999652399,10.862213629593427
ci,321,proportional,3,10.783649114166666,6.936512496409078,73.33151775873016,20.13001992380952,6.71000664126984,0.009691062052405108,0.2266941326666728,1755.3758295727273,10.862213629593427
ci,321,full_power,4,10.783649114166666,7.9821890261419135,86.12721765952381,32.92571982460317,8.231429956150793,0.009917595020279713,0.009941092185903628,256.9275269071349,10.862213629593427
ci,321,mixed,4,10.783649114166666,8.00373455903476,86.28353537460318,33.08203753968254,8.270509384920635,0.009951643451974206,0.009999577796217867,258.03815499728285,10.862213629593427
ci,321,monotonous,4,10.783649114166666,7.95834530307383,85.47827557063492,32.27677773571428,8.06919443392857,0.009901863911509457,0.009999428946754872,257.2153957762538,10.862213629593427
ci,321,proportional,4,10.783649114166666,7.0034472852628555,75.4986442404762,22.29714640555556,5.57428660138889,0.00998019020285232,0.3445765002000349,3398.1790162241905,10.862213629593427
ci,323,fb_only,0,10.218563710873015,5.949975478175577,60.54704652142857,0.0,,0.009891317298819284,,163.2067354305182,10.343825093325671
ci,323,full_power,1,10.218563710873015,6.692251103482099,68.38600009920634,7.838953577777772,7.838953577777772,0.00990854237094251,0.009822924714734463,186.53553050131848,10.343825093325671
ci,323,mixed,1,10.218563710873015,6.922265816576753,70.07946151031746,9.532414988888888,9.532414988888888,0.009862739040466511,0.009997206680568398,186.1886410403109,10.343825093325671
ci,323,monotonous,1,10.218563710873015,6.8974987739087785,69.55235661031745,9.005310088888876,9.005310088888876,0.009836824695235419,0.009999156583233127,185.76562881564934,10.343825093325671
ci,323,proportional,1,10.218563710873015,6.935017165277096,70.43448017698412,9.887433655555554,9.887433655555554,0.009681369157570844,0.009984692683979926,183.16668013653583,10.343825093325671
ci,323,full_power,2,10.218563710873015,7.525993133889162,77.27680259920636,16.729756077777793,8.364878038888897,0.00971552969409994,0.009944291963245772,206.96485784419818,10.343825093325671
ci,323,mixed,2,10.218563710873015,7.728298185384992,79.04948141031745,18.502434888888885,9.251217444444443,0.009728907748065911,0.009991013563237987,207.40481348180018,10.343825093325671
ci,323,monotonous,2,10.218563710873015,7.692005885237862,78.5922737547619,18.045227233333335,9.022613616666668,0.009649077273711816,0.009999523469972578,206.1275391373563,10.343825093325671
ci,323,proportional,2,10.218563710873015,7.8962726826875915,79.74305688809524,19.19601036666667,9.598005183333335,0.009835498990448636,0.009991284030319304,209.16483801266065,10.343825093325671
ci,323,full_power,3,10.218563710873015,8.27611574301128,85.84941228333334,25.302365761904767,8.434121920634922,0.009996826822981383,0.009970419276359823,235.11945344621327,10.343825093325671
ci,323,mixed,3,10.218563710873015,8.554193231976459,88.18097316587301,27.633926644444443,9.21130888148148,0.00994513661440431,0.009999534920992008,234.47148091161287,10.343825093325671
ci,323,monotonous,3,10.218563710873015,8.51397743992153,87.20728854365079,26.66024202222222,8.88674734074074,0.00965972210171746,0.009997386744133311,229.74702258354836,10.343825093325671
ci,323,proportional,3,10.218563710873015,8.673859735164296,88.3136069547619,27.766560433333325,9.255520144444441,0.00998506802976802,0.02700707076628484,354.829386544285,10.343825093325671
ci,323,full_power,4,10.218563710873015,9.233938205002453,95.02804071666667,34.4809941952381,8.620248548809524,0.00993722159122969,0.009969074322940674,257.51394970176517,10.343825093325671
ci,323,mixed,4,10.218563710873015,9.332270720941638,96.92933116111111,36.38228463968254,9.095571159920635,0.009978046584954046,0.009995735988379766,258.43775516669746,10.343825093325671
ci,323,monotonous,4,10.218563710873015,9.259686120647377,95.62276786111111,35.075721339682545,8.768930334920636,0.009952463286626925,0.009995674739487455,258.0150559846945,10.343825093325671
ci,323,proportional,4,10.218563710873015,9.096370769985286,93.51620277777778,32.96915625634921,8.242289064087302,0.009668420090215865,0.1132732107964556,1222.4847416025011,10.343825093325671
ci,324,fb_only,0,12.791904650833335,4.8320825515947465,60.21579071587301,0.0,,0.009754585451278722,,160.9506599460989,12.873037118920603
ci,324,full_power,1,12.791904650833335,5.434099437148218,68.31568622698414,8.099895511111129,8.099895511111129,0.009829616826873286,0.009880355070700408,185.36799063927236,12.873037118920603
ci,324,mixed,1,12.791904650833335,5.461069418386492,69.39512482698413,9.179334111111118,9.179334111111118,0.009665896256753261,0.009982881620164126,182.90712851733386,12.873037118920603
ci,324,monotonous,1,12.791904650833335,5.456144465290807,69.15817266031746,8.942381944444449,8.942381944444449,0.009772895957223237,0.00999657887464536,184.70475733410143,12.873037118920603
ci,324,proportional,1,12.791904650833335,5.470919324577861,69.69901404920635,9.483223333333342,9.483223333333342,0.00997554964610933,0.01490099499608709,199.55430342162424,12.873037118920603
ci,324,full_power,2,12.791904650833335,6.275562851782364,77.66924184444444,17.45345112857143,8.726725564285715,0.009933227466554723,0.009953870442432844,210.60181331404783,12.873037118920603
ci,324,mixed,2,12.791904650833335,6.405487804878049,79.93459888809524,19.718808172222225,9.859404086111113,0.009837160439791093,0.009998872644860265,209.2278577062374,12.873037118920603
ci,324,monotonous,2,12.791904650833335,6.387898686679175,79.25284943253968,19.037058716666664,9.518529358333332,0.009657322423812516,0.00999916149126141,206.26188570990504,12.873037118920603
ci,324,proportional,2,12.791904650833335,6.4057223264540335,79.94509843253968,19.729307716666668,9.864653858333334,0.00975836480847266,0.025682575708292903,281.51566456310917,12.873037118920603
ci,324,full_power,3,12.791904650833335,6.839821763602251,86.05750380476191,25.841713088888895,8.613904362962964,0.009899832068879484,0.009918618299241804,233.1544647265753,12.873037118920603
ci,324,mixed,3,12.791904650833335,6.920731707317073,88.19191997142858,27.976129255555563,9.325376418518522,0.009773191089393708,0.009993696521719192,231.59328909485583,12.873037118920603
ci,324,monotonous,3,12.791904650833335,6.871951219512195,86.93096207142857,26.715171355555555,8.905057118518519,0.009929119093616663,0.009996742397023294,234.1875380349249,12.873037118920603
ci,324,proportional,3,12.791904650833335,6.764305816135084,83.87882662698414,23.663035911111123,7.887678637037041,0.009870149180798956,0.14673513818906128,1195.579364057796,12.873037118920603
ci,324,full_power,4,12.791904650833335,7.465525328330206,95.16710282698413,34.95131211111112,8.73782802777778,0.009897175778032716,0.00995067485057866,256.68053313536996,12.873037118920603
ci,324,mixed,4,12.791904650833335,7.489446529080675,95.93524316031747,35.71945244444446,8.929863111111114,0.009985797760783365,0.009991322512738973,258.524233512468,12.873037118920603
ci,324,monotonous,4,12.791904650833335,7.4791275797373356,95.54067144920634,35.32488073333333,8.831220183333333,0.009958354471467232,0.009997407084496895,258.12851686012823,12.873037118920603
ci,324,proportional,4,12.791904650833335,7.005393996247655,89.64652737777777,29.43073666190476,7.35768416547619,0.009947757949369399,0.22155721349013002,2243.230897555975,12.873037118920603
de,6,fb_only,0,41.39208333333333,1.250251256281407,52.75437037037037,0.0,,0.009753202229027183,,160.92783677894852,41.39208333333334
de,6,full_power,1,41.39208333333333,1.3837185929648241,58.33247453703704,5.5781041666666695,5.5781041666666695,0.009864193464893518,0.009868726048800234,185.91122348122838,41.39208333333334
de,6,mixed,1,41.39208333333333,1.4237185929648242,59.89018055555555,7.135810185185186,7.135810185185186,0.00985696922398018,0.01578348722575234,199.66805322728794,41.39208333333334
de,6,monotonous,1,41.39208333333333,1.4072361809045226,59.38012037037036,6.6257499999999965,6.6257499999999965,0.009972569120483256,0.023188026709927277,218.94650114946313,41.39208333333334
de,6,proportional,1,41.39208333333333,1.4391959798994975,60.5493287037037,7.794958333333334,7.794958333333334,0.009837397393105395,0.011567112492863345,189.4535028944964,41.39208333333334
de,6,full_power,2,41.39208333333333,1.614070351758794,67.19688888888889,14.442518518518526,7.221259259259263,0.009824034812844612,0.009909351005192496,208.59124932829928,41.39208333333334
de,6,mixed,2,41.39208333333333,1.6705527638190956,68.87443055555555,16.12006018518518,8.06003009259259,0.00990564518303531,0.018683250170030037,251.10495531786356,41.39208333333334
de,6,monotonous,2,41.39208333333333,1.6450251256281407,68.09413194444444,15.339761574074075,7.669880787037037,0.009983431051237598,0.010167868852644807,212.4342530020298,41.39208333333334
de,6,proportional,2,41.39208333333333,1.601005025125628,66.68790509259259,13.93353472222222,6.96676736111111,0.00978937396497504,0.15905994134530932,907.8339152142794,41.39208333333334
de,6,full_power,3,41.39208333333333,1.786532663316583,75.87074074074074,23.116370370370376,7.705456790123459,0.009883145982356192,0.009941873443540144,233.0428140045127,41.39208333333334
de,6,mixed,3,41.39208333333333,1.7618090452261306,74.16751157407407,21.413141203703702,7.1377137345679005,0.009782680937061533,0.1365892981209823,1122.7297156369887,41.39208333333334
de,6,monotonous,3,41.39208333333333,1.7811055276381909,75.41167361111111,22.657303240740745,7.552434413580248,0.009851334842528411,0.05212045631228592,529.3707964275872,41.39208333333334
de,6,proportional,3,41.39208333333333,1.6751758793969849,69.19820833333333,16.44383796296296,5.481279320987653,0.009893124284724395,0.34765428727258435,2610.0274245224014,41.39208333333334
de,6,full_power,4,41.39208333333333,2.055678391959799,84.65163194444443,31.897261574074065,7.974315393518516,0.009858376198217412,0.009981595615818397,256.3305005294271,41.39208333333334
de,6,mixed,4,41.39208333333333,1.7943718592964824,76.53336574074073,23.778995370370367,5.944748842592592,0.00986574444962815,0.2760390930086243,2753.135632211795,41.39208333333334
de,6,monotonous,4,41.39208333333333,1.9139698492462311,81.31014583333332,28.555775462962956,7.138943865740739,0.00988417626260497,0.1094019652876476,1189.7169505922673,41.39208333333334
de,6,proportional,4,41.39208333333333,1.682814070351759,69.82031712962963,17.065946759259262,4.2664866898148155,0.009874043913208402,0.4926750631626459,4786.184517286208,41.39208333333334
de,7,fb_only,0,47.51783101851852,1.0508539627710611,49.56586805555555,0.0,,0.00986342173651024,,162.74645865241897,47.508726851851854
de,7,full_power,1,47.51783101851852,1.2110919209364805,56.86793518518518,7.302067129629634,7.302067129629634,0.009782169271758949,0.009804521817852272,184.4072011687041,47.508726851851854
de,7,mixed,1,47.51783101851852,1.2287468815966225,58.475694444444436,8.909826388888888,8.909826388888888,0.009992078845944797,0.0314216838571864,238.58457128704845,47.508726851851854
de,7,monotonous,1,47.51783101851852,1.2180003838034925,57.53627546296296,7.970407407407414,7.970407407407414,0.00999917269602819,0.03947971681000246,257.6057651207309,47.508726851851854
de,7,proportional,1,47.51783101851852,1.2304739973133756,58.642576388888884,9.076708333333336,9.076708333333336,0.009968235006275717,0.026698491739816674,227.11053922515924,47.508726851851854
de,7,full_power,2,47.51783101851852,1.3298791018998273,64.08844907407408,14.52258101851853,7.261290509259265,0.009811530723424637,0.009933318910499141,208.49738926456848,47.508726851851854
de,7,mixed,2,47.51783101851852,1.3300710036461332,64.09596990740741,14.53010185185186,7.26505092592593,0.009890225308026046,0.10298718330226932,646.4045816366774,47.508726851851854
de,7,monotonous,2,47.51783101851852,1.3262329687200154,63.90716666666667,14.341298611111121,7.1706493055555605,0.009731714877837631,0.0811447674252849,541.3045442437576,47.508726851851854
de,7,proportional,2,47.51783101851852,1.3152945691805795,63.3906111111111,13.824743055555551,6.9123715277777755,0.00979210743437302,0.22237201049975022,1204.939245931983,47.508726851851854
de,7,full_power,3,47.51783101851852,1.5542122433314143,72.01110185185185,22.4452337962963,7.481744598765434,0.009993805515937615,0.009950556739429,234.92980934507196,47.508726851851854
de,7,mixed,3,47.51783101851852,1.4649779312991749,68.03810879629629,18.472240740740737,6.157413580246913,0.009682333921887984,0.21342855426111584,1661.868674600885,47.508726851851854
de,7,monotonous,3,47.51783101851852,1.4943388984839763,69.57510648148148,20.009238425925936,6.669746141975312,0.009738623514574203,0.1107437751399374,940.1019774253538,47.508726851851854
de,7,proportional,3,47.51783101851852,1.326808673958933,63.9405625,14.37469444444445,4.791564814814817,0.009860260459514063,0.4423355965253128,3275.852225927134,47.508726851851854
de,7,full_power,4,47.51783101851852,1.6288620226444062,75.5588449074074,25.992976851851857,6.498244212962964,0.009851257695919347,0.12474913485148542,1333.1916334290086,47.508726851851854
de,7,mixed,4,47.51783101851852,1.4979850316637882,69.75087037037036,20.185002314814817,5.046250578703704,0.009912607361706067,0.348338027033228,3432.3620671479616,47.508726851851854
de,7,monotonous,4,47.51783101851852,1.5734024179620034,72.90662037037036,23.340752314814814,5.835188078703704,0.009823634364324261,0.20513073474299545,2087.0367818396194,47.508726851851854
de,7,proportional,4,47.51783101851852,1.3308386106313568,64.12518518518519,14.55931712962964,3.63982928240741,0.009722748204173192,0.5694148806427335,5503.814585320269,47.508726851851854
de,8,fb_only,0,54.608888888888885,1.03402734617775,55.60721759259258,0.0,,0.009981502370249773,,164.69478910912125,54.608888888888885
de,8,full_power,1,54.608888888888885,1.1165320074580485,61.939800925925915,6.332583333333332,6.332583333333332,0.009941337530740951,0.00979972711620479,187.02222907184213,54.608888888888885
de,8,mixed,1,54.608888888888885,1.1615910503418272,64.35190277777777,8.744685185185183,8.744685185185183,0.009664151044439512,0.014876412200882195,194.35855525652158,54.608888888888885
de,8,monotonous,1,54.608888888888885,1.1502486016159106,63.78854629629629,8.181328703703706,8.181328703703706,0.00969852775829256,0.01112366095298534,186.12181660753083,54.608888888888885
de,8,proportional,1,54.608888888888885,1.1625233064014917,64.43193518518518,8.824717592592599,8.824717592592599,0.009833220768144078,0.018164631874690317,204.86236905240077,54.608888888888885
de,8,full_power,2,54.608888888888885,1.2517091361093846,69.3322337962963,13.72501620370371,6.862508101851855,0.009674518218179346,0.009965193712670996,206.38623949981152,54.608888888888885
de,8,mixed,2,54.608888888888885,1.2577688004972032,69.89366666666666,14.286449074074078,7.143224537037039,0.009988962405352287,0.07891497499438326,535.086942361959,54.608888888888885
de,8,monotonous,2,54.608888888888885,1.25497203231821,69.59672916666666,13.98951157407408,6.99475578703704,0.009729384230183564,0.05212711814212697,405.11527812088855,54.608888888888885
de,8,proportional,2,54.608888888888885,1.2266935985083902,68.47117824074073,12.863960648148144,6.431980324074072,0.009947786554129338,0.20089178473951366,1106.7227321409323,54.608888888888885
de,8,full_power,3,54.608888888888885,1.381758856432567,77.7677013888889,22.16048379629631,7.386827932098771,0.009844560909831256,0.009957898456480834,232.51894434892785,54.608888888888885
de,8,mixed,3,54.608888888888885,1.3544126786824113,75.53651157407407,19.929293981481486,6.643097993827162,0.009808423888814323,0.1819030607786891,1442.07273592585,54.608888888888885
de,8,monotonous,3,54.608888888888885,1.372747047855811,76.73660185185186,21.129384259259275,7.043128086419759,0.00987311221130999,0.08398898799382772,754.0208489871744,54.608888888888885
de,8,proportional,3,54.608888888888885,1.2576134244872592,69.87677314814815,14.269555555555563,4.756518518518521,0.00994650175521778,0.40819220532914813,3036.974020067638,54.608888888888885
de,8,full_power,4,54.608888888888885,1.5156929770043506,83.59650462962964,27.98928703703705,6.997321759259263,0.009846548127379917,0.08052148104439479,918.0816222223693,54.608888888888885
de,8,mixed,4,54.608888888888885,1.3761653200745805,77.09321527777779,21.485997685185204,5.371499421296301,0.009771960935062083,0.31875640735061056,3152.447482006654,54.608888888888885
de,8,monotonous,4,54.608888888888885,1.4782473586078309,81.86304166666667,26.25582407407409,6.563956018518523,0.009812462668603571,0.1497082799750878,1566.7681333181827,54.608888888888885
de,8,proportional,4,54.608888888888885,1.262430080795525,70.42044907407407,14.813231481481488,3.703307870370372,0.009996262461284008,0.5412651252614528,5244.170266064659,54.608888888888885
de,9,fb_only,0,46.63662037037037,1.0976845151953691,48.38078240740741,0.0,,0.009830635112814862,,162.20547936144524,46.63662037037037
de,9,full_power,1,46.63662037037037,1.2100217076700435,56.179462962962965,7.798680555555556,7.798680555555556,0.009732964125142258,0.009791339211961046,183.56438985610788,46.63662037037037
de,9,mixed,1,46.63662037037037,1.229739507959479,57.2975,8.91671759259259,8.91671759259259,0.009957615322637456,0.04029187768334756,258.8253978686514,46.63662037037037
de,9,monotonous,1,46.63662037037037,1.2187047756874096,56.834995370370365,8.454212962962956,8.454212962962956,0.009803088310686752,0.05764815637186732,296.99353197473215,46.63662037037037
de,9,proportional,1,46.63662037037037,1.2320911722141823,57.419949074074076,9.039166666666667,9.039166666666667,0.009911158528221905,0.030056937459442972,234.04769099551464,46.63662037037037
de,9,full_power,2,46.63662037037037,1.3719247467438496,62.51900694444444,14.138224537037033,7.069112268518516,0.0098858196921924,0.009941929601916904,209.7635586133687,46.63662037037037
de,9,mixed,2,46.63662037037037,1.3612518089725036,62.26263425925926,13.881851851851849,6.940925925925924,0.009677455694554027,0.12807074696320914,760.5859637115187,46.63662037037037
de,9,monotonous,2,46.63662037037037,1.349493487698987,62.03810416666666,13.657321759259254,6.828660879629627,0.009815676800029208,0.11737459132938302,712.680249717947,46.63662037037037
de,9,proportional,2,46.63662037037037,1.3321273516642547,60.838479166666666,12.457696759259257,6.228848379629628,0.009828810314123684,0.24690637182793282,1320.6600667997016,46.63662037037037
de,9,full_power,3,46.63662037037037,1.526410998552822,69.68816666666666,21.30738425925925,7.102461419753084,0.009871191504381791,0.009975389400258211,233.08145042131684,46.63662037037037
de,9,mixed,3,46.63662037037037,1.4249276410998553,65.19375462962964,16.81297222222223,5.604324074074076,0.009972510957962555,0.2743037996493519,2095.096572738521,46.63662037037037
de,9,monotonous,3,46.63662037037037,1.4592981186685963,66.37128703703702,17.990504629629612,5.996834876543204,0.00999832005812404,0.1748297898894536,1395.424342201021,46.63662037037037
de,9,proportional,3,46.63662037037037,1.3503979739507959,62.07897916666666,13.698196759259254,4.566065586419751,0.009970096904118226,0.46122639722259434,3410.6179825705694,46.63662037037037
de,9,full_power,4,46.63662037037037,1.5298480463096962,69.86252314814814,21.481740740740733,5.370435185185183,0.009917407580520001,0.2435899379783195,2449.48520306713,46.63662037037037
de,9,mixed,4,46.63662037037037,1.4565846599131693,66.24047685185185,17.859694444444443,4.464923611111111,0.00993929882965143,0.40583220026550854,3972.327797980781,46.63662037037037
de,9,monotonous,4,46.63662037037037,1.5068740955137483,68.61513425925925,20.23435185185184,5.05858796296296,0.009802492485985536,0.28938687019155745,2877.3475158963365,46.63662037037037
de,9,proportional,4,46.63662037037037,1.3616136034732271,62.272162037037035,13.891379629629625,3.4728449074074064,0.009912406311214646,0.5838509126740159,5642.411668668007,46.63662037037037
de,10,fb_only,0,42.77393518518519,1.1777701661243363,50.50225694444445,0.0,,0.00968874728261395,,159.86433016313018,42.77393518518518
de,10,full_power,1,42.77393518518519,1.3377290631957528,57.756192129629625,7.253935185185178,7.253935185185178,0.009944962402225702,0.009840478891788091,187.17764311685895,42.77393518518518
de,10,mixed,1,42.77393518518519,1.4060626819660902,59.330953703703706,8.828696759259259,8.828696759259259,0.00995492238919056,0.0099415384247167,187.5790685660296,42.77393518518518
de,10,monotonous,1,42.77393518518519,1.388080150710738,58.83159027777778,8.32933333333333,8.32933333333333,0.009996678585796781,0.009998159199059652,188.40087814664082,42.77393518518518
de,10,proportional,1,42.77393518518519,1.413084432265799,59.56654861111111,9.064291666666662,9.064291666666662,0.009889499590731638,0.01122955159868733,189.5212712975925,42.77393518518518
de,10,full_power,2,42.77393518518519,1.5466689501626991,64.29545601851851,13.79319907407406,6.89659953703703,0.009898958269117984,0.0099654822091737,210.09085396588972,42.77393518518518
de,10,mixed,2,42.77393518518519,1.5699606096934406,65.22209722222223,14.719840277777784,7.359920138888892,0.009960792869839648,0.029913669145345566,304.7080179823156,42.77393518518518
de,10,monotonous,2,42.77393518518519,1.5601986641548211,64.82497453703704,14.32271759259259,7.161358796296295,0.009918514157409087,0.01828635311260827,249.45505240160796,42.77393518518518
de,10,proportional,2,42.77393518518519,1.5518068162356569,64.55706481481482,14.054807870370375,7.027403935185188,0.00971538748101221,0.11705316273140493,709.5173329724535,42.77393518518518
de,10,full_power,3,42.77393518518519,1.656105497516698,71.27904629629629,20.77678935185184,6.92559645061728,0.009919222329970877,0.009999242912895367,234.04184006547706,42.77393518518518
de,10,mixed,3,42.77393518518519,1.64737112519267,70.30252314814814,19.800266203703693,6.600088734567898,0.009674399313974267,0.11812464762602709,990.988858672554,42.77393518518518
de,10,monotonous,3,42.77393518518519,1.6535365644802191,70.99048379629629,20.48822685185184,6.829408950617281,0.0099664705691018,0.0583029928267418,574.7832279047885,42.77393518518518
de,10,proportional,3,42.77393518518519,1.595821202260661,66.70376157407408,16.201504629629632,5.400501543209877,0.009983942818376662,0.3016132359842524,2287.4890113603833,42.77393518518518
de,10,full_power,4,42.77393518518519,1.7997944853570818,78.5387962962963,28.03653935185185,7.0091348379629625,0.009753361381424465,0.009989118875138241,254.66835431780092,42.77393518518518
de,10,mixed,4,42.77393518518519,1.7115944511046413,74.3149398148148,23.81268287037036,5.95317071759259,0.009893602418888817,0.22146147995812857,2241.4389678387442,42.77393518518518
de,10,monotonous,4,42.77393518518519,1.770166124336359,77.09462962962964,26.59237268518519,6.648093171296297,0.009821663507145311,0.0842445312793438,952.6081293932598,42.77393518518518
de,10,proportional,4,42.77393518518519,1.613461209111149,67.57952083333335,17.0772638888889,4.269315972222225,0.009675010977618938,0.44797000781729074,4363.3882344881695,42.77393518518518
de,11,fb_only,0,51.43287037037037,1.0635719905586152,52.169303240740746,0.0,,0.00977784321616644,,161.33441306674627,51.43287037037037
de,11,full_power,1,51.43287037037037,1.1864673485444532,60.64015972222222,8.470856481481476,8.470856481481476,0.009810740877552022,0.009767559175683907,184.7919183057628,51.43287037037037
de,11,mixed,1,51.43287037037037,1.213532651455547,62.43675231481481,10.267449074074065,10.267449074074065,0.009660476449860941,0.016136572296609565,197.2542600305516,51.43287037037037
de,11,monotonous,1,51.43287037037037,1.2034618410700235,61.8379375,9.668634259259257,9.668634259259257,0.009925104758496959,0.01649994090709196,202.47308988323755,51.43287037037037
de,11,proportional,1,51.43287037037037,1.2146341463414634,62.49287037037036,10.323567129629616,10.323567129629616,0.009994214053330225,0.01942883154631236,210.4845706875975,51.43287037037037
de,11,full_power,2,51.43287037037037,1.3040125885129819,67.91584027777778,15.74653703703703,7.873268518518515,0.009824800123666579,0.00992908848667918,208.69648521999727,51.43287037037037
de,11,mixed,2,51.43287037037037,1.309362706530291,68.19919444444444,16.0298912037037,8.01494560185185,0.009767676279807265,0.06978196050290612,488.5836172964554,51.43287037037037
de,11,monotonous,2,51.43287037037037,1.3057435090479936,68.02512268518518,15.855819444444435,7.927909722222218,0.009882474204751367,0.04272462757442406,363.52477695759524,51.43287037037037
de,11,proportional,2,51.43287037037037,1.2980330448465776,67.54726851851852,15.377965277777776,7.688982638888888,0.00987314065754365,0.16809061894369937,951.5880049333077,51.43287037037037
de,11,full_power,3,51.43287037037037,1.4111723052714398,74.38816203703703,22.21885879629629,7.4062862654320964,0.009762476687022419,0.009966145494078052,231.22259732319122,51.43287037037037
de,11,mixed,3,51.43287037037037,1.3631785995279309,71.67341203703704,19.504108796296293,6.501369598765431,0.009987053586532485,0.19375787873666553,1528.454334726438,51.43287037037037
de,11,monotonous,3,51.43287037037037,1.3963808025177027,73.41469907407408,21.245395833333333,7.081798611111111,0.009877685914172476,0.09234659277385121,812.9171375262108,51.43287037037037
de,11,proportional,3,51.43287037037037,1.313296616837136,68.48256018518519,16.313256944444447,5.437752314814816,0.009785878440062066,0.3778259688718441,2820.6061631810626,51.43287037037037
de,11,full_power,4,51.43287037037037,1.5159716758457906,78.84282175925927,26.67351851851852,6.66837962962963,0.009876689070430251,0.10512835152077693,1149.48982033307,51.43287037037037
de,11,mixed,4,51.43287037037037,1.4028324154209284,73.75958101851852,21.59027777777777,5.397569444444443,0.00990995038519378,0.31758372171462784,3143.7198259257652,51.43287037037037
de,11,monotonous,4,51.43287037037037,1.4645161290322581,77.08537268518518,24.91606944444443,6.229017361111108,0.009747295275807581,0.17545056491060282,1807.258473171922,51.43287037037037
de,11,proportional,4,51.43287037037037,1.3247836349331235,69.33919444444444,17.1698912037037,4.292472800925925,0.009905245842519004,0.5153290774325449,4999.2846190285645,51.43287037037037
de,12,fb_only,0,48.29739722222223,1.065238370970855,49.5765300925926,0.0,,0.009659363328871616,,159.37949492638168,48.284178240740744
de,12,full_power,1,48.29739722222223,1.1988033198224282,57.42622453703704,7.849694444444438,7.849694444444438,0.009805065751467492,0.009887533584120709,184.9797386875608,48.284178240740744
de,12,mixed,1,48.29739722222223,1.2335456475583864,59.350851851851864,9.774321759259266,9.774321759259266,0.00966985889914875,0.019158138421206443,204.4976645721047,48.284178240740744
de,12,monotonous,1,48.29739722222223,1.2184906388728045,58.63346990740742,9.056939814814818,9.056939814814818,0.009904136086173021,0.024660402855979098,221.2715505219818,48.284178240740744
de,12,proportional,1,48.29739722222223,1.2393360355143794,59.61892824074074,10.042398148148145,10.042398148148145,0.00986874676852486,0.016480491994235024,201.49755589913553,48.284178240740744
de,12,full_power,2,48.29739722222223,1.3485813549507817,64.88278935185187,15.30625925925927,7.653129629629635,0.009848277637803625,0.009970110554642754,209.2763397461436,48.284178240740744
de,12,mixed,2,48.29739722222223,1.349546419610114,64.93117824074076,15.354648148148165,7.6773240740740825,0.009917873697020754,0.0891487452880657,581.9308288924467,48.284178240740744
de,12,monotonous,2,48.29739722222223,1.3470372514958502,64.80501157407409,15.228481481481488,7.614240740740744,0.009820589263900255,0.0616568404396555,451.3336181972178,48.284178240740744
de,12,proportional,2,48.29739722222223,1.3211735186257478,63.5022175925926,13.925687500000002,6.962843750000001,0.009962285628861275,0.2028275037508791,1116.044360475336,48.284178240740744
de,12,full_power,3,48.29739722222223,1.4699864890947694,71.1434675925926,21.5669375,7.188979166666667,0.009853966307025005,0.009966141415120163,232.7321473455283,48.284178240740744
de,12,mixed,3,48.29739722222223,1.3898861223701988,67.33780787037037,17.76127777777777,5.920425925925923,0.00973348177173962,0.2513660802505605,1929.7169220371486,48.284178240740744
de,12,monotonous,3,48.29739722222223,1.4132406871260375,68.62977314814815,19.053243055555548,6.351081018518516,0.009971174743056335,0.1534875240028993,1244.7695771928347,48.284178240740744
de,12,proportional,3,48.29739722222223,1.3476162902914495,64.83417824074075,15.257648148148157,5.085882716049386,0.00986350543884751,0.4256774715839708,3158.6658847489707,48.284178240740744
de,12,full_power,4,48.29739722222223,1.4999034935340667,72.55803703703705,22.981506944444455,5.745376736111114,0.009986691628090218,0.20935704675483835,2129.386938610892,48.284178240740744
de,12,mixed,4,48.29739722222223,1.4126616483304382,68.6090625,19.032532407407395,4.758133101851849,0.009905035974783151,0.38702124791455506,3795.2404840141066,48.284178240740744
de,12,monotonous,4,48.29739722222223,1.4777070063694266,71.6283287037037,22.051798611111103,5.512949652777776,0.009905834174709518,0.25720281219773544,2577.0374535462565,48.284178240740744
de,12,proportional,4,48.29739722222223,1.352634626519977,65.05906250000001,15.482532407407412,3.870633101851853,0.009994365560371095,0.5600661153590869,5420.567458275795,48.284178240740744
de,13,fb_only,0,53.51798611111111,1.064102564102564,55.24060879629629,0.0,,0.009742239770549685,,160.7469562140698,53.51798611111111
de,13,full_power,1,53.51798611111111,1.205634278002699,64.56522453703704,9.324615740740747,9.324615740740747,0.009757605850744309,0.009953400187598273,184.35117337738666,53.51798611111111
de,13,mixed,1,53.51798611111111,1.2189608636977058,65.46029166666666,10.21968287037037,10.21968287037037,0.009790867594789053,0.024097547194921593,218.08216103330543,53.51798611111111
de,13,monotonous,1,53.51798611111111,1.214574898785425,65.12870138888889,9.888092592592592,9.888092592592592,0.009884608781315573,0.021292401721783687,213.0480193310115,53.51798611111111
de,13,proportional,1,53.51798611111111,1.2204790823211875,65.54125,10.300641203703712,10.300641203703712,0.009944890205478788,0.024076152909918196,220.57334311706808,53.51798611111111
de,13,full_power,2,53.51798611111111,1.3154520917678811,70.99596296296295,15.755354166666656,7.877677083333328,0.009875367706421187,0.009922525810365642,209.50005825818516,53.51798611111111
de,13,mixed,2,53.51798611111111,1.334008097165992,72.0299537037037,16.789344907407404,8.394672453703702,0.009957383128581318,0.05618438990552547,427.91397905831724,53.51798611111111
de,13,monotonous,2,53.51798611111111,1.326417004048583,71.68420138888888,16.443592592592587,8.221796296296294,0.00979972244958735,0.0401292351400283,349.98179169520404,53.51798611111111
de,13,proportional,2,53.51798611111111,1.3129217273954117,70.81446527777778,15.573856481481492,7.786928240740746,0.009777113246436701,0.15744470905202843,900.0529434383229,53.51798611111111
de,13,full_power,3,53.51798611111111,1.4460188933873144,78.26085416666666,23.020245370370368,7.673415123456789,0.009943621143957061,0.009943031567486422,234.04880504726094,53.51798611111111
de,13,mixed,3,53.51798611111111,1.4021592442645074,75.9792962962963,20.738687500000005,6.912895833333335,0.00967910075467103,0.167272607281776,1336.9697725012115,53.51798611111111
de,13,monotonous,3,53.51798611111111,1.4218960863697705,77.27505324074075,22.034444444444453,7.344814814814818,0.009688360565441301,0.08097935006460735,729.790615084488,53.51798611111111
de,13,proportional,3,53.51798611111111,1.34193657219973,72.6475763888889,17.4069675925926,5.8023225308642,0.00989720711143863,0.3566239655723003,2673.223387036587,53.51798611111111
de,13,full_power,4,53.51798611111111,1.6035762483130904,85.89810648148148,30.657497685185184,7.664374421296296,0.009953036008661653,0.02570128363958477,405.40593981678074,53.51798611111111
de,13,mixed,4,53.51798611111111,1.457995951417004,78.94446527777777,23.703856481481473,5.925964120370368,0.009803639048581267,0.28616121164723934,2847.096854399285,53.51798611111111
de,13,monotonous,4,53.51798611111111,1.5460526315789473,82.67394444444444,27.43333564814815,6.858333912037038,0.00983441777071766,0.1299556886041575,1381.7720750782553,53.51798611111111
de,13,proportional,4,53.51798611111111,1.3559379217273955,73.59928472222222,18.35867592592593,4.589668981481482,0.009916178641476658,0.49752926079936577,4832.431530925613,53.51798611111111
de,14,fb_only,0,51.75805555555555,1.0430143381127042,53.315645833333335,0.0,,0.009810469007608636,,161.8727386255425,51.75805555555555
de,14,full_power,1,51.75805555555555,1.1683894631543847,62.031814814814815,8.71616898148148,8.71616898148148,0.009892163510223343,0.009831503961145918,186.28540621153348,51.75805555555555
de,14,mixed,1,51.75805555555555,1.1913971323774593,63.41507870370369,10.099432870370357,10.099432870370357,0.00978982172730922,0.017870164448676756,203.4554642971978,51.75805555555555
de,14,monotonous,1,51.75805555555555,1.1845615205068356,62.954962962962966,9.639317129629632,9.639317129629632,0.009998311249388029,0.013840166074398896,197.4411652254423,51.75805555555555
de,14,proportional,1,51.75805555555555,1.1930643547849282,63.542710648148145,10.22706481481481,10.22706481481481,0.009757982007668878,0.020496912729869234,209.0924603908097,51.75805555555555
de,14,full_power,2,51.75805555555555,1.2967655885295097,69.06297222222221,15.74732638888888,7.87366319444444,0.009908659734137194,0.009999698576451367,210.4114713339735,51.75805555555555
de,14,mixed,2,51.75805555555555,1.313937979326442,70.0626689814815,16.74702314814816,8.37351157407408,0.009901023998227149,0.05160527638968973,405.49885279117217,51.75805555555555
de,14,monotonous,2,51.75805555555555,1.3114371457152385,69.94358333333334,16.6279375,8.31396875,0.009862613141816896,0.024222146626589842,276.3834288119383,51.75805555555555
de,14,proportional,2,51.75805555555555,1.2930976992330776,68.74005092592593,15.424405092592593,7.712202546296297,0.009874044270784647,0.1587032008564543,907.5571488864302,51.75805555555555
de,14,full_power,3,51.75805555555555,1.4436478826275425,76.38988888888888,23.07424305555554,7.691414351851847,0.0097984013122532,0.009959434135344454,231.76811909673208,51.75805555555555
de,14,mixed,3,51.75805555555555,1.4124708236078694,74.965625,21.649979166666668,7.216659722222222,0.009932366386186308,0.13758348306181697,1132.1965991611419,51.75805555555555
de,14,monotonous,3,51.75805555555555,1.4431477159053017,76.3625625,23.04691666666666,7.682305555555554,0.009906287704153381,0.04227348018853061,460.9745006854092,51.75805555555555
de,14,proportional,3,51.75805555555555,1.3327775925308436,70.85003935185185,17.534393518518513,5.844797839506171,0.009830646813264609,0.3591551611611347,2689.939696670932,51.75805555555555
de,14,full_power,4,51.75805555555555,1.6082027342447482,86.4273773148148,33.11173148148147,8.277932870370368,0.009837333451149854,0.009985467646554514,256.01963033924017,51.75805555555555
de,14,mixed,4,51.75805555555555,1.4616538846282094,77.20237962962963,23.886733796296298,5.9716834490740744,0.009803848549711513,0.25652850366380814,2569.026979451415,51.75805555555555
de,14,monotonous,4,51.75805555555555,1.5818606202067356,84.1865763888889,30.87093055555556,7.71773263888889,0.009749709127569553,0.0694628203831487,812.709307080365,51.75805555555555
de,14,proportional,4,51.75805555555555,1.3471157052350784,71.43052546296296,18.114879629629627,4.528719907407407,0.009919429667349862,0.4968839220011016,4826.42931356961,51.75805555555555
de,15,fb_only,0,46.67285092592592,1.1076869806094183,48.30230787037036,0.0,,0.009889098929693507,,163.17013233994285,46.67275462962963
de,15,full_power,1,46.67285092592592,1.2236842105263157,54.937506944444436,6.635199074074073,6.635199074074073,0.009950617781592102,0.00994462643254558,187.5152870070216,46.67275462962963
de,15,mixed,1,46.67285092592592,1.250865650969529,56.527129629629634,8.224821759259271,8.224821759259271,0.009787708498243352,0.024161760409554277,218.18068014182964,46.67275462962963
de,15,monotonous,1,46.67285092592592,1.2439404432132963,56.09045833333334,7.7881504629629745,7.7881504629629745,0.009731541934636354,0.025613297394743724,220.65923760956863,46.67275462962963
de,15,proportional,1,46.67285092592592,1.2525969529085872,56.667039351851855,8.364731481481492,8.364731481481492,0.009922712551759558,0.019335098561254406,209.08489832873553,46.67275462962963
de,15,full_power,2,46.67285092592592,1.36755540166205,62.03138194444445,13.729074074074084,6.864537037037042,0.009681318214752516,0.009948185914466943,206.4186388540954,46.67275462962963
de,15,mixed,2,46.67285092592592,1.3772506925207757,62.52659027777778,14.224282407407415,7.1121412037037075,0.00984804241442007,0.07211597787514692,500.86086802812054,46.67275462962963
de,15,monotonous,2,46.67285092592592,1.3715373961218837,62.21429861111111,13.911990740740748,6.955995370370374,0.009754360629619863,0.051696029926816156,403.50472280534916,46.67275462962963
de,15,proportional,2,46.67285092592592,1.3400277008310248,61.28032175925926,12.978013888888896,6.489006944444448,0.009893235635018281,0.18740536514056888,1042.5443612173508,46.67275462962963
de,15,full_power,3,46.67285092592592,1.495325484764543,69.04829166666666,20.745983796296294,6.915327932098765,0.009966790436104838,0.009989163092794833,234.75577204281987,46.67275462962963
de,15,mixed,3,46.67285092592592,1.4425207756232687,66.03736574074074,17.735057870370376,5.911685956790126,0.009694930820693937,0.2058619587440957,1608.8228241823958,46.67275462962963
de,15,monotonous,3,46.67285092592592,1.4662396121883656,67.28112962962962,18.978821759259255,6.326273919753085,0.009915031599257896,0.11308728213247346,959.5063130361036,46.67275462962963
de,15,proportional,3,46.67285092592592,1.3793282548476453,62.619458333333334,14.317150462962971,4.772383487654324,0.009702180657957884,0.39445839803036936,2936.2841861940447,46.67275462962963
de,15,full_power,4,46.67285092592592,1.5848337950138505,72.91457175925926,24.612263888888897,6.153065972222224,0.009810563469522242,0.12935242921791465,1375.7174930280282,46.67275462962963
de,15,mixed,4,46.67285092592592,1.4688365650969528,67.49415046296298,19.191842592592614,4.797960648148154,0.009895476802801848,0.3433112427383092,3384.908069102524,46.67275462962963
de,15,monotonous,4,46.67285092592592,1.5299515235457064,71.2098287037037,22.907520833333344,5.726880208333336,0.009806595042771062,0.20585512507007608,2093.5533118633166,46.67275462962963
de,15,proportional,4,46.67285092592592,1.3865997229916898,62.931300925925925,14.628993055555561,3.6572482638888903,0.009690975167036042,0.532209672901196,5154.156660760918,46.67275462962963
de,17,fb_only,0,49.58909722222222,1.072866869477039,52.099074074074075,0.0,,0.009714206944270803,,160.28441458046825,49.58909722222222
de,17,full_power,1,49.58909722222222,1.1564537157757497,57.64363888888888,5.544564814814805,5.544564814814805,0.00972407894814197,0.00979018530907284,183.41507737942737,49.58909722222222
de,17,mixed,1,49.58909722222222,1.200927133130523,60.04618981481482,7.947115740740742,7.947115740740742,0.009941493929406837,0.017186068417503177,204.35316634267525,49.58909722222222
de,17,monotonous,1,49.58909722222222,1.1912212081703608,59.44842129629629,7.349347222222214,7.349347222222214,0.009958446423400887,0.01858188392639155,207.90746567742923,49.58909722222222
de,17,proportional,1,49.58909722222222,1.203534695060119,60.231467592592594,8.13239351851852,8.13239351851852,0.009689675454392343,0.01706756571274904,199.92015415958292,49.58909722222222
de,17,full_power,2,49.58909722222222,1.3573808489062726,68.34422222222221,16.24514814814814,8.12257407407407,0.009967794573853193,0.009979084436193136,211.29047464319586,49.58909722222222
de,17,mixed,2,49.58909722222222,1.3851948428219614,69.92205092592593,17.822976851851855,8.911488425925928,0.0097110431697645,0.013934125082811045,225.61112718966368,49.58909722222222
de,17,monotonous,2,49.58909722222222,1.3704186585542517,69.21806944444444,17.118995370370364,8.559497685185182,0.009868144737549147,0.010205607995549714,210.7091008846802,49.58909722222222
de,17,proportional,2,49.58909722222222,1.365058670143416,68.78240740740742,16.683333333333344,8.341666666666672,0.009939495867848773,0.0957762512401884,613.3838526384687,49.58909722222222
de,17,full_power,3,49.58909722222222,1.4871794871794872,76.33932638888889,24.240252314814818,8.080084104938273,0.009937585715241533,0.00997672079137102,234.1863252311545,49.58909722222222
de,17,mixed,3,49.58909722222222,1.468636824569028,75.07073842592592,22.97166435185185,7.657221450617283,0.009931069187526217,0.09643355785715146,842.5620217928147,49.58909722222222
de,17,monotonous,3,49.58909722222222,1.4860205707663334,76.2490300925926,24.14995601851853,8.049985339506177,0.009726396472014849,0.027794342430424477,356.10212381357246,49.58909722222222
de,17,proportional,3,49.58909722222222,1.4060553382587282,71.32799768518517,19.228923611111092,6.409641203703697,0.009783654090017635,0.2917572854258823,2214.8180673126503,49.58909722222222
de,17,full_power,4,49.58909722222222,1.6224829784151817,86.01677546296297,33.917701388888894,8.479425347222223,0.009799054715811915,0.009996802003829908,255.49439281483643,49.58909722222222
de,17,mixed,4,49.58909722222222,1.5178907721280603,78.33857407407407,26.2395,6.559875,0.00991014112891083,0.2164089920849281,2194.299310351994,49.58909722222222
de,17,monotonous,4,49.58909722222222,1.5862668405041287,83.32714120370369,31.228067129629615,7.807016782407404,0.009854542804268744,0.06647707622053131,786.4208395239001,49.58909722222222
de,17,proportional,4,49.58909722222222,1.4180790960451977,72.29190046296296,20.192826388888882,5.0482065972222205,0.009695121083675857,0.4370787766439751,4261.516737907714,49.58909722222222
de,20,fb_only,0,47.182291666666664,1.0821447914786062,48.87120601851852,0.0,,0.009902677155633184,,163.39417306794752,47.18229166666667
de,20,full_power,1,47.182291666666664,1.2440873803935728,56.14803009259259,7.276824074074071,7.276824074074071,0.009761655165744796,0.009971073568029619,184.4594488253866,47.18229166666667
de,20,mixed,1,47.182291666666664,1.2773063729915146,58.23343287037037,9.362226851851851,9.362226851851851,0.009883090419011658,0.02190726733702223,214.46544108634652,47.18229166666667
de,20,monotonous,1,47.182291666666664,1.2643076367575374,57.468634259259254,8.597428240740733,8.597428240740733,0.009789030377151666,0.025296371010496106,220.86428761362637,47.18229166666667
de,20,proportional,1,47.182291666666664,1.2791117530240115,58.3226875,9.45148148148148,9.45148148148148,0.009963211074781783,0.02235358190338384,216.83448587923792,47.18229166666667
de,20,full_power,2,47.182291666666664,1.3858097129445748,63.744629629629635,14.873423611111114,7.436711805555557,0.00969069158788155,0.009952319148663307,206.5926926455738,47.18229166666667
de,20,mixed,2,47.182291666666664,1.3861707889510742,63.7640462962963,14.892840277777779,7.4464201388888895,0.009963860779817186,0.09427518706732195,606.7428805868582,47.18229166666667
de,20,monotonous,2,47.182291666666664,1.384545946921827,63.676574074074075,14.805368055555554,7.402684027777777,0.009926193157801428,0.06056949896480657,447.974276246596,47.18229166666667
de,20,proportional,2,47.182291666666664,1.346813504242643,61.987738425925926,13.116532407407405,6.5582662037037025,0.009994026268530956,0.23692964053260357,1276.5753068097367,47.18229166666667
de,20,full_power,3,47.182291666666664,1.5264488174760786,70.18104629629629,21.309840277777766,7.1032800925925885,0.009894108626473296,0.009925015700742853,233.10505283863756,47.18229166666667
de,20,mixed,3,47.182291666666664,1.4551363061924536,66.40733333333334,17.53612731481482,5.84537577160494,0.00989251797379188,0.24841175571425178,1911.54848328447,47.18229166666667
de,20,monotonous,3,47.182291666666664,1.50279833905037,68.811,19.939793981481486,6.646597993827162,0.009806667106697631,0.124939001792757,1041.1307018779348,47.18229166666667
de,20,proportional,3,47.182291666666664,1.3831016428958296,63.600344907407404,14.729138888888883,4.909712962962961,0.009662891743282291,0.4450791310367578,3291.904638000859,47.18229166666667
de,20,full_power,4,47.182291666666664,1.5701390142625022,72.8181712962963,23.946965277777778,5.9867413194444445,0.009713596187149221,0.17335836172781335,1787.0692035417626,47.18229166666667
de,20,mixed,4,47.182291666666664,1.5024372630438707,68.78577083333334,19.914564814814824,4.978641203703706,0.0099892997780672,0.36580678211162393,3597.5542896735874,47.18229166666667
de,20,monotonous,4,47.182291666666664,1.5450442318107962,71.17428703703703,22.30308101851851,5.575770254629628,0.00973205852272913,0.2342728540785182,2358.9954282978456,47.18229166666667
de,20,proportional,4,47.182291666666664,1.3856291749413252,63.734907407407405,14.863701388888884,3.715925347222221,0.009801851081947498,0.572832180358135,5537.187723332872,47.18229166666667
de,21,fb_only,0,49.83430555555556,1.0620386643233743,51.324034722222216,0.0,,0.009993836811991756,,164.89830739786396,49.834305555555545
de,21,full_power,1,49.83430555555556,1.2093145869947275,60.122981481481474,8.798946759259259,8.798946759259259,0.009772962532724909,0.009963121357904515,184.62736449560498,49.834305555555545
de,21,mixed,1,49.83430555555556,1.2340949033391915,61.60550925925926,10.281474537037042,10.281474537037042,0.00979473598565335,0.02126027214289422,211.48974221051012,49.834305555555545
de,21,monotonous,1,49.83430555555556,1.2251318101933215,61.036208333333335,9.712173611111119,9.712173611111119,0.009990179721339839,0.020090055073450706,211.9692346044227,49.834305555555545
de,21,proportional,1,49.83430555555556,1.235676625659051,61.697870370370374,10.373835648148159,10.373835648148159,0.009820787408103273,0.020871159497044243,211.00673241376978,49.834305555555545
de,21,full_power,2,49.83430555555556,1.3325131810193322,66.86279166666665,15.538756944444437,7.769378472222218,0.009981765693774628,0.010000885258434886,211.62328757985784,49.834305555555545
de,21,mixed,2,49.83430555555556,1.3463971880492092,67.78002314814815,16.45598842592593,8.227994212962965,0.009900030823364147,0.07103999325289789,496.6701569281053,49.834305555555545
de,21,monotonous,2,49.83430555555556,1.3383128295254834,67.26549074074073,15.941456018518515,7.970728009259258,0.009716519191210703,0.051194932046745856,400.5291878183082,49.834305555555545
de,21,proportional,2,49.83430555555556,1.3253075571177504,66.47569444444444,15.151659722222227,7.575829861111114,0.009930624161104346,0.18643359023452574,1038.6017040386164,49.834305555555545
de,21,full_power,3,49.83430555555556,1.4574692442882249,73.7748726851852,22.450837962962986,7.4836126543209955,0.009867802672239682,0.009961417795934607,232.92720253974252,49.834305555555545
de,21,mixed,3,49.83430555555556,1.4200351493848857,71.61699537037036,20.292960648148146,6.764320216049382,0.00994884118643637,0.19378894255318785,1528.042457265536,49.834305555555545
de,21,monotonous,3,49.83430555555556,1.431634446397188,72.2386273148148,20.91459259259259,6.97153086419753,0.009962937521584883,0.10576361961807126,908.7528239781361,49.834305555555545
de,21,proportional,3,49.83430555555556,1.3463971880492092,67.78002314814815,16.45598842592593,5.485329475308643,0.009734237408171025,0.4001716073148584,2977.0226895167953,49.834305555555545
de,21,full_power,4,49.83430555555556,1.5590509666080843,78.78552546296297,27.46149074074075,6.8653726851851875,0.009651944860601003,0.09854313012839724,1083.9858233247962,49.834305555555545
de,21,mixed,4,49.83430555555556,1.4360281195079085,72.60529166666666,21.281256944444443,5.320314236111111,0.00993097702955583,0.3365035347564538,3321.6102911422336,49.834305555555545
de,21,monotonous,4,49.83430555555556,1.527768014059754,77.03813194444444,25.71409722222223,6.428524305555557,0.009784528603760126,0.17385654959630392,1792.914583373758,49.834305555555545
de,21,proportional,4,49.83430555555556,1.354481546572935,68.18076388888889,16.856729166666675,4.214182291666669,0.009948864158025256,0.5352720332496942,5187.149018622547,49.834305555555545
de,22,fb_only,0,43.56657407407407,1.0499526963103123,44.75000462962962,0.0,,0.009890189762970895,,163.18813108901978,43.56657407407407
de,22,full_power,1,43.56657407407407,1.1644276253547776,50.24212962962962,5.4921250000000015,5.4921250000000015,0.009877852345545125,0.009891520075834711,186.19006979940278,43.56657407407407
de,22,mixed,1,43.56657407407407,1.2024597918637654,52.33903703703703,7.589032407407409,7.589032407407409,0.00989201289180962,0.031038339794101616,236.03415787182112,43.56657407407407
de,22,monotonous,1,43.56657407407407,1.1920529801324504,51.46544212962963,6.715437500000007,6.715437500000007,0.00995339242095251,0.038629072928189484,254.85478003524895,43.56657407407407
de,22,proportional,1,43.56657407407407,1.2088930936613056,52.77582638888887,8.025821759259252,8.025821759259252,0.009963380995957994,0.021955099490299484,215.9024498375495,43.56657407407407
de,22,full_power,2,43.56657407407407,1.296310312204352,57.58354629629628,12.833541666666655,6.416770833333327,0.009897322091478178,0.009953505314196393,210.0076614435994,43.56657407407407
de,22,mixed,2,43.56657407407407,1.2915799432355723,57.354356481481474,12.604351851851852,6.302175925925926,0.009857520735738947,0.1224737209959049,737.2957910524783,43.56657407407407
de,22,monotonous,2,43.56657407407407,1.2811731315042574,56.94920601851851,12.199201388888888,6.099600694444444,0.009890034851504812,0.10911720922616622,675.1635207390013,43.56657407407407
de,22,proportional,2,43.56657407407407,1.2681173131504258,56.34621759259258,11.596212962962959,5.798106481481479,0.00998678761293859,0.23388544807947298,1262.1725180023739,43.56657407407407
de,22,full_power,3,43.56657407407407,1.4185430463576159,64.25379398148148,19.503789351851857,6.501263117283952,0.009790062803952457,0.009985351392833226,231.8129393679758,43.56657407407407
de,22,mixed,3,43.56657407407407,1.3364238410596025,59.72955092592592,14.979546296296299,4.993182098765433,0.00966318232544969,0.27557861309952114,2098.96478736435,43.56657407407407
de,22,monotonous,3,43.56657407407407,1.3509933774834437,60.710666666666654,15.960662037037032,5.320220679012344,0.00993157322923406,0.18741163676959535,1482.874057866774,43.56657407407407
de,22,proportional,3,43.56657407407407,1.2887417218543047,57.22383564814814,12.473831018518517,4.157943672839505,0.009780180090300862,0.4428193605925242,3277.93563134015,43.56657407407407
de,22,full_power,4,43.56657407407407,1.4261116367076632,64.56247222222221,19.81246759259259,4.9531168981481475,0.009780119081996205,0.2508217438576121,2515.083209212769,43.56657407407407
de,22,mixed,4,43.56657407407407,1.3506149479659413,60.68111111111111,15.931106481481486,3.9827766203703714,0.009799943726814597,0.41075546295012966,4016.2283358164577,43.56657407407407
de,22,monotonous,4,43.56657407407407,1.4001892147587511,63.523951388888875,18.773946759259253,4.693486689814813,0.009963419353849184,0.28999055971498017,2885.6678317038854,43.56657407407407
de,22,proportional,4,43.56657407407407,1.2949858088930937,57.513023148148136,12.763018518518514,3.1907546296296285,0.009695717769870724,0.5717401099227,5525.188534717484,43.56657407407407
de,23,fb_only,0,50.64847222222222,1.0489606596804673,51.52394444444444,0.0,,0.009888214361172504,,163.15553695934634,50.64847222222222
de,23,full_power,1,50.64847222222222,1.1724789555059267,59.9249537037037,8.401009259259261,8.401009259259261,0.00983044586476878,0.009962397806240584,185.57414202212527,50.64847222222222
de,23,mixed,1,50.64847222222222,1.2076962721181927,62.042312499999994,10.518368055555555,10.518368055555555,0.0096468999792934,0.015397500995877403,195.2963869946695,50.64847222222222
de,23,monotonous,1,50.64847222222222,1.1915478440130562,61.25556944444444,9.731625000000001,9.731625000000001,0.009997303096678666,0.02056701961193746,213.20572910480325,50.64847222222222
de,23,proportional,1,50.64847222222222,1.209414190001718,62.16078472222222,10.636840277777779,10.636840277777779,0.009836798916673094,0.017334565136917987,202.97407193631562,50.64847222222222
de,23,full_power,2,50.64847222222222,1.3523449579110118,67.91399537037036,16.39005092592592,8.19502546296296,0.009664004486693474,0.009995833603610685,206.35652529858365,50.64847222222222
de,23,mixed,2,50.64847222222222,1.3559525854664147,68.11738425925925,16.593439814814815,8.296719907407407,0.009935013845326683,0.06930955274977497,489.12814994983444,50.64847222222222
de,23,monotonous,2,50.64847222222222,1.353719292217832,67.99092592592592,16.466981481481483,8.233490740740741,0.009822580215273076,0.03714865628976956,336.3740688636045,50.64847222222222
de,23,proportional,2,50.64847222222222,1.2942793334478613,66.6994375,15.175493055555563,7.587746527777782,0.00997848278686603,0.1958430227309072,1083.540428636706,50.64847222222222
de,23,full_power,3,50.64847222222222,1.4634942449750903,73.80642824074074,22.282483796296304,7.427494598765435,0.00966335706911576,0.009957164219009884,229.5239134138016,50.64847222222222
de,23,mixed,3,50.64847222222222,1.4121285002576878,71.53492592592593,20.010981481481494,6.670327160493831,0.009795715541283894,0.20407718374905726,1597.9245256570491,50.64847222222222
de,23,monotonous,3,50.64847222222222,1.4502662772719463,73.11808333333333,21.594138888888892,7.198046296296297,0.009871547800613953,0.09014850820734913,797.3457394734532,50.64847222222222
de,23,proportional,3,50.64847222222222,1.3544064593712422,68.02987731481481,16.505932870370373,5.501977623456791,0.009856895939587456,0.41164070975924333,3059.766098288748,50.64847222222222
de,23,full_power,4,50.64847222222222,1.5505926816698161,78.6538425925926,27.129898148148158,6.782474537037039,0.009902627969756887,0.10240330417337545,1124.345967863944,50.64847222222222
de,23,mixed,4,50.64847222222222,1.4538739048273492,73.30592129629629,21.78197685185185,5.445494212962963,0.009774076265906997,0.32828426108406467,3241.8917644003286,50.64847222222222
de,23,monotonous,4,50.64847222222222,1.5016320219893489,76.07579861111111,24.551854166666672,6.137963541666668,0.009769632270278024,0.18588314429483788,1905.526358522346,50.64847222222222
de,23,proportional,4,50.64847222222222,1.359388421233465,68.2661435185185,16.742199074074065,4.185549768518516,0.009690159979325222,0.5463058613478678,5286.421842547257,50.64847222222222
de,24,fb_only,0,50.21759259259258,1.0381461675579322,50.458634259259256,0.0,,0.009967093142770124,,164.45703685570703,50.21759259259258
de,24,full_power,1,50.21759259259258,1.1764705882352942,58.72806018518518,8.269425925925923,8.269425925925923,0.009750643996418158,0.009972739643141685,184.28167314371,50.21759259259258
de,24,mixed,1,50.21759259259258,1.2032085561497325,60.66547222222222,10.206837962962965,10.206837962962965,0.009883150324876935,0.019950323467390646,209.87543921496786,50.21759259259258
de,24,monotonous,1,50.21759259259258,1.1857397504456328,59.49205787037037,9.033423611111111,9.033423611111111,0.009899811567581742,0.027751331302043356,228.45151409969247,50.21759259259258
de,24,proportional,1,50.21759259259258,1.204812834224599,60.793747685185174,10.335113425925918,10.335113425925918,0.009958465746638959,0.020397905602410935,212.16817136279886,50.21759259259258
de,24,full_power,2,50.21759259259258,1.3074866310160427,65.04077314814813,14.582138888888878,7.291069444444439,0.009990631992689805,0.009899068248940227,211.29185610340932,50.21759259259258
de,24,mixed,2,50.21759259259258,1.3331550802139038,66.2393611111111,15.780726851851838,7.890363425925919,0.009794124693435791,0.07491269985659195,513.0934451688199,50.21759259259258
de,24,monotonous,2,50.21759259259258,1.3033868092691623,64.92196064814814,14.463326388888888,7.231663194444444,0.009852055570530316,0.07824823498631377,529.6996354695344,50.21759259259258
de,24,proportional,2,50.21759259259258,1.2666666666666666,64.59478472222222,14.13615046296296,7.06807523148148,0.009753908539489558,0.21862086563102934,1186.7085924423675,50.21759259259258
de,24,full_power,3,50.21759259259258,1.451336898395722,72.11904398148145,21.660409722222198,7.220136574074066,0.009835519609222262,0.009950027236896102,232.31436524544208,50.21759259259258
de,24,mixed,3,50.21759259259258,1.3798573975044564,68.62402083333333,18.165386574074077,6.055128858024692,0.009766450117426216,0.2310313418089648,1787.145010589027,50.21759259259258
de,24,monotonous,3,50.21759259259258,1.4028520499108734,70.14260416666666,19.683969907407402,6.561323302469134,0.009789623908414619,0.130826447914498,1082.285334911078,50.21759259259258
de,24,proportional,3,50.21759259259258,1.3128342245989304,65.16418749999998,14.705553240740727,4.901851080246909,0.009879539192642428,0.42972231206541234,3187.398028994972,50.21759259259258
de,24,full_power,4,50.21759259259258,1.5064171122994652,74.82049305555553,24.361858796296275,6.090464699074069,0.009822855288868755,0.15478327034002168,1614.563321137098,50.21759259259258
de,24,mixed,4,50.21759259259258,1.4037433155080214,70.190625,19.73199074074074,4.932997685185185,0.009667035663144231,0.3653523730815764,3587.9727574393933,50.21759259259258
de,24,monotonous,4,50.21759259259258,1.4625668449197862,72.86539351851852,22.40675925925926,5.601689814814815,0.009730083843420998,0.22451073697578414,2267.355139197205,50.21759259259258
de,24,proportional,4,50.21759259259258,1.3361853832442068,66.4060162037037,15.947381944444444,3.986845486111111,0.009952715343923408,0.557415555558973,5395.007376540139,50.21759259259258
de,25,fb_only,0,58.11358796296297,1.025522041763341,58.73328703703704,0.0,,0.009966920019894673,,164.4541803282621,58.11358796296295
de,25,full_power,1,58.11358796296297,1.1300592936323794,66.68433101851852,7.951043981481483,7.951043981481483,0.009926847802325955,0.009862519072712074,186.93045848296077,58.11358796296295
de,25,mixed,1,58.11358796296297,1.1499097705594226,68.5576875,9.824400462962963,9.824400462962963,0.009882932235088505,0.009907556334874603,186.31150904057617,58.11358796296295
de,25,monotonous,1,58.11358796296297,1.137277648878577,67.38163425925926,8.64834722222222,8.64834722222222,0.009811306209396539,0.01233764659480933,190.8306713664656,58.11358796296295
de,25,proportional,1,58.11358796296297,1.1526166537767466,68.82789814814815,10.094611111111114,10.094611111111114,0.009720321093623719,0.017807819486611906,202.16244256038289,58.11358796296295
de,25,full_power,2,58.11358796296297,1.2866718226346996,74.83708564814815,16.10379861111111,8.051899305555555,0.009957607746483337,0.00996071212234209,211.03618909500415,58.11358796296295
de,25,mixed,2,58.11358796296297,1.3152874452178396,76.60777083333333,17.874483796296296,8.937241898148148,0.009794607886033268,0.014042533529897271,227.49859744182692,58.11358796296295
de,25,monotonous,2,58.11358796296297,1.3021397267336943,75.39815509259259,16.66486805555555,8.332434027777776,0.009735806675410016,0.009998852759977552,207.55542729407995,58.11358796296295
de,25,proportional,2,58.11358796296297,1.2993039443155452,75.09494675925927,16.361659722222235,8.180829861111118,0.009653386608560952,0.10744830951923287,663.4283473054963,58.11358796296295
de,25,full_power,3,58.11358796296297,1.4160866202629543,83.3598935185185,24.626606481481467,8.208868827160488,0.009757998098382556,0.009980576240424702,231.2502642034212,58.11358796296295
de,25,mixed,3,58.11358796296297,1.4254962619231761,83.86759259259259,25.13430555555555,8.37810185185185,0.009821200158447542,0.04678418479575648,491.3168952069185,58.11358796296295
de,25,monotonous,3,58.11358796296297,1.4262696571281257,83.91365972222222,25.180372685185183,8.393457561728395,0.009887164453588738,0.010515424540486932,237.1457714001612,58.11358796296295
de,25,proportional,3,58.11358796296297,1.3350090229440577,77.95006018518518,19.216773148148143,6.405591049382714,0.0098655279469781,0.29409417379580416,2232.6160063000084,58.11358796296295
de,25,full_power,4,58.11358796296297,1.5609693219902037,94.0031064814815,35.26981944444446,8.817454861111115,0.009902290681346786,0.009978000136628907,257.0213495243476,58.11358796296295
de,25,mixed,4,58.11358796296297,1.5211394689352926,91.48098379629629,32.74769675925925,8.186924189814812,0.009893713959114526,0.10971128866397427,1192.7770131481243,58.11358796296295
de,25,monotonous,4,58.11358796296297,1.5679298788347513,94.74578009259258,36.012493055555545,9.003123263888886,0.009786309616463098,0.010915856590501913,263.90850691691105,58.11358796296295
de,25,proportional,4,58.11358796296297,1.3583397782933746,79.45259722222222,20.719310185185186,5.179827546296297,0.009993051292820018,0.43180706893707327,4216.962881237026,58.11358796296295
de,26,fb_only,0,47.900261111111114,1.0314018043025677,48.57634259259259,0.0,,0.009993254404097842,,164.8886976676144,47.90025462962963
de,26,full_power,1,47.900261111111114,1.284351145038168,56.08313425925926,7.506791666666672,7.506791666666672,0.009963702385969062,0.009934636429958121,187.70774643317128,47.90025462962963
de,26,mixed,1,47.900261111111114,1.3023941707147815,57.158976851851854,8.582634259259265,8.582634259259265,0.009802629963840294,0.03200972295399977,236.83820445344833,47.90025462962963
de,26,monotonous,1,47.900261111111114,1.296495489243581,56.62475925925926,8.048416666666668,8.048416666666668,0.009890564022444462,0.023981176172211432,219.45414567034166,47.90025462962963
de,26,proportional,1,47.900261111111114,1.30794587092297,57.56278703703703,8.986444444444444,8.986444444444444,0.00967358886948118,0.027067609551880936,223.11482835515216,47.90025462962963
de,26,full_power,2,47.900261111111114,1.3926092990978487,63.31302546296296,14.736682870370373,7.368341435185187,0.009691151870249732,0.009999479115510964,206.82156186909805,47.90025462962963
de,26,mixed,2,47.900261111111114,1.3780360860513532,62.30615509259259,13.729812500000001,6.864906250000001,0.009773106125405742,0.1343046522965167,791.413679644451,47.90025462962963
de,26,monotonous,2,47.900261111111114,1.3752602359472588,62.10953472222222,13.533192129629633,6.7665960648148165,0.009844655940515222,0.10672277802438136,663.1800975088986,47.90025462962963
de,26,proportional,2,47.900261111111114,1.3556557945870924,60.89490740740741,12.31856481481482,6.15928240740741,0.009870558644932997,0.2707021290945802,1432.9986073531645,47.90025462962963
de,26,full_power,3,47.900261111111114,1.486294240111034,69.02095833333334,20.44461574074075,6.814871913580251,0.009734347371281628,0.009997055310889926,230.97600690419017,47.90025462962963
de,26,mixed,3,47.900261111111114,1.4257460097154753,65.05317824074075,16.47683564814816,5.49227854938272,0.009940598303309149,0.29280411836924514,2224.775257087348,47.90025462962963
de,26,monotonous,3,47.900261111111114,1.4408396946564885,65.80773148148147,17.23138888888888,5.743796296296293,0.009751606453904386,0.1889475788508505,1490.7145664417083,47.90025462962963
de,26,proportional,3,47.900261111111114,1.368147120055517,61.77729861111111,13.200956018518518,4.400318672839506,0.009926649219014863,0.4866179175057842,3588.6066155194544,47.90025462962963
de,26,full_power,4,47.900261111111114,1.486294240111034,69.02095833333334,20.44461574074075,5.111153935185188,0.009734347371281628,0.26639447243464703,2660.4624609528746,47.90025462962963
de,26,mixed,4,47.900261111111114,1.4345940319222763,65.59678009259258,17.020437499999993,4.255109374999998,0.009858680000714881,0.4281435623093652,4180.367408722878,47.90025462962963
de,26,monotonous,4,47.900261111111114,1.4670367800138793,67.58137962962964,19.00503703703705,4.751259259259262,0.009694596402995543,0.31101991202493373,3078.5716950914048,47.90025462962963
de,26,proportional,4,47.900261111111114,1.3740458015267176,62.030113425925926,13.453770833333337,3.3634427083333343,0.009915142091229406,0.6063318771288737,5853.418179482636,47.90025462962963
de,27,fb_only,0,47.243842592592586,1.0615699404761905,49.204293981481484,0.0,,0.00977915318181442,,161.35602749993794,47.24384259259259
de,27,full_power,1,47.243842592592586,1.1713169642857142,55.5080324074074,6.303738425925914,6.303738425925914,0.009921993246842774,0.009980562148136116,187.1272873724331,47.24384259259259
de,27,mixed,1,47.243842592592586,1.2111235119047619,57.173650462962954,7.969356481481469,7.969356481481469,0.009865984165143893,0.03707363480314695,249.763485973057,47.24384259259259
de,27,monotonous,1,47.243842592592586,1.2064732142857142,56.84007407407407,7.635780092592583,7.635780092592583,0.009799919230463265,0.03311780331407587,239.39303387746588,47.24384259259259
de,27,proportional,1,47.243842592592586,1.2135416666666667,57.368027777777776,8.163733796296292,8.163733796296292,0.009919827233607759,0.029431615242947823,232.7237187144836,47.24384259259259
de,27,full_power,2,47.243842592592586,1.3450520833333333,63.50969675925925,14.305402777777765,7.152701388888882,0.009940273810218019,0.009946359873892878,210.6828383969027,47.24384259259259
de,27,mixed,2,47.243842592592586,1.3470982142857142,63.65369444444444,14.449400462962956,7.224700231481478,0.009969736949542004,0.0857505355470551,566.8421724542256,47.24384259259259
de,27,monotonous,2,47.243842592592586,1.3439360119047619,63.42796759259259,14.223673611111103,7.111836805555551,0.009803032458203844,0.058925349389977906,438.2277748981397,47.24384259259259
de,27,proportional,2,47.243842592592586,1.3005952380952381,61.686490740740744,12.48219675925926,6.24109837962963,0.00982047586424676,0.2106219606732257,1150.2760912388464,47.24384259259259
de,27,full_power,3,47.243842592592586,1.5146949404761905,72.46530787037037,23.261013888888883,7.753671296296294,0.009949883733077508,0.009970555268442682,234.3458495750785,47.24384259259259
de,27,mixed,3,47.243842592592586,1.4265252976190477,67.62501851851852,18.42072453703703,6.1402415123456775,0.009989469305739459,0.21896571647129462,1705.9069560696728,47.24384259259259
de,27,monotonous,3,47.243842592592586,1.4711681547619047,69.91960185185185,20.715307870370367,6.905102623456789,0.009780544002573931,0.1167477494923363,983.0496369695327,47.24384259259259
de,27,proportional,3,47.243842592592586,1.3482142857142858,63.73060416666666,14.526310185185174,4.8421033950617245,0.009652721421003988,0.4035998259136583,2999.805478226893,47.24384259259259
de,27,full_power,4,47.243842592592586,1.5621279761904763,75.13425694444445,25.92996296296296,6.48249074074074,0.00980408347279618,0.17386509861912533,1793.3174627430092,47.24384259259259
de,27,mixed,4,47.243842592592586,1.4769345238095237,70.31595138888889,21.111657407407407,5.277914351851852,0.009958268649937945,0.3434775225164391,3387.5045040182404,47.24384259259259
de,27,monotonous,4,47.243842592592586,1.5403645833333333,73.87113425925925,24.666840277777766,6.1667100694444414,0.009647986558882663,0.22449996619635373,2265.8994610081472,47.24384259259259
de,27,proportional,4,47.243842592592586,1.3526785714285714,64.05531018518518,14.851016203703693,3.7127540509259234,0.009782572944499874,0.5380752856420112,5210.7109340488805,47.24384259259259
de,28,fb_only,0,47.896805555555545,1.042380522993688,48.89012731481481,0.0,,0.009767107717253882,,161.15727733468904,47.89680555555555
de,28,full_power,1,47.896805555555545,1.1992786293958522,54.69175694444444,5.80162962962963,5.80162962962963,0.009840287380915278,0.009972809221919319,185.76095221972483,47.89680555555555
de,28,mixed,1,47.896805555555545,1.2353471596032461,57.3005,8.410372685185187,8.410372685185187,0.009918421478366128,0.0213353619418358,213.7067135085879,47.89680555555555
de,28,monotonous,1,47.896805555555545,1.2209197475202886,56.06830555555556,7.178178240740749,7.178178240740749,0.009994437431084883,0.03285829100402415,241.99376830834123,47.89680555555555
de,28,proportional,1,47.896805555555545,1.2415088668470093,57.73671990740741,8.8465925925926,8.8465925925926,0.00990452765599223,0.018980372180578856,207.95265945950982,47.89680555555555
de,28,full_power,2,47.896805555555545,1.3231139164412384,62.5519537037037,13.66182638888889,6.830913194444445,0.009718237759135795,0.009991972956472929,207.2332601375116,47.89680555555555
de,28,mixed,2,47.896805555555545,1.3349864743011721,63.2149375,14.324810185185186,7.162405092592593,0.009969134309135453,0.08025983538226684,541.069863714331,47.89680555555555
de,28,monotonous,2,47.896805555555545,1.3249173429516081,62.662224537037034,13.772097222222222,6.886048611111111,0.0096924305160341,0.05737076230378577,429.10872024392546,47.89680555555555
de,28,proportional,2,47.896805555555545,1.297565374211001,61.49508796296296,12.60496064814815,6.302480324074075,0.009906314379166968,0.23187491953252332,1251.4113097028544,47.89680555555555
de,28,full_power,3,47.896805555555545,1.4502554854223024,69.94033796296294,21.05021064814813,7.016736882716043,0.009943370830093019,0.009965563746573187,234.2032563449169,47.89680555555555
de,28,mixed,3,47.896805555555545,1.4056206792906523,67.45433333333334,18.564206018518526,6.188068672839509,0.009998167318343446,0.18994740643705824,1501.8196072566827,47.89680555555555
de,28,monotonous,3,47.896805555555545,1.4367297865945297,69.30592824074073,20.415800925925915,6.805266975308638,0.009989792971893629,0.07415543763633944,686.7375541208019,47.89680555555555
de,28,proportional,3,47.896805555555545,1.3240156296964232,62.60047453703704,13.710347222222225,4.570115740740742,0.009949703189105751,0.43350194723308955,3215.1568072467294,47.89680555555555
de,28,full_power,4,47.896805555555545,1.5740907724676887,76.65415277777778,27.76402546296297,6.941006365740742,0.009808736322393216,0.03516476793802212,491.8303316498876,47.89680555555555
de,28,mixed,4,47.896805555555545,1.4496543432521791,69.90582407407408,21.015696759259264,5.253924189814816,0.009923251122532058,0.30551124708524957,3030.651186169761,47.89680555555555
de,28,monotonous,4,47.896805555555545,1.5464382326420198,74.90984722222223,26.019719907407413,6.504929976851853,0.009911491705156178,0.12464576216813031,1333.2154453208118,47.89680555555555
de,28,proportional,4,47.896805555555545,1.3354373309287646,63.2544375,14.36431018518519,3.5910775462962974,0.009685672965465075,0.557921387526436,5395.34790447825,47.89680555555555
de,29,fb_only,0,51.50018020833333,1.0485605272285814,51.7323449074074,0.0,,0.009660512260443888,,159.39845229732416,51.50016898148148
de,29,full_power,1,51.50018020833333,1.1821019771071801,60.64386574074074,8.911520833333341,8.911520833333341,0.00995919012671719,0.00997800353052786,187.73503337345198,51.50016898148148
de,29,mixed,1,51.50018020833333,1.2157474852584114,62.66007175925925,10.927726851851851,10.927726851851851,0.009785978585649184,0.017940803936880825,203.55777269913395,51.50016898148148
de,29,monotonous,1,51.50018020833333,1.201873048907388,61.970942129629634,10.238597222222232,10.238597222222232,0.009764231666163596,0.016437952664953806,199.67325944368096,51.50016898148148
de,29,proportional,1,51.50018020833333,1.216961498439126,62.737270833333326,11.004925925925924,11.004925925925924,0.00988178249450612,0.022230999258797752,215.20333542049053,51.50016898148148
de,29,full_power,2,51.50018020833333,1.303850156087409,67.76060648148147,16.028261574074072,8.014130787037036,0.009792864535270854,0.00989402159461929,208.00501415392282,51.50016898148148
de,29,mixed,2,51.50018020833333,1.3055844606312867,67.85780787037037,16.125462962962963,8.062731481481482,0.009734240736075827,0.09544285089096685,608.4328285256677,51.50016898148148
de,29,monotonous,2,51.50018020833333,1.30298300381547,67.71516203703702,15.982817129629616,7.991408564814808,0.009687518412413259,0.060925560208635335,445.70678230373574,51.50016898148148
de,29,proportional,2,51.50018020833333,1.2736732570239333,66.22254861111111,14.490203703703706,7.245101851851853,0.009969431022417883,0.23925663084666507,1287.0877238024477,51.50016898148148
de,29,full_power,3,51.50018020833333,1.4339229968782519,73.91058564814814,22.17824074074074,7.392746913580247,0.009832379659883705,0.009965077078059754,232.36847686346567,51.50016898148148
de,29,mixed,3,51.50018020833333,1.3713146028442595,70.4580625,18.725717592592595,6.241905864197531,0.009697846176906473,0.24611215674665088,1892.1518211018858,51.50016898148148
de,29,monotonous,3,51.50018020833333,1.403919528269164,72.16123842592593,20.428893518518528,6.809631172839509,0.009896922603592725,0.1314548631779711,1088.4785500058406,51.50016898148148
de,29,proportional,3,51.50018020833333,1.2995143947277141,67.50141898148149,15.76907407407409,5.256358024691363,0.009767535502058406,0.4500815393742035,3328.838209899608,51.50016898148148
de,29,full_power,4,51.50018020833333,1.5183836281651057,78.30413194444444,26.571787037037033,6.642946759259258,0.009979615181246874,0.1364367130261431,1444.9857655279004,51.50016898148148
de,29,mixed,4,51.50018020833333,1.4040929587235518,72.1716087962963,20.439263888888895,5.109815972222224,0.009748932323186993,0.3694758653208617,3628.0189035035514,51.50016898148148
de,29,monotonous,4,51.50018020833333,1.456122095039889,75.30956712962964,23.57722222222224,5.89430555555556,0.00967620309898522,0.22215640445434034,2244.3730505327862,51.50016898148148
de,29,proportional,4,51.50018020833333,1.3043704474505724,67.78900925925926,16.056664351851857,4.014166087962964,0.009874994117485303,0.5755868193986282,5564.244116175234,51.50016898148148
de,31,fb_only,0,45.6837037037037,1.1077680525164113,49.98045601851851,0.0,,0.009747264313339584,,160.82986117010313,45.683703703703706
de,31,full_power,1,45.6837037037037,1.2561998541210795,57.54441898148148,7.563962962962968,7.563962962962968,0.009912175141881767,0.00984785040967735,186.65394690215223,45.683703703703706
de,31,mixed,1,45.6837037037037,1.2669584245076586,58.18223611111111,8.2017800925926,8.2017800925926,0.009918294816135164,0.041775415270922524,261.65698869181443,45.683703703703706
de,31,monotonous,1,45.6837037037037,1.2614879649890591,57.92362962962964,7.943173611111128,7.943173611111128,0.009990116121202817,0.05396752542623908,291.4447306498034,45.683703703703706
de,31,proportional,1,45.6837037037037,1.2696936542669583,58.35537037037037,8.374914351851864,8.374914351851864,0.009815411087591909,0.027541788234799382,226.56731814410585,45.683703703703706
de,31,full_power,2,45.6837037037037,1.3668854850474106,63.94813888888889,13.967682870370382,6.983841435185191,0.009853684737908697,0.009960077933015664,209.318483837203,45.683703703703706
de,31,mixed,2,45.6837037037037,1.3696207148067103,64.08670601851851,14.106250000000003,7.053125000000001,0.009761213385107907,0.10620420882459898,659.3701686592989,45.683703703703706
de,31,monotonous,2,45.6837037037037,1.359956236323851,63.54000231481482,13.559546296296311,6.779773148148156,0.009805406244746944,0.09600899135705082,612.263390485607,45.683703703703706
de,31,proportional,2,45.6837037037037,1.3548504741064915,63.126916666666666,13.146460648148157,6.573230324074078,0.009785052596860761,0.20902799315879125,1142.212711749251,45.683703703703706
de,31,full_power,3,45.6837037037037,1.5371991247264771,72.31957175925926,22.339115740740752,7.446371913580251,0.009874562549748157,0.009980641216761196,233.17403495440988,45.683703703703706
de,31,mixed,3,45.6837037037037,1.4598832968636033,67.96094675925926,17.98049074074075,5.993496913580249,0.009835214604441074,0.23008368884265526,1781.6100430478853,45.683703703703706
de,31,monotonous,3,45.6837037037037,1.475747629467542,68.9036273148148,18.92317129629629,6.307723765432097,0.009837070307742645,0.14227517482141264,1163.6443404708557,45.683703703703706
de,31,proportional,3,45.6837037037037,1.3688913202042305,64.04524537037037,14.064789351851857,4.688263117283952,0.009889075398510597,0.4288348882022783,3181.309687243059,45.683703703703706
de,31,full_power,4,45.6837037037037,1.6188913202042305,76.82247916666665,26.842023148148144,6.710505787037036,0.009847224468208989,0.14488536410787414,1522.0834605137393,45.683703703703706
de,31,mixed,4,45.6837037037037,1.4835886214442013,69.35255555555557,19.37209953703706,4.843024884259265,0.009699263012161514,0.36474558272608254,3582.810388002223,45.683703703703706
de,31,monotonous,4,45.6837037037037,1.5681983953318746,74.38651851851853,24.40606250000002,6.101515625000005,0.009956307379228358,0.21178486499482543,2151.6682448687097,45.683703703703706
de,31,proportional,4,45.6837037037037,1.3783734500364697,64.50525,14.524793981481494,3.6311984953703735,0.009655293944030058,0.557323290689786,5389.234109909448,45.683703703703706
de,32,fb_only,0,46.2338259066358,1.0183333333333333,46.31320254629629,0.0,,0.009825019445145725,,162.11282084490446,46.23381597222222
de,32,full_power,1,46.2338259066358,1.1389583333333333,52.769390046296294,6.456187500000006,6.456187500000006,0.009966973759810472,0.009926783365764183,187.74330081295554,46.23381597222222
de,32,mixed,1,46.2338259066358,1.1704166666666667,54.432774305555554,8.119571759259266,8.119571759259266,0.009800944510910774,0.02627493848109179,223.3565901066691,46.23381597222222
de,32,monotonous,1,46.2338259066358,1.1645833333333333,53.95127430555556,7.638071759259269,7.638071759259269,0.00970659553939672,0.025483099144092712,219.94217699208738,46.23381597222222
de,32,proportional,1,46.2338259066358,1.1722916666666667,54.60131828703704,8.28811574074075,8.28811574074075,0.009690722048864177,0.019752793968131892,206.23696845549637,46.23381597222222
de,32,full_power,2,46.2338259066358,1.2716666666666667,60.54323495370371,14.230032407407421,7.115016203703711,0.009842978025062784,0.009955413884059575,209.11993935754347,46.23381597222222
de,32,mixed,2,46.2338259066358,1.27,60.45066550925925,14.137462962962964,7.068731481481482,0.009904293786465073,0.09981789038625791,631.7663891689958,46.23381597222222
de,32,monotonous,2,46.2338259066358,1.2572916666666667,59.95258449074075,13.639381944444459,6.819690972222229,0.009945789872057596,0.10101071770044306,638.0478203394292,46.23381597222222
de,32,proportional,2,46.2338259066358,1.246875,59.49298958333333,13.179787037037045,6.589893518518522,0.009900130532643181,0.1906445742597558,1057.8564962153869,46.23381597222222
de,32,full_power,3,46.2338259066358,1.38875,65.64820254629629,19.335,6.445,0.009950351529911382,0.053575797502723205,541.2472630677037,46.23381597222222
de,32,mixed,3,46.2338259066358,1.29875,61.65112152777778,15.337918981481494,5.112639660493831,0.009928406125192144,0.28219889485625627,2149.934523064002,46.23381597222222
de,32,monotonous,3,46.2338259066358,1.3229166666666667,62.795589120370366,16.482386574074077,5.494128858024692,0.009946972339460422,0.20465522404048095,1604.4885103980018,46.23381597222222
de,32,proportional,3,46.2338259066358,1.2716666666666667,60.54323495370371,14.230032407407421,4.743344135802474,0.009991149281598976,0.4082054302899019,3037.803781526713,46.23381597222222
de,32,full_power,4,46.2338259066358,1.38875,65.64820254629629,19.335,4.83375,0.009950351529911382,0.29912650251575174,2971.183899851352,46.23381597222222
de,32,mixed,4,46.2338259066358,1.321875,62.74408449074075,16.430881944444458,4.1077204861111145,0.009787822846092736,0.42487841043232805,4148.5580804574965,46.23381597222222
de,32,monotonous,4,46.2338259066358,1.3716666666666666,64.91716319444444,18.603960648148153,4.650990162037038,0.00997292748355316,0.3329752515443572,3289.1930639708753,46.23381597222222
de,32,proportional,4,46.2338259066358,1.2770833333333333,60.73757986111111,14.42437731481482,3.606094328703705,0.009669882690072303,0.5518490565569403,5338.104611116521,46.23381597222222
de,33,fb_only,0,47.01641203703703,1.1774105683675322,54.68230555555555,0.0,,0.009661477352762848,,159.414376320587,47.016412037037036
de,33,full_power,1,47.01641203703703,1.2687488650808063,60.2363125,5.5540069444444455,5.5540069444444455,0.009724526547445107,0.009884986961973798,183.64486744563482,47.016412037037036
de,33,mixed,1,47.01641203703703,1.3034319956419103,62.139689814814815,7.457384259259264,7.457384259259264,0.009877181875673095,0.019612982600359444,208.98555812904934,47.016412037037036
de,33,monotonous,1,47.01641203703703,1.279644089340839,61.06456018518518,6.382254629629628,6.382254629629628,0.009817144357285805,0.04371190379178536,264.5310081907442,47.016412037037036
de,33,proportional,1,47.01641203703703,1.3105138914109316,62.42585648148148,7.7435509259259305,7.7435509259259305,0.009730876254108935,0.015200980914481485,196.220959418171,47.016412037037036
de,33,full_power,2,47.01641203703703,1.4410749954603232,68.54571759259258,13.86341203703703,6.931706018518515,0.009681090986353167,0.00996687969430188,206.50260080049168,47.016412037037036
de,33,mixed,2,47.01641203703703,1.4499727619393499,69.046875,14.364569444444449,7.182284722222224,0.00987313806652661,0.06185973925600459,453.1526746868626,47.016412037037036
de,33,monotonous,2,47.01641203703703,1.4461594334483385,68.83983796296295,14.157532407407395,7.078766203703697,0.009767469598605394,0.03179192851028899,310.33097694726496,47.016412037037036
de,33,proportional,2,47.01641203703703,1.4109315416742327,67.30831712962963,12.626011574074077,6.313005787037039,0.009789115108652236,0.1823916566108514,1017.3020521108767,47.016412037037036
de,33,full_power,3,47.01641203703703,1.6252042854548756,77.69484027777779,23.012534722222235,7.670844907407411,0.009974206298468576,0.009949169399931868,234.59665816145196,47.016412037037036
de,33,mixed,3,47.01641203703703,1.5552932631196659,74.8434699074074,20.161164351851845,6.720388117283949,0.009916063381891278,0.15884099793351175,1281.5379892572619,47.016412037037036
de,33,monotonous,3,47.01641203703703,1.6045033593608136,77.091625,22.409319444444442,7.469773148148147,0.009740842896462359,0.05293019363992872,533.2466106294472,47.016412037037036
de,33,proportional,3,47.01641203703703,1.451970219720356,69.15193981481481,14.469634259259259,4.823211419753086,0.009968923949586797,0.38377387870630425,2865.4878035031516,47.016412037037036
de,33,full_power,4,47.01641203703703,1.7592155438532777,85.92096064814815,31.2386550925926,7.80966377314815,0.009939878836135228,0.021238327571602586,363.30846672814994,47.016412037037036
de,33,mixed,4,47.01641203703703,1.6373706192119122,78.40167129629629,23.719365740740734,5.929841435185184,0.009989527931206575,0.2725789684419907,2722.708250724549,47.016412037037036
de,33,monotonous,4,47.01641203703703,1.6982022879970946,82.65514351851851,27.972837962962963,6.993209490740741,0.009821014183447767,0.12398562557693894,1325.5278444408832,47.016412037037036
de,33,proportional,4,47.01641203703703,1.464318140548393,69.86694907407407,15.18464351851852,3.79616087962963,0.009722289081247946,0.5177158208304353,5018.6630325133965,47.016412037037036
de,34,fb_only,0,46.82555555555555,1.0618143827267978,49.0469537037037,0.0,,0.00998221208833629,,164.7064994575488,46.825555555555546
de,34,full_power,1,46.82555555555555,1.1849207731150966,57.204819444444446,8.157865740740746,8.157865740740746,0.00983778050290999,0.009879871612251432,185.50155710035668,46.825555555555546
de,34,mixed,1,46.82555555555555,1.20390040048755,58.22218518518518,9.175231481481482,9.175231481481482,0.009717847553060389,0.032073134864675924,235.58805901802614,46.825555555555546
de,34,monotonous,1,46.82555555555555,1.1965871495733937,57.909363425925925,8.862409722222225,8.862409722222225,0.00987882228313904,0.03503600861857238,245.19504389096497,46.825555555555546
de,34,proportional,1,46.82555555555555,1.2052934006616751,58.313599537037035,9.266645833333335,9.266645833333335,0.009970956670916548,0.02505220734141616,223.29326349308533,46.825555555555546
de,34,full_power,2,46.82555555555555,1.2867839108479888,63.31875462962963,14.27180092592593,7.135900462962965,0.009739444671912807,0.0099934946524563,207.59031399588628,46.825555555555546
de,34,mixed,2,46.82555555555555,1.2855650356956294,63.25312268518518,14.206168981481483,7.103084490740741,0.009930629628907487,0.11768375851649981,716.0275838363906,46.825555555555546
de,34,monotonous,2,46.82555555555555,1.272157409019676,62.4029212962963,13.355967592592599,6.677983796296299,0.009825368985133533,0.1125450178037892,690.1798117900821,46.825555555555546
de,34,proportional,2,46.82555555555555,1.2599686574960822,61.81401851851852,12.767064814814823,6.383532407407412,0.009871339420187208,0.2332692220798109,1257.3762904315618,46.825555555555546
de,34,full_power,3,46.82555555555555,1.3973532996691624,69.67320833333333,20.626254629629635,6.875418209876545,0.009934367653420277,0.010046527446674738,234.6245264511314,46.825555555555546
de,34,mixed,3,46.82555555555555,1.3181264147658018,65.07377777777778,16.026824074074078,5.342274691358026,0.009940701865606246,0.2880757767024444,2191.4988972143065,46.825555555555546
de,34,monotonous,3,46.82555555555555,1.3350165418770676,66.14773611111112,17.100782407407415,5.700260802469138,0.009950711856955119,0.19725122838241704,1552.4408909952106,46.825555555555546
de,34,proportional,3,46.82555555555555,1.28156016019502,63.00763425925926,13.960680555555562,4.653560185185188,0.009803284143575453,0.4508401981828243,3334.767503179712,46.825555555555546
de,34,full_power,4,46.82555555555555,1.3973532996691624,69.67320833333333,20.626254629629635,5.156563657407409,0.009934367653420277,0.26654168440671144,2665.144232754015,46.825555555555546
de,34,mixed,4,46.82555555555555,1.3332752916594115,66.02281712962963,16.97586342592593,4.243965856481482,0.009974246022282125,0.42340887376331643,4137.843930762617,46.825555555555546
de,34,monotonous,4,46.82555555555555,1.3860351732543967,68.9467662037037,19.899812500000003,4.974953125000001,0.009785637818218292,0.30449147621616923,3018.811036813134,46.825555555555546
de,34,proportional,4,46.82555555555555,1.285390910673864,63.244025462962966,14.197071759259266,3.5492679398148166,0.009886082307647391,0.58035139724233,5609.137869798206,46.825555555555546
de,35,fb_only,0,47.01185185185185,1.1019182329006008,51.02772453703704,0.0,,0.009646583456077568,,159.16862702527987,47.011851851851844
de,35,full_power,1,47.01185185185185,1.2435574501065685,59.02252777777778,7.994803240740744,7.994803240740744,0.009832476260155687,0.00975737769898488,185.12666637438736,47.011851851851844
de,35,mixed,1,47.01185185185185,1.2656461925983336,60.19769212962964,9.169967592592599,9.169967592592599,0.009769508629147706,0.03005077333042161,231.69600661410624,47.011851851851844
de,35,monotonous,1,47.01185185185185,1.2489827552799846,59.25375925925926,8.226034722222224,8.226034722222224,0.00984756542919408,0.05468297181997681,290.7710814713679,47.011851851851844
de,35,proportional,1,47.01185185185185,1.2670025188916876,60.284650462962965,9.256925925925927,9.256925925925927,0.00996836818308932,0.026231206444153006,226.01648533895673,47.011851851851844
de,35,full_power,2,47.01185185185185,1.3751211005619066,65.86152777777778,14.833803240740743,7.416901620370371,0.009998348853277798,0.009933867189875906,211.58246093398142,47.011851851851844
de,35,mixed,2,47.01185185185185,1.3764774268552606,65.95622916666666,14.928504629629622,7.464252314814811,0.00984497731939647,0.0993784851596364,628.7259781390558,47.011851851851844
de,35,monotonous,2,47.01185185185185,1.3724084479751986,65.69200694444444,14.664282407407406,7.332141203703703,0.009648740061230707,0.07988805878797609,534.0389828434904,47.011851851851844
de,35,proportional,2,47.01185185185185,1.360007750435962,65.07412962962964,14.0464050925926,7.0232025462963,0.009849778965164807,0.20189374134565333,1109.8067873190248,47.011851851851844
de,35,full_power,3,47.01185185185185,1.5351676031776786,74.17133101851852,23.143606481481477,7.714535493827159,0.009999673812880867,0.00998775609264849,235.2884452925944,47.011851851851844
de,35,mixed,3,47.01185185185185,1.451850416585933,69.45735879629629,18.429634259259252,6.143211419753084,0.009925889024900377,0.23205804829738677,1797.0017128278644,47.011851851851844
de,35,monotonous,3,47.01185185185185,1.4712265064909902,70.6037361111111,19.576011574074066,6.525337191358022,0.009932796706338523,0.14158047739246332,1160.3345455427425,47.011851851851844
de,35,proportional,3,47.01185185185185,1.3764774268552606,65.95622916666666,14.928504629629622,4.9761682098765405,0.009799672916088291,0.4181195896124321,3104.4202748077537,47.011851851851844
de,35,full_power,4,47.01185185185185,1.6008525479558224,77.61808564814815,26.590361111111115,6.647590277777779,0.009997808187803919,0.1639213512609088,1703.2017953311329,47.011851851851844
de,35,mixed,4,47.01185185185185,1.475876768068204,70.86559722222222,19.837872685185182,4.959468171296296,0.009814479885041038,0.36671416612135554,3603.184652985977,47.011851851851844
de,35,monotonous,4,47.01185185185185,1.5537686494865337,75.50846296296295,24.480738425925914,6.120184606481478,0.009964247669013758,0.22751296025333992,2299.3917055560687,47.011851851851844
de,35,proportional,4,47.01185185185185,1.383452819221081,66.47803935185185,15.45031481481481,3.8625787037037025,0.009811531448022303,0.5485075711190626,5309.085316273651,47.011851851851844
de,36,fb_only,0,48.507962962962964,1.0838674235488006,51.47361111111111,0.0,,0.009933533551386486,,163.90330359787703,48.507962962962964
de,36,full_power,1,48.507962962962964,1.2061893426112433,59.353833333333334,7.880222222222223,7.880222222222223,0.009962852146421322,0.009993435282677732,187.83165958911377,48.507962962962964
de,36,mixed,1,48.507962962962964,1.2265152902398828,60.37431712962963,8.90070601851852,8.90070601851852,0.00980884929818327,0.030315517251314233,232.96621689160713,48.507962962962964
de,36,monotonous,1,48.507962962962964,1.2221204907526093,60.05523842592592,8.58162731481481,8.58162731481481,0.009841551510244765,0.0288757439743207,230.12809528279502,48.507962962962964
de,36,proportional,1,48.507962962962964,1.2277971067570042,60.45373842592593,8.980127314814816,8.980127314814816,0.009958809486143175,0.02644756669512185,226.36634798811826,48.507962962962964
de,36,full_power,2,48.507962962962964,1.3221021790880791,65.4182824074074,13.944671296296292,6.972335648148146,0.009729940125262765,0.009915880323075835,207.06932254270743,48.507962962962964
de,36,mixed,2,48.507962962962964,1.3261307452847464,65.69594675925926,14.222335648148146,7.111167824074073,0.009961463357357453,0.09042067386767125,588.6179471835114,48.507962962962964
de,36,monotonous,2,48.507962962962964,1.3226515290239882,65.45142824074074,13.977817129629628,6.988908564814814,0.009718178890578397,0.07109899108607905,493.94641787042644,48.507962962962964
de,36,proportional,2,48.507962962962964,1.3167917963742903,65.18383564814815,13.710224537037035,6.855112268518518,0.009830334261882925,0.16836738412698862,952.1802816448989,48.507962962962964
de,36,full_power,3,48.507962962962964,1.4850759934078008,72.58931481481483,21.115703703703716,7.038567901234572,0.00989265695679598,0.0099259337004512,233.08756117090923,48.507962962962964
de,36,mixed,3,48.507962962962964,1.4171397180003662,69.33684259259259,17.863231481481478,5.954410493827159,0.009881544336087338,0.2059063146285044,1612.214123900855,48.507962962962964
de,36,monotonous,3,48.507962962962964,1.4403955319538546,70.58805555555556,19.114444444444445,6.3714814814814815,0.009925405551605924,0.12302318977740961,1029.6064012549068,48.507962962962964
de,36,proportional,3,48.507962962962964,1.3402307269730818,66.54266435185185,15.069053240740743,5.023017746913581,0.009665958605130608,0.375329114125565,2801.0546222003813,48.507962962962964
de,36,full_power,4,48.507962962962964,1.5722395165720564,76.7388773148148,25.26526620370369,6.316316550925922,0.009745008178444748,0.12636954682223742,1346.6444623242141,48.507962962962964
de,36,mixed,4,48.507962962962964,1.4581578465482512,71.44801157407407,19.97440046296296,4.99360011574074,0.009890211717194942,0.33226588186517386,3281.171528756508,48.507962962962964
de,36,monotonous,4,48.507962962962964,1.5495330525544773,75.61839120370371,24.144780092592597,6.036195023148149,0.009988140933721261,0.18335135391503118,1885.3734305450535,48.507962962962964
de,36,proportional,4,48.507962962962964,1.368980040285662,66.96038657407408,15.486775462962967,3.871693865740742,0.009964804302231414,0.5141527244935477,4989.2284376342695,48.507962962962964
de,37,fb_only,0,49.28807870370372,1.174442896935933,57.49662962962964,0.0,,0.00964924131135776,,159.21248163740304,49.28807870370371
de,37,full_power,1,49.28807870370372,1.2778551532033426,63.86421296296297,6.367583333333329,6.367583333333329,0.009657614143983627,0.009790252499294426,182.31856573907456,49.28807870370371
de,37,mixed,1,49.28807870370372,1.3257311977715878,65.76697453703706,8.27034490740742,8.27034490740742,0.009716555325128759,0.009979304470072684,183.73461115141504,49.28807870370371
de,37,monotonous,1,49.28807870370372,1.318767409470752,65.3949212962963,7.898291666666665,7.898291666666665,0.009914465386344324,0.00995978587559263,186.95433653882165,49.28807870370371
de,37,proportional,1,49.28807870370372,1.3274721448467968,65.86926851851852,8.372638888888886,8.372638888888886,0.0097650846854819,0.012024784297838965,189.33404127318158,49.28807870370371
de,37,full_power,2,49.28807870370372,1.4474233983286908,71.59430787037039,14.097678240740748,7.048839120370374,0.009775239877935417,0.009933559240582479,207.89971794274737,49.28807870370371
de,37,mixed,2,49.28807870370372,1.4827646239554317,73.29782870370371,15.801199074074077,7.9005995370370385,0.009655407495638304,0.019658137739364926,251.55020595113226,49.28807870370371
de,37,monotonous,2,49.28807870370372,1.4674442896935933,72.68612731481481,15.189497685185174,7.594748842592587,0.009861895021135962,0.016344929239981706,239.4116758427375,49.28807870370371
de,37,proportional,2,49.28807870370372,1.4660515320334262,72.62310648148149,15.126476851851848,7.563238425925924,0.009777414122467968,0.09058059258851169,586.3314734460183,49.28807870370371
de,37,full_power,3,49.28807870370372,1.6408426183844012,80.84166435185185,23.34503472222221,7.781678240740736,0.009822677305966443,0.00997253686948618,232.26089003589004,49.28807870370371
de,37,mixed,3,49.28807870370372,1.6110724233983287,79.15389351851853,21.65726388888889,7.219087962962964,0.009847998930416713,0.08026353469559405,727.3867395394667,49.28807870370371
de,37,monotonous,3,49.28807870370372,1.6486768802228413,81.35241666666667,23.855787037037032,7.951929012345677,0.009655897312867296,0.010934680550160824,236.28058737434225,49.28807870370371
de,37,proportional,3,49.28807870370372,1.514275766016713,75.02164814814815,17.525018518518507,5.8416728395061694,0.009710010438400883,0.28451724028268993,2162.6475093431864,49.28807870370371
de,37,full_power,4,49.28807870370372,1.7999651810584958,89.7319675925926,32.23533796296296,8.05883449074074,0.009756899326525088,0.009986182541934181,254.6991758611743,49.28807870370371
de,37,mixed,4,49.28807870370372,1.7273676880222841,85.26303703703704,27.7664074074074,6.94160185185185,0.009906125280928258,0.17220386700429052,1779.4121551035785,49.28807870370371
de,37,monotonous,4,49.28807870370372,1.7966573816155988,89.43308564814815,31.936456018518513,7.984114004629628,0.009750282684203386,0.03256018742403221,466.4244630764741,49.28807870370371
de,37,proportional,4,49.28807870370372,1.5579735376044568,76.72943981481481,19.232810185185173,4.808202546296293,0.00966836334452379,0.4278029756201072,4174.031118403729,49.28807870370371
de,38,fb_only,0,49.05689814814814,1.0950802512212143,53.01603703703704,0.0,,0.00992457970718016,,163.75556516847263,49.05689814814814
de,38,full_power,1,49.05689814814814,1.2267969295184926,60.5532824074074,7.537245370370364,7.537245370370364,0.009828914493146644,0.009993090406542294,185.62087923066784,49.05689814814814
de,38,mixed,1,49.05689814814814,1.2402302861130496,61.29292592592593,8.276888888888891,8.276888888888891,0.009875348541700451,0.03482208965686936,244.63587327307295,49.05689814814814
de,38,monotonous,1,49.05689814814814,1.2353454291695742,61.07081018518518,8.054773148148143,8.054773148148143,0.009922662038273319,0.04005936437611203,257.70319245786857,49.05689814814814
de,38,proportional,1,49.05689814814814,1.2419748778785764,61.40403935185186,8.38800231481482,8.38800231481482,0.009986081232557934,0.02619412871383524,226.2217662998634,49.05689814814814
de,38,full_power,2,49.05689814814814,1.336880669923238,66.5991574074074,13.583120370370366,6.791560185185183,0.009656919072032043,0.009916342512715084,205.86664375818788,49.05689814814814
de,38,mixed,2,49.05689814814814,1.3459525471039777,67.12640972222222,14.110372685185183,7.055186342592592,0.009673563242145253,0.08923595568744107,578.3088975808702,49.05689814814814
de,38,monotonous,2,49.05689814814814,1.3375785066294488,66.65253935185186,13.63650231481482,6.81825115740741,0.009969813716310427,0.07495832534078993,516.2063888181084,49.05689814814814
de,38,proportional,2,49.05689814814814,1.3272854152128402,65.99496759259259,12.97893055555555,6.489465277777775,0.00985401106617957,0.1892944197073376,1050.7605998587908,49.05689814814814
de,38,full_power,3,49.05689814814814,1.4963363572923936,74.77685648148149,21.76081944444445,7.253606481481484,0.009898988471078424,0.009950679767394248,233.3661939757147,49.05689814814814
de,38,mixed,3,49.05689814814814,1.4342288904396372,71.39647685185186,18.38043981481482,6.126813271604941,0.00987822175874209,0.1986575961516678,1561.1428207346826,49.05689814814814
de,38,monotonous,3,49.05689814814814,1.4684228890439637,73.04293287037036,20.026895833333327,6.675631944444443,0.009808340651253593,0.10282468051353143,885.5177221999185,49.05689814814814
de,38,proportional,3,49.05689814814814,1.3480460572226098,67.25001388888889,14.23397685185185,4.744658950617283,0.009954014227616406,0.4030759934815091,3001.0900768785314,49.05689814814814
de,38,full_power,4,49.05689814814814,1.6444521981856246,81.8893472222222,28.87331018518516,7.21832754629629,0.009851895078362656,0.07100047476370895,828.8247239756286,49.05689814814814
de,38,mixed,4,49.05689814814814,1.4769713886950453,73.63550694444444,20.619469907407407,5.154867476851852,0.009814983235429998,0.32638243864459787,3224.720027625501,49.05689814814814
de,38,monotonous,4,49.05689814814814,1.5643754361479414,78.01018055555556,24.994143518518527,6.248535879629632,0.009922797454042263,0.16604564170088335,1721.8984597127867,49.05689814814814
de,38,proportional,4,49.05689814814814,1.3670621074668527,67.92092592592593,14.904888888888891,3.7262222222222228,0.009949455937345916,0.5338569784500876,5173.879908741829,49.05689814814814
de,39,fb_only,0,51.214004629629635,1.1414159610880923,58.108601851851844,0.0,,0.009908895421563946,,163.4967744558051,51.214004629629635
de,39,full_power,1,51.214004629629635,1.2527472527472527,64.92776388888889,6.819162037037046,6.819162037037046,0.00965045447652624,0.009780385140660108,182.17728240267155,51.214004629629635
de,39,mixed,1,51.214004629629635,1.3136371824896416,67.57036111111111,9.461759259259267,9.461759259259267,0.009976585879083599,0.009974320183600836,188.01342215560695,51.214004629629635
de,39,monotonous,1,51.214004629629635,1.276526751936588,66.1193935185185,8.010791666666663,8.010791666666663,0.00976170962493408,0.023642055593512307,216.5324712337922,51.214004629629635
de,39,proportional,1,51.214004629629635,1.3163393983066114,67.70302314814815,9.594421296296304,9.594421296296304,0.009703278424398599,0.00996694270241684,183.4865415824468,51.214004629629635
de,39,full_power,2,51.214004629629635,1.4262295081967213,73.27743055555557,15.168828703703724,7.584414351851862,0.009887215919410048,0.009890006651813905,209.54297388057662,51.214004629629635
de,39,mixed,2,51.214004629629635,1.4377589623491263,73.98410416666665,15.87550231481481,7.937751157407405,0.009983029382707178,0.045279721710763984,377.1724390815731,51.214004629629635
de,39,monotonous,2,51.214004629629635,1.4318140875517924,73.53475462962963,15.426152777777787,7.713076388888894,0.009690390309249513,0.0320847581320374,310.43312525813644,51.214004629629635
de,39,proportional,2,51.214004629629635,1.4278508376869032,73.36377777777777,15.255175925925926,7.627587962962963,0.009989633520599464,0.11749709151692173,716.1253064872878,51.214004629629635
de,39,full_power,3,51.214004629629635,1.5872815708881283,82.59424305555557,24.48564120370372,8.161880401234574,0.009691493415503722,0.009965588270349672,230.04745160253242,51.214004629629635
de,39,mixed,3,51.214004629629635,1.5422446406052963,80.39726620370371,22.288664351851864,7.429554783950621,0.009828148020649843,0.13054634855044914,1080.9496434387834,51.214004629629635
de,39,monotonous,3,51.214004629629635,1.584939650513421,82.42656712962962,24.317965277777773,8.105988425925924,0.009869364761090401,0.039978392672906454,444.21244618990727,51.214004629629635
de,39,proportional,3,51.214004629629635,1.456314177625653,75.09267129629629,16.984069444444444,5.661356481481481,0.009981154630328212,0.32881659142890884,2478.9002218770756,51.214004629629635
de,39,full_power,4,51.214004629629635,1.7175283732660782,91.20846527777776,33.09986342592592,8.27496585648148,0.009796774887898103,0.009977042176900873,255.2713494383565,51.214004629629635
de,39,mixed,4,51.214004629629635,1.6051161952801296,84.09634027777778,25.98773842592594,6.496934606481485,0.009952366721697596,0.25086704965808676,2518.350444899497,51.214004629629635
de,39,monotonous,4,51.214004629629635,1.6618627274364979,87.8676435185185,29.75904166666666,7.439760416666665,0.00992881089906543,0.11029374913668018,1198.8219217331864,51.214004629629635
de,39,proportional,4,51.214004629629635,1.4692848135471086,75.63772685185185,17.529125000000008,4.382281250000002,0.009779795645784031,0.47483253776125334,4617.195162507038,51.214004629629635
de,42,fb_only,0,50.69736111111111,1.043755839302398,51.19882175925925,0.0,,0.009815171842159657,,161.95033539563434,50.69736111111111
de,42,full_power,1,50.69736111111111,1.1434132668950483,58.851807870370365,7.652986111111112,7.652986111111112,0.009912034325344578,0.009901626951593297,186.7777831966234,50.69736111111111
de,42,mixed,1,50.69736111111111,1.164123326066646,60.67946527777778,9.480643518518526,9.480643518518526,0.009863050135632071,0.022067971854902335,214.51178920953006,50.69736111111111
de,42,monotonous,1,50.69736111111111,1.1519775770787917,59.568046296296295,8.369224537037042,8.369224537037042,0.009876261604079848,0.034474486389432735,243.8354615369267,50.69736111111111
de,42,proportional,1,50.69736111111111,1.169261912176892,61.05712037037037,9.858298611111117,9.858298611111117,0.009687459313597864,0.016432574555152978,198.39389858075364,50.69736111111111
de,42,full_power,2,50.69736111111111,1.263157894736842,66.11671296296296,14.91789120370371,7.458945601851855,0.009680928714567645,0.00992876621825775,206.32109488643152,50.69736111111111
de,42,mixed,2,50.69736111111111,1.2748364995328558,66.9283310185185,15.729509259259252,7.864754629629626,0.009701951793662459,0.07793689345470209,525.7621086848927,50.69736111111111
de,42,monotonous,2,50.69736111111111,1.2594207412021177,65.8905162037037,14.691694444444444,7.345847222222222,0.009696261325921907,0.07585926475820497,515.9199821232091,50.69736111111111
de,42,proportional,2,50.69736111111111,1.2310806602304578,65.43624305555555,14.237421296296297,7.118710648148149,0.009710266153443444,0.20026721075559026,1099.8731443970464,50.69736111111111
de,42,full_power,3,50.69736111111111,1.3885082528807224,72.98952546296296,21.790703703703706,7.263567901234569,0.009978893533580238,0.009965411292137813,234.78830797813987,50.69736111111111
de,42,mixed,3,50.69736111111111,1.3231080660230459,69.31209490740741,18.11327314814816,6.037757716049387,0.00971419713054116,0.23924329935488786,1844.07859351363,50.69736111111111
de,42,monotonous,3,50.69736111111111,1.3413266895048273,70.84531944444444,19.64649768518519,6.548832561728396,0.00999533705356243,0.14460255747048023,1182.6358608610199,50.69736111111111
de,42,proportional,3,50.69736111111111,1.2737464964185612,66.8371574074074,15.63833564814815,5.212778549382716,0.009697581336457374,0.4182097832000791,3103.370546213703,50.69736111111111
de,42,full_power,4,50.69736111111111,1.494549984428527,75.538,24.339178240740743,6.084794560185186,0.009846118762773566,0.1762510886889174,1816.4011758425647,50.69736111111111
de,42,mixed,4,50.69736111111111,1.3519152911865462,70.97582407407407,19.777002314814816,4.944250578703704,0.009864570905466677,0.37263860719872344,3659.606109893021,50.69736111111111
de,42,monotonous,4,50.69736111111111,1.4053254437869822,74.10028240740742,22.901460648148166,5.725365162037042,0.009822902782743654,0.2346569173575556,2364.098408398572,50.69736111111111
de,42,proportional,4,50.69736111111111,1.2781065088757397,67.14578703703704,15.946965277777785,3.9867413194444463,0.009784757825161586,0.5528872047206402,5349.742033213654,50.69736111111111
de,43,fb_only,0,48.16335092592593,1.0832430480317805,51.97845601851853,0.0,,0.00994897515727946,,164.1580900951111,48.163333333333334
de,43,full_power,1,48.16335092592593,1.214879017695919,59.364414351851856,7.385958333333328,7.385958333333328,0.009709697949213355,0.00996939313042474,183.5982124459968,48.163333333333334
de,43,mixed,1,48.16335092592593,1.2280606717226437,60.21916666666667,8.240710648148145,8.240710648148145,0.009857179577863558,0.03958588645612179,255.51195266081044,48.163333333333334
de,43,monotonous,1,48.16335092592593,1.2230046948356808,59.87851388888889,7.900057870370361,7.900057870370361,0.009922553722241196,0.0470705004980272,274.14953058535156,48.163333333333334
de,43,proportional,1,48.16335092592593,1.2304080895630192,60.32561111111111,8.34715509259258,8.34715509259258,0.00985942735761368,0.027429280098276634,227.02964251118271,48.163333333333334
de,43,full_power,2,48.16335092592593,1.3416395810762007,65.680625,13.702168981481478,6.851084490740739,0.009981877346279025,0.009990262570021025,211.57528819214255,48.163333333333334
de,43,mixed,2,48.16335092592593,1.352293246659444,66.24601157407407,14.267555555555546,7.133777777777773,0.009883984423996755,0.08764369442388216,574.3099572328016,48.163333333333334
de,43,monotonous,2,48.16335092592593,1.3439869989165765,65.8380462962963,13.85959027777777,6.929795138888885,0.009987671236210497,0.07486266230458842,516.052186930602,48.163333333333334
de,43,proportional,2,48.16335092592593,1.3315276273022751,65.08761342592592,13.109157407407395,6.554578703703697,0.00976087877900958,0.19359958098324465,1069.4237338270418,48.163333333333334
de,43,full_power,3,48.16335092592593,1.5639219934994584,75.43615277777778,23.45769675925925,7.819232253086416,0.00973671754619418,0.009939141510608866,230.6075174638692,48.163333333333334
de,43,mixed,3,48.16335092592593,1.469844709281329,71.516,19.537543981481477,6.512514660493825,0.009848493740352597,0.18189595800300293,1442.6838991409525,48.163333333333334
de,43,monotonous,3,48.16335092592593,1.4953051643192488,72.78104398148149,20.80258796296296,6.93419598765432,0.009726375625031786,0.08955215999928466,790.7532998879899,48.163333333333334
de,43,proportional,3,48.16335092592593,1.3584326471650416,66.54555555555557,14.567099537037038,4.855699845679013,0.009930682577917098,0.40410148269378104,3007.9224977344634,48.163333333333334
de,43,full_power,4,48.16335092592593,1.7370892018779343,83.68512962962963,31.7066736111111,7.926668402777775,0.009887202415061207,0.03459971292896758,487.8225459739417,48.163333333333334
de,43,mixed,4,48.16335092592593,1.5285301552907187,74.14190509259258,22.16344907407405,5.540862268518513,0.00996368285149667,0.30356833704480773,3013.086041878171,48.163333333333334
de,43,monotonous,4,48.16335092592593,1.693571686529433,80.6390763888889,28.660620370370367,7.165155092592592,0.009947247287815618,0.11968569090790561,1287.2601037287438,48.163333333333334
de,43,proportional,4,48.16335092592593,1.3710725893824485,67.18804398148148,15.209587962962956,3.802396990740739,0.009997600128697983,0.5349714494677421,5185.132483928808,48.163333333333334
de,44,fb_only,0,48.60275462962963,1.097198496754356,52.30487731481482,0.0,,0.009999478233399963,,164.9913908510994,48.60275462962963
de,44,full_power,1,48.60275462962963,1.2326614280833619,60.66069212962962,8.355814814814806,8.355814814814806,0.009700244458217908,0.009877915760038887,183.22762393364673,48.60275462962963
de,44,mixed,1,48.60275462962963,1.2558934062179705,62.107182870370366,9.802305555555549,9.802305555555549,0.009852413026444313,0.0245599663023043,220.18249588153705,48.60275462962963
de,44,monotonous,1,48.60275462962963,1.2379569525111036,60.95294907407407,8.648071759259253,8.648071759259253,0.009806208216268706,0.04933651708682808,277.5459046541323,48.60275462962963
de,44,proportional,1,48.60275462962963,1.2577724632729756,62.27368055555556,9.96880324074074,9.96880324074074,0.009793506746242783,0.019938517679372717,208.36862378881432,48.60275462962963
de,44,full_power,2,48.60275462962963,1.3821318756405876,67.82724305555554,15.522365740740725,7.761182870370362,0.00974818341116396,0.009938553805646056,207.47672074029663,48.60275462962963
de,44,mixed,2,48.60275462962963,1.4009224461906389,68.93626157407407,16.63138425925925,8.315692129629625,0.009879952514505245,0.06000462711483123,444.56092691212467,48.60275462962963
de,44,monotonous,2,48.60275462962963,1.3952852750256235,68.69422453703703,16.389347222222213,8.194673611111106,0.009694534724595305,0.03663276957395427,331.840777796816,48.60275462962963
de,44,proportional,2,48.60275462962963,1.3763238811069354,67.35948379629629,15.054606481481471,7.527303240740736,0.009766293258800898,0.17545537889075136,984.3804765256202,48.60275462962963
de,44,full_power,3,48.60275462962963,1.5304065596173557,75.81947685185186,23.514599537037043,7.838199845679014,0.00983187676126291,0.009938016564577604,232.1697271423352,48.60275462962963
de,44,mixed,3,48.60275462962963,1.4764263751281175,72.7443935185185,20.43951620370369,6.81317206790123,0.00999991475255274,0.18317965872343656,1454.2170315126666,48.60275462962963
de,44,monotonous,3,48.60275462962963,1.5005124701059105,74.31968981481481,22.01481249999999,7.33827083333333,0.009831525971866616,0.0837871510291832,751.9141474791905,48.60275462962963
de,44,proportional,3,48.60275462962963,1.4002391527160916,68.90703240740741,16.602155092592596,5.534051697530866,0.009760916791915904,0.3985464898852208,2966.0253228787965,48.60275462962963
de,44,full_power,4,48.60275462962963,1.6416125725999318,82.53732870370371,30.23245138888889,7.5581128472222225,0.00981436524944403,0.053287079281851175,661.9829785967179,48.60275462962963
de,44,mixed,4,48.60275462962963,1.5269900922446191,75.59498379629629,23.290106481481473,5.822526620370368,0.009765035709284449,0.30341354335695647,3008.355780064873,48.60275462962963
de,44,monotonous,4,48.60275462962963,1.579091219678852,78.32333101851852,26.0184537037037,6.504613425925925,0.009802764027785307,0.1552043887818041,1618.1835907869072,48.60275462962963
de,44,proportional,4,48.60275462962963,1.4301332422275368,70.17517824074073,17.870300925925918,4.467575231481479,0.009933280375495403,0.5309824863221709,5146.638777842926,48.60275462962963
de,45,fb_only,0,48.85587962962963,1.1787142417717624,50.31994212962964,0.0,,0.009902329457860652,,163.38843605470075,48.855879629629634
de,45,full_power,1,48.85587962962963,1.290218394340203,58.774270833333325,8.454328703703688,8.454328703703688,0.009927423619747872,0.009981356188861075,187.218751344908,48.855879629629634
de,45,mixed,1,48.85587962962963,1.3131344201784065,60.254115740740744,9.934173611111106,9.934173611111106,0.009798054899231485,0.025068657834043488,220.47897711598551,48.855879629629634
de,45,monotonous,1,48.85587962962963,1.3014457090126115,59.68534722222223,9.365405092592589,9.365405092592589,0.00990805389973362,0.032595471587858686,239.9518656907212,48.855879629629634
de,45,proportional,1,48.85587962962963,1.3148262073208243,60.377472222222224,10.057530092592586,10.057530092592586,0.00985594951227651,0.02143142195499882,212.90128285898965,48.855879629629634
de,45,full_power,2,48.85587962962963,1.4503229775453708,65.7015763888889,15.381634259259258,7.690817129629629,0.009760505681842602,0.009946873741174382,207.71907534399315,48.855879629629634
de,45,mixed,2,48.85587962962963,1.4513995693632729,65.767125,15.447182870370355,7.7235914351851775,0.009794503144996301,0.09211526196938023,593.8141110527711,48.855879629629634
de,45,monotonous,2,48.85587962962963,1.443402030144571,65.43720601851851,15.117263888888871,7.558631944444436,0.009984580496678932,0.07313813929076772,507.9097277474845,48.855879629629634
de,45,proportional,2,48.85587962962963,1.4375576745616734,65.05196990740741,14.732027777777773,7.366013888888887,0.009930841542946793,0.19875867700685315,1096.434597974777,48.855879629629634
de,45,full_power,3,48.85587962962963,1.5490618271301138,72.34468518518518,22.024743055555547,7.341581018518515,0.009994430311988862,0.009946022182677709,234.90820426950194,48.855879629629634
de,45,mixed,3,48.85587962962963,1.4936942479237159,68.90415740740741,18.584215277777773,6.194738425925924,0.00988127791401373,0.24607510247834732,1894.9176568238352,48.855879629629634
de,45,monotonous,3,48.85587962962963,1.5206090433712705,70.45955092592592,20.139608796296287,6.7132029320987625,0.009986466265078922,0.14282114889584288,1169.9519393027442,48.855879629629634
de,45,proportional,3,48.85587962962963,1.449707782220855,65.67084722222222,15.350905092592583,5.116968364197528,0.00979654325549633,0.4268804535358557,3166.0275957010417,48.855879629629634
de,45,full_power,4,48.85587962962963,1.5669024915410643,73.64525231481481,23.325310185185174,5.8313275462962935,0.009887186868112796,0.20853485387747916,2120.0296521101254,48.855879629629634
de,45,mixed,4,48.85587962962963,1.5209166410335282,70.48440509259258,20.164462962962943,5.041115740740736,0.009899291648524843,0.37598575908152904,3691.588675421728,48.855879629629634
de,45,monotonous,4,48.85587962962963,1.554137188557367,72.7315439814815,22.411601851851856,5.602900462962964,0.009768581867535788,0.25655665653677373,2568.7092657554253,48.855879629629634
de,45,proportional,4,48.85587962962963,1.4560135342971394,66.09327777777779,15.773335648148148,3.943333912037037,0.009918993160961386,0.5571403871162075,5391.868779854353,48.855879629629634
de,48,fb_only,0,49.09423611111111,1.0930468617831162,52.30580324074074,0.0,,0.00969555319620425,,159.97662773737014,49.09423611111111
de,48,full_power,1,49.09423611111111,1.215022838775165,60.24422916666666,7.938425925925927,7.938425925925927,0.00974245471874443,0.009750718028067557,183.6256873531296,49.09423611111111
de,48,mixed,1,49.09423611111111,1.2288952799864659,61.15660185185185,8.850798611111117,8.850798611111117,0.009730085429069005,0.03257281172849446,236.96222589468658,49.09423611111111
de,48,monotonous,1,49.09423611111111,1.2241583488411436,60.8604074074074,8.554604166666664,8.554604166666664,0.009707769986789978,0.03732665192457443,247.74653019708626,49.09423611111111
de,48,proportional,1,49.09423611111111,1.2304178649974624,61.22382175925925,8.918018518518515,8.918018518518515,0.009809390592803622,0.02340823604563766,216.7706665443257,49.09423611111111
de,48,full_power,2,49.09423611111111,1.3589917103704956,66.70738657407408,14.401583333333342,7.200791666666671,0.009832022809822495,0.009980667043894626,209.05766613202476,49.09423611111111
de,48,mixed,2,49.09423611111111,1.3755709693791236,67.52178935185185,15.215986111111114,7.607993055555557,0.009675643484875967,0.07543987975687838,513.6120333197268,49.09423611111111
de,48,monotonous,2,49.09423611111111,1.3649128743021486,67.06949074074075,14.76368750000001,7.381843750000005,0.009652421231126338,0.06405175926402285,459.79580478037974,49.09423611111111
de,48,proportional,2,49.09423611111111,1.3518863136525123,66.236625,13.930821759259267,6.9654108796296335,0.009912839062764665,0.18930814478983343,1051.7956598895153,49.09423611111111
de,48,full_power,3,49.09423611111111,1.5105735070208086,74.6332337962963,22.32743055555556,7.442476851851853,0.009741786803900757,0.009943949225997381,230.72499691693207,49.09423611111111
de,48,mixed,3,49.09423611111111,1.4501776349179496,71.32432175925928,19.01851851851854,6.3395061728395135,0.009959564615169942,0.20125407254513614,1580.7589787229722,49.09423611111111
de,48,monotonous,3,49.09423611111111,1.4813060395872102,72.77295370370369,20.467150462962955,6.822383487654318,0.009970080720974887,0.10194952229964824,882.02706984101,49.09423611111111
de,48,proportional,3,49.09423611111111,1.374894264929792,67.49212268518518,15.186319444444443,5.062106481481481,0.009667795700614924,0.40869484182680876,3035.9129258372263,49.09423611111111
de,48,full_power,4,49.09423611111111,1.6467602774488241,81.37871296296295,29.072909722222214,7.268227430555553,0.009988801888747565,0.07826522456668923,899.2560984981466,49.09423611111111
de,48,mixed,4,49.09423611111111,1.490610725765522,73.24133796296294,20.935534722222208,5.233883680555552,0.009994833553944678,0.33029548208662424,3264.4075575409693,49.09423611111111
de,48,monotonous,4,49.09423611111111,1.5694467941126713,77.21149537037037,24.905692129629635,6.226423032407409,0.009914643810084675,0.1729132733972267,1786.2097804259724,49.09423611111111
de,48,proportional,4,49.09423611111111,1.3862290644560988,67.8585648148148,15.552761574074061,3.8881903935185154,0.009981828719092888,0.5420908890575248,5251.681076780845,49.09423611111111
de,49,fb_only,0,50.03483796296295,1.0907519446845289,53.311770833333334,0.0,,0.009897035679981176,,163.3010887196894,50.03483796296296
de,49,full_power,1,50.03483796296295,1.22990492653414,61.97289351851851,8.661122685185177,8.661122685185177,0.009861330967563966,0.009904804696575446,185.94863278297146,50.03483796296296
de,49,mixed,1,50.03483796296295,1.2423509075194468,62.74820601851852,9.43643518518519,9.43643518518519,0.009649480987819162,0.030048405805389422,229.70999631845976,50.03483796296296
de,49,monotonous,1,50.03483796296295,1.237856525496975,62.485462962962956,9.173692129629622,9.173692129629622,0.009860623611981338,0.03332974696727495,240.8918759829191,50.03483796296296
de,49,proportional,1,50.03483796296295,1.2554883318928263,63.509171296296294,10.19740046296296,10.19740046296296,0.009813217351508864,0.017639406942481006,203.3001349869567,50.03483796296296
de,49,full_power,2,50.03483796296295,1.3687121866897147,69.58742592592593,16.275655092592594,8.137827546296297,0.00971938411367584,0.009947055137568368,207.04142058112217,50.03483796296296
de,49,mixed,2,50.03483796296295,1.3878997407087295,70.69690277777778,17.385131944444446,8.692565972222223,0.009796061778816404,0.05281688678997409,409.45185216902905,50.03483796296296
de,49,monotonous,2,50.03483796296295,1.3820224719101124,70.42860416666666,17.116833333333325,8.558416666666663,0.009800806375059552,0.036695253481856815,333.88743452535476,50.03483796296296
de,49,proportional,2,50.03483796296295,1.365600691443388,69.32385185185186,16.012081018518522,8.006040509259261,0.009906197081345458,0.15427168740303793,887.295009137254,50.03483796296296
de,49,full_power,3,50.03483796296295,1.5076923076923077,76.79175925925925,23.479988425925917,7.826662808641973,0.009962326508157048,0.009950912512972972,234.41290965089507,50.03483796296296
de,49,mixed,3,50.03483796296295,1.4646499567847882,74.5586736111111,21.24690277777777,7.0823009259259235,0.00981232205620972,0.17198112464493115,1372.306469178486,50.03483796296296
de,49,monotonous,3,50.03483796296295,1.486257562662057,75.9850625,22.673291666666664,7.557763888888888,0.009786040611924835,0.08155513386945726,735.4547022699999,50.03483796296296
de,49,proportional,3,50.03483796296295,1.3953327571305099,70.95034722222222,17.638576388888886,5.879525462962962,0.009732834456244673,0.37490359320451566,2799.1632575014182,50.03483796296296
de,49,full_power,4,50.03483796296295,1.64114088159032,84.91369675925925,31.60192592592592,7.90048148148148,0.009920994132414134,0.030517373366400653,450.0714348551369,50.03483796296296
de,49,mixed,4,50.03483796296295,1.5182368193604148,77.46943287037037,24.157662037037035,6.039415509259259,0.009947470068150147,0.28995953825400694,2885.113563100079,50.03483796296296
de,49,monotonous,4,50.03483796296295,1.5673292999135695,80.20043055555556,26.888659722222222,6.7221649305555555,0.009708458420404596,0.14414647801769992,1512.8601136547718,50.03483796296296
de,49,proportional,4,50.03483796296295,1.4131374243733794,72.03353935185186,18.721768518518523,4.680442129629631,0.009763255453815973,0.5128647045551026,4973.816102533046,50.03483796296296
de,50,fb_only,0,48.35933472222222,1.080314672521039,49.36825462962963,0.0,,0.009717590131131047,,160.34023716366227,48.3593287037037
de,50,full_power,1,48.35933472222222,1.1657519209659715,55.59273611111111,6.224481481481476,6.224481481481476,0.009646725904300013,0.009749981283525274,182.0444335121005,48.3593287037037
de,50,mixed,1,48.35933472222222,1.1844127332601537,56.694618055555544,7.326363425925912,7.326363425925912,0.009770873659273897,0.037850578249894996,250.01687195227296,48.3593287037037
de,50,monotonous,1,48.35933472222222,1.177277716794731,56.04323842592593,6.674983796296296,6.674983796296296,0.009965153217598088,0.04970512042395009,281.0332406049554,48.3593287037037
de,50,proportional,1,48.35933472222222,1.1867910720819612,56.93448379629629,7.566229166666659,7.566229166666659,0.009921626902865584,0.023788991485324328,219.515817921853,48.3593287037037
de,50,full_power,2,48.35933472222222,1.2819246249542626,62.359886574074075,12.991631944444443,6.495815972222221,0.009863160091569194,0.009918088307016548,209.27781184741335,48.3593287037037
de,50,mixed,2,48.35933472222222,1.2813757775338457,62.325837962962964,12.957583333333332,6.478791666666666,0.009837366504030163,0.11075730529364229,681.9898237542674,48.3593287037037
de,50,monotonous,2,48.35933472222222,1.2548481522136845,61.122493055555545,11.754238425925912,5.877119212962956,0.009660703581156622,0.12213842490194972,732.4750987290324,48.3593287037037
de,50,proportional,2,48.35933472222222,1.2469813391877058,60.79146759259259,11.423212962962957,5.711606481481478,0.009991166133870888,0.23945361340671562,1288.3705953131791,48.3593287037037
de,50,full_power,3,48.35933472222222,1.4037687522868643,68.83778240740742,19.469527777777785,6.489842592592595,0.009923409506068315,0.013235688330106637,256.88903131741773,48.3593287037037
de,50,mixed,3,48.35933472222222,1.31485547017929,64.22664814814814,14.858393518518511,4.952797839506171,0.009886410382564412,0.2858636424142107,2175.0340866235274,48.3593287037037
de,50,monotonous,3,48.35933472222222,1.335528723015002,65.3957662037037,16.02751157407407,5.342503858024689,0.009979496621286716,0.19345962922263207,1526.2305647201154,48.3593287037037
de,50,proportional,3,48.35933472222222,1.265642151481888,61.51963657407407,12.151381944444438,4.050460648148146,0.009865493106377268,0.45309457653148494,3351.660265883816,48.3593287037037
de,50,full_power,4,48.35933472222222,1.4037687522868643,68.83778240740742,19.469527777777785,4.867381944444446,0.009923409506068315,0.2688991812265476,2687.0861734800496,48.3593287037037
de,50,mixed,4,48.35933472222222,1.3336992316136114,65.25699305555555,15.888738425925922,3.9721846064814805,0.009646830298338727,0.42261449722327726,4124.987141865823,48.3593287037037
de,50,monotonous,4,48.35933472222222,1.394255396999634,68.29435416666665,18.926099537037018,4.7315248842592545,0.009952373046916171,0.2986130011086867,2966.398557678033,48.3593287037037
de,50,proportional,4,48.35933472222222,1.274240761068423,61.934550925925926,12.566296296296294,3.1415740740740734,0.009884122150185741,0.5826925109891995,5631.074538600712,48.3593287037037
de,51,fb_only,0,44.980749074074076,1.138440330838913,49.61669212962963,0.0,,0.009892061388595084,,163.21901291181888,44.97813888888889
de,51,full_power,1,44.980749074074076,1.2331626624655376,56.27217592592593,6.655483796296302,6.655483796296302,0.009922843192168926,0.009864522115324176,186.8690815533378,44.97813888888889
de,51,mixed,1,44.980749074074076,1.257975580937377,57.59472222222222,7.97803009259259,7.97803009259259,0.00965838036900505,0.0429127669746135,260.0366274110266,44.97813888888889
de,51,monotonous,1,44.980749074074076,1.2532493107522646,57.39634259259259,7.779650462962962,7.779650462962962,0.009819988345872142,0.05872335289231448,299.7947935922601,44.97813888888889
de,51,proportional,1,44.980749074074076,1.2630957069712485,57.756872685185186,8.14018055555556,8.14018055555556,0.009780811076409312,0.020289341991105634,208.98217907188746,44.97813888888889
de,51,full_power,2,44.980749074074076,1.3940527766837338,63.689490740740744,14.072798611111118,7.036399305555559,0.009785950165792529,0.009992065209797578,208.35094769994697,44.97813888888889
de,51,mixed,2,44.980749074074076,1.4157148483654982,64.67703240740741,15.060340277777783,7.5301701388888915,0.00983252318883323,0.07578426494499806,517.8164037376791,44.97813888888889
de,51,monotonous,2,44.980749074074076,1.37810161480898,63.17512962962963,13.558437500000004,6.779218750000002,0.009826471448576636,0.09769080058151072,620.5020152299628,44.97813888888889
de,51,proportional,2,44.980749074074076,1.373769200472627,63.04857638888889,13.431884259259263,6.7159421296296316,0.00970411228820309,0.17730487493407643,992.0323259460376,44.97813888888889
de,51,full_power,3,44.980749074074076,1.5313115399763686,70.646625,21.029932870370374,7.009977623456791,0.009870430755298365,0.009957361475579615,232.94201752755234,44.97813888888889
de,51,mixed,3,44.980749074074076,1.4558881449389522,66.82296296296296,17.206270833333335,5.735423611111112,0.009785374865463815,0.24626698510088688,1894.6857264201947,44.97813888888889
de,51,monotonous,3,44.980749074074076,1.4675068924773533,67.61192824074074,17.99523611111111,5.9984120370370375,0.009739654302410566,0.1756744896889932,1397.1013544209086,44.97813888888889
de,51,proportional,3,44.980749074074076,1.419456478928712,64.85601851851851,15.239326388888884,5.079775462962961,0.00985033675641289,0.3910617126483589,2914.8228900999625,44.97813888888889
de,51,full_power,4,44.980749074074076,1.5360378101614809,70.96123842592593,21.3445462962963,5.336136574074075,0.009706931308519406,0.25226925964750374,2527.4590991227456,44.97813888888889
de,51,mixed,4,44.980749074074076,1.4690823158723907,67.7314074074074,18.114715277777776,4.528678819444444,0.009990157349607866,0.39405183241027497,3862.6199916065502,44.97813888888889
de,51,monotonous,4,44.980749074074076,1.5242221346987004,70.32971064814815,20.713018518518524,5.178254629629631,0.009869316877266082,0.286803844372793,2854.2110040691796,44.97813888888889
de,51,proportional,4,44.980749074074076,1.4222134698700275,64.983125,15.366432870370375,3.8416082175925936,0.009647427095399865,0.5381523182449419,5209.203901484632,44.97813888888889
de,52,fb_only,0,48.094647935956786,1.0426287744227354,49.2721261574074,0.0,,0.009926677386764355,,163.79017688161187,48.094626157407404
de,52,full_power,1,48.094647935956786,1.163854351687389,56.53035763888889,7.258231481481488,7.258231481481488,0.00998477430181674,0.009838339112594156,187.8295195381221,48.094626157407404
de,52,mixed,1,48.094647935956786,1.1765097690941386,57.53709375,8.264967592592598,8.264967592592598,0.009713181418321504,0.04334595920283319,261.9571136921515,48.094626157407404
de,52,monotonous,1,48.094647935956786,1.169404973357016,56.94492476851851,7.672798611111112,7.672798611111112,0.009742372311461274,0.0645011462731228,312.0688322958571,48.094626157407404
de,52,proportional,1,48.094647935956786,1.1791740674955595,57.77145486111111,8.49932870370371,8.49932870370371,0.009870742659604546,0.023962963061936814,219.08436522677877,48.094626157407404
de,52,full_power,2,48.094647935956786,1.2948490230905862,62.928086805555544,13.655960648148145,6.827980324074073,0.009871383161674683,0.00994074898924024,209.51981642514747,48.094626157407404
de,52,mixed,2,48.094647935956786,1.288410301953819,62.6719988425926,13.399872685185201,6.699936342592601,0.009946665279402639,0.1247286680487808,749.3468875950231,48.094626157407404
de,52,monotonous,2,48.094647935956786,1.2833037300177619,62.43855208333333,13.166425925925928,6.583212962962964,0.00965812062551984,0.12417797192229671,742.0020345804935,48.094626157407404
de,52,proportional,2,48.094647935956786,1.2817495559502665,62.37216087962963,13.100034722222233,6.5500173611111165,0.009725310752222042,0.18885461879295307,1046.5734987881995,48.094626157407404
de,52,full_power,3,48.094647935956786,1.3880994671403197,67.6551423611111,18.383016203703704,6.127672067901234,0.009953327252111656,0.11927526801295828,1003.6892359350426,48.094626157407404
de,52,mixed,3,48.094647935956786,1.322158081705151,64.43363310185185,15.161506944444454,5.0538356481481514,0.009913769399150674,0.3071136319449549,2325.042936714579,48.094626157407404
de,52,monotonous,3,48.094647935956786,1.3341474245115452,65.01637152777778,15.744245370370379,5.24808179012346,0.009804651412533954,0.24355566339055998,1875.9215072495715,48.094626157407404
de,52,proportional,3,48.094647935956786,1.2928507992895204,62.82562847222223,13.553502314814828,4.517834104938276,0.009777977729797613,0.42744343695954007,3169.6835418629034,48.094626157407404
de,52,full_power,4,48.094647935956786,1.3880994671403197,67.6551423611111,18.383016203703704,4.595754050925926,0.009953327252111656,0.34797393380872466,3429.6172945209146,48.094626157407404
de,52,mixed,4,48.094647935956786,1.333259325044405,64.94750347222222,15.675377314814824,3.918844328703706,0.00994548882299144,0.4540270170729902,4424.690093792299,48.094626157407404
de,52,monotonous,4,48.094647935956786,1.3643428063943162,66.50174884259259,17.22962268518519,4.307405671296298,0.00986093745597623,0.38002001213436853,3728.8132618925224,48.094626157407404
de,52,proportional,4,48.094647935956786,1.294626998223801,62.915600694444436,13.643474537037036,3.410868634259259,0.0099213906763856,0.5691977682629413,5505.054803539804,48.094626157407404
de,53,fb_only,0,48.71346481481482,1.037842190016103,49.864625,0.0,,0.009920182903158346,,163.6830179021127,48.69903703703703
de,53,full_power,1,48.71346481481482,1.1541867954911433,57.12666898148147,7.262043981481476,7.262043981481476,0.009946208532585939,0.009823290762770519,187.15788091712764,48.69903703703703
de,53,mixed,1,48.71346481481482,1.1690821256038648,58.396944444444436,8.53231944444444,8.53231944444444,0.009961624221127929,0.03514287072713424,246.81197437446775,48.69903703703703
de,53,monotonous,1,48.71346481481482,1.1606280193236715,57.649923611111106,7.785298611111109,7.785298611111109,0.009847811126851413,0.05308331339608103,287.0223368202544,48.69903703703703
de,53,proportional,1,48.71346481481482,1.1749194847020934,58.82790277777778,8.963277777777783,8.963277777777783,0.009741170370608548,0.017235385624703656,201.16352579059583,48.69903703703703
de,53,full_power,2,48.71346481481482,1.2739533011272142,63.622891203703695,13.758266203703698,6.879133101851849,0.009823993049021503,0.009924936799307144,208.6636887712039,48.69903703703703
de,53,mixed,2,48.71346481481482,1.2723429951690821,63.51246527777777,13.647840277777775,6.823920138888887,0.009863113198136817,0.10885544638955033,673.4911222290276,48.69903703703703
de,53,monotonous,2,48.71346481481482,1.265901771336554,63.218967592592584,13.354342592592587,6.677171296296294,0.009945578835028428,0.10478934157185481,655.7736414331118,48.69903703703703
de,53,proportional,2,48.71346481481482,1.2636876006441224,63.1130787037037,13.248453703703703,6.6242268518518514,0.009841099613930213,0.18262268287166622,1019.2437716637064,48.69903703703703
de,53,full_power,3,48.71346481481482,1.3935185185185186,70.06455324074074,20.19992824074074,6.733309413580247,0.0097382531291711,0.034525096366787425,403.6688048607731,48.69903703703703
de,53,mixed,3,48.71346481481482,1.3134057971014492,65.98540972222222,16.12078472222222,5.373594907407406,0.009753036269037068,0.27409459507004896,2090.002858542116,48.69903703703703
de,53,monotonous,3,48.71346481481482,1.3373590982286634,67.131,17.266375000000004,5.755458333333334,0.009807773728964774,0.19442251224952634,1530.173907740085,48.69903703703703
de,53,proportional,3,48.71346481481482,1.2769726247987117,63.82952546296297,13.964900462962973,4.654966820987657,0.009732187539292848,0.4119518587376996,3059.898276194262,48.69903703703703
de,53,full_power,4,48.71346481481482,1.3935185185185186,70.06455324074074,20.19992824074074,5.049982060185185,0.0097382531291711,0.2849117473665591,2834.293013919114,48.69903703703703
de,53,mixed,4,48.71346481481482,1.33756038647343,67.14093518518519,17.27631018518519,4.319077546296297,0.009828504408432645,0.4140350847877091,4047.475558387001,48.69903703703703
de,53,monotonous,4,48.71346481481482,1.3800322061191626,69.29337962962964,19.428754629629644,4.857188657407411,0.009838622770483887,0.3151369586837525,3119.582496001318,48.69903703703703
de,53,proportional,4,48.71346481481482,1.2816022544283414,64.12611574074074,14.261490740740747,3.565372685185187,0.009695261364714875,0.5545246747540028,5363.6313604093575,48.69903703703703
de,54,fb_only,0,46.10793981481481,1.0877584110255372,49.63702083333333,0.0,,0.009936065189265826,,163.94507562288612,46.10793981481481
de,54,full_power,1,46.10793981481481,1.2241588974462911,57.91587499999999,8.278854166666662,8.278854166666662,0.009835178572103986,0.009897343206037836,185.49961360108054,46.10793981481481
de,54,mixed,1,46.10793981481481,1.2446291041751114,58.72045138888889,9.083430555555559,9.083430555555559,0.009884671232896278,0.04116053245871773,259.6596844909404,46.10793981481481
de,54,monotonous,1,46.10793981481481,1.2391568706931495,58.442085648148144,8.805064814814813,8.805064814814813,0.009703952356349006,0.05228860119996068,282.78427229486635,46.10793981481481
de,54,proportional,1,46.10793981481481,1.246453182002432,58.79676388888889,9.159743055555559,9.159743055555559,0.00983437982680185,0.025352767350104267,221.74485934557515,46.10793981481481
de,54,full_power,2,46.10793981481481,1.3842723956222132,64.56997916666667,14.932958333333339,7.466479166666669,0.009987885627920554,0.009933048218004512,211.40597509956632,46.10793981481481
de,54,mixed,2,46.10793981481481,1.3783948115119578,64.33275462962963,14.695733796296302,7.347866898148151,0.009738394857286576,0.12114639109822598,729.1023821781048,46.10793981481481
de,54,monotonous,2,46.10793981481481,1.3737332792865828,64.11904398148147,14.482023148148137,7.241011574074069,0.009683728291513235,0.11559816867341371,702.1681242256255,46.10793981481481
de,54,proportional,2,46.10793981481481,1.345156059991893,62.86890972222222,13.23188888888889,6.615944444444445,0.009663252953768457,0.23171327990201157,1246.6423830374179,46.10793981481481
de,54,full_power,3,46.10793981481481,1.5610052695581678,70.2401087962963,20.603087962962967,6.867695987654322,0.009712916074362657,0.05851627371686299,572.1006496462655,46.10793981481481
de,54,mixed,3,46.10793981481481,1.4128496149169032,66.2400486111111,16.603027777777775,5.5343425925925915,0.009910814521625495,0.30686251565565914,2323.2268247913494,46.10793981481481
de,54,monotonous,3,46.10793981481481,1.4839886501824078,67.76139814814815,18.124377314814815,6.041459104938272,0.009941310980593067,0.22110103313416835,1720.1407023780625,46.10793981481481
de,54,proportional,3,46.10793981481481,1.3749493311714633,64.17164351851851,14.534622685185177,4.844874228395059,0.009806032647578351,0.45653404972785305,3374.8861806696727,46.10793981481481
de,54,full_power,4,46.10793981481481,1.5610052695581678,70.2401087962963,20.603087962962967,5.150771990740742,0.009712916074362657,0.30286748089301535,3002.37155592704,46.10793981481481
de,54,mixed,4,46.10793981481481,1.4748682610458046,67.18748379629629,17.55046296296296,4.38761574074074,0.00999429360593543,0.442063428827811,4313.229060618113,46.10793981481481
de,54,monotonous,4,46.10793981481481,1.539319010944467,69.65338194444445,20.016361111111117,5.004090277777779,0.009767629585158422,0.3409558071065512,3360.6951820429904,46.10793981481481
de,54,proportional,4,46.10793981481481,1.3773814349412241,64.2841435185185,14.647122685185174,3.6617806712962935,0.009857848327271166,0.5858688039632058,5660.447353790698,46.10793981481481
de,55,fb_only,0,50.79048611111112,1.0884594929976954,54.63106481481481,0.0,,0.009790704818478947,,161.54662950490263,50.79048611111111
de,55,full_power,1,50.79048611111112,1.2036872894876796,62.6902800925926,8.059215277777788,8.059215277777788,0.009973874384963471,0.009894844478810026,187.7822324991856,50.79048611111111
de,55,mixed,1,50.79048611111112,1.2223010104591385,63.514476851851846,8.883412037037033,8.883412037037033,0.009710818832534003,0.03161197533115377,234.3902048636978,50.79048611111111
de,55,monotonous,1,50.79048611111112,1.2178691721326007,63.283504629629626,8.652439814814812,8.652439814814812,0.009936903807147573,0.03369624896625451,243.01031289276804,50.79048611111111
de,55,proportional,1,50.79048611111112,1.223541925190569,63.56447916666666,8.933414351851845,8.933414351851845,0.009829573103557409,0.025389017223405284,221.75059061480604,50.79048611111111
de,55,full_power,2,50.79048611111112,1.3598652721148732,70.42509027777778,15.79402546296297,7.897012731481485,0.00969012952072985,0.009963330432530457,206.63508348147545,50.79048611111111
de,55,mixed,2,50.79048611111112,1.3758198900904095,71.10658796296296,16.47552314814815,8.237761574074074,0.00992804944460431,0.046288502413771,380.9984691613846,50.79048611111111
de,55,monotonous,2,50.79048611111112,1.3657152987059031,70.73557175925926,16.104506944444445,8.052253472222223,0.009879794330327719,0.03127912120385918,309.7782431389146,50.79048611111111
de,55,proportional,2,50.79048611111112,1.3513561425279206,69.94241435185185,15.311349537037039,7.655674768518519,0.009863354018233855,0.1503801136532046,868.3288345616946,50.79048611111111
de,55,full_power,3,50.79048611111112,1.5392660875731254,79.24923842592592,24.61817361111111,8.20605787037037,0.009878946304811011,0.009943849967033477,232.9874300973633,50.79048611111111
de,55,mixed,3,50.79048611111112,1.4954795249069315,76.6873935185185,22.05632870370369,7.3521095679012305,0.009791131605632804,0.1335379314682119,1101.3936331662167,50.79048611111111
de,55,monotonous,3,50.79048611111112,1.5382024463747563,79.1605023148148,24.529437499999993,8.176479166666665,0.009908537582896148,0.029381591149918004,370.27850863090936,50.79048611111111
de,55,proportional,3,50.79048611111112,1.3820244637475625,71.55495601851851,16.923891203703697,5.641297067901232,0.009759858574400336,0.3631366488741982,2716.7934012542123,50.79048611111111
de,55,full_power,4,50.79048611111112,1.6677893990427228,87.05780555555555,32.42674074074073,8.106685185185183,0.009900632156729752,0.022287195097964806,372.50346938534267,50.79048611111111
de,55,mixed,4,50.79048611111112,1.5447615670980324,79.76532407407407,25.13425925925926,6.283564814814815,0.00984583924822158,0.26274416181882015,2628.0475621034643,50.79048611111111
de,55,monotonous,4,50.79048611111112,1.6091118595993619,83.9743101851852,29.34324537037039,7.3358113425925975,0.009791600495698539,0.11699222876752105,1259.4164829334434,50.79048611111111
de,55,proportional,4,50.79048611111112,1.3995745435206524,72.50910879629629,17.878043981481476,4.469510995370369,0.009965654968756676,0.5026553747805329,4881.3513439250055,50.79048611111111
de,56,fb_only,0,45.99363425925926,1.0938063740228503,49.28706018518518,0.0,,0.009977765167061062,,164.63312525650753,45.99363425925926
de,56,full_power,1,45.99363425925926,1.2180797755061135,57.259395833333336,7.972335648148153,7.972335648148153,0.009943087534635632,0.009807324114791042,187.06892669478773,45.99363425925926
de,56,mixed,1,45.99363425925926,1.2443375425937062,58.44579398148147,9.15873379629629,9.15873379629629,0.009696185989399165,0.0394317828390617,252.49403136552496,45.99363425925926
de,56,monotonous,1,45.99363425925926,1.2379234315494088,58.179571759259254,8.89251157407407,8.89251157407407,0.009768785917406325,0.05086810718338251,280.52154708941976,45.99363425925926
de,56,proportional,1,45.99363425925926,1.2465423932651833,58.56952777777778,9.282467592592596,9.282467592592596,0.009807022415740997,0.025967592885172804,222.73584276834185,45.99363425925926
de,56,full_power,2,45.99363425925926,1.370414912808178,64.23743055555555,14.950370370370365,7.4751851851851825,0.0099777167438317,0.0099194174072111,211.17423274785753,45.99363425925926
de,56,mixed,2,45.99363425925926,1.3668069753457606,64.06921064814816,14.782150462962974,7.391075231481487,0.009827805289321838,0.11194752029993844,687.4165525211215,45.99363425925926
de,56,monotonous,2,45.99363425925926,1.341952295049108,62.86388194444444,13.576821759259253,6.788410879629627,0.009935241752479432,0.12793092415139815,764.1833850342707,45.99363425925926
de,56,proportional,2,45.99363425925926,1.3313289236319903,62.60114814814815,13.314087962962965,6.657043981481483,0.009945360688603341,0.21511222035421043,1173.4049892639105,45.99363425925926
de,56,full_power,3,45.99363425925926,1.5261575466025254,70.01722453703704,20.730164351851855,6.910054783950618,0.009921032107344937,0.04702771759094442,494.6781061762583,45.99363425925926
de,56,mixed,3,45.99363425925926,1.4014832631789937,65.92245138888889,16.635391203703705,5.545130401234569,0.009809868534533731,0.2935080575742295,2227.572540027234,45.99363425925926
de,56,monotonous,3,45.99363425925926,1.4183203046702746,66.82557175925928,17.538511574074093,5.846170524691364,0.009725189038271681,0.21870696286564056,1699.725223779861,45.99363425925926
de,56,proportional,3,45.99363425925926,1.366406093405492,64.05174768518519,14.764687500000008,4.921562500000003,0.009815603738985828,0.43124703008566695,3197.0740594361905,45.99363425925926
de,56,full_power,4,45.99363425925926,1.5261575466025254,70.01722453703704,20.730164351851855,5.182541087962964,0.009921032107344937,0.29427139757447857,2925.1398246100985,45.99363425925926
de,56,mixed,4,45.99363425925926,1.4189216275806775,66.86442592592593,17.577365740740746,4.394341435185186,0.009787318765483473,0.42994847121826824,4196.127213542706,45.99363425925926
de,56,monotonous,4,45.99363425925926,1.515534175185408,69.55835879629629,20.271298611111106,5.067824652777777,0.009743429611579826,0.3294612559878827,3252.4310147813585,45.99363425925926
de,56,proportional,4,45.99363425925926,1.3700140308679094,64.21802777777778,14.930967592592594,3.7327418981481486,0.009919844170842084,0.5632747796792025,5449.44796132853,45.99363425925926
de,57,fb_only,0,46.88053402777777,1.0898834843721101,49.603634259259266,0.0,,0.009950044438547676,,164.17573323603665,46.88052314814814
de,57,full_power,1,46.88053402777777,1.205844275938598,57.01409490740741,7.410460648148145,7.410460648148145,0.009990247677132663,0.009849270459850911,187.9454751714992,46.88052314814814
de,57,mixed,1,46.88053402777777,1.2398742371000555,58.96977314814814,9.366138888888877,9.366138888888877,0.009947347597438297,0.02880070792797144,231.6976961567529,46.88052314814814
de,57,monotonous,1,46.88053402777777,1.21805067505086,58.209645833333326,8.60601157407406,8.60601157407406,0.009958169918993124,0.0546247699918913,292.45951406436353,46.88052314814814
de,57,proportional,1,46.88053402777777,1.2432032550397634,59.11670138888889,9.513067129629626,9.513067129629626,0.00997607609480395,0.01885304576514355,208.83450092929195,46.88052314814814
de,57,full_power,2,46.88053402777777,1.4018864434991678,65.0349837962963,15.431349537037036,7.715674768518518,0.009682659086801602,0.009981324828173717,206.5962510260175,46.88052314814814
de,57,mixed,2,46.88053402777777,1.4054004068799704,65.21169444444443,15.608060185185167,7.804030092592583,0.009821171653671735,0.06598828882621952,471.6663834582056,46.88052314814814
de,57,monotonous,2,46.88053402777777,1.4009617162936934,64.99686574074074,15.393231481481479,7.696615740740739,0.009963397619283013,0.04280967840135729,365.25907177733814,46.88052314814814
de,57,proportional,2,46.88053402777777,1.3162567042722397,63.414493055555546,13.81085879629628,6.90542939814814,0.009842498896746635,0.20821935469896696,1139.3664440438724,46.88052314814814
de,57,full_power,3,46.88053402777777,1.520251525799889,71.23340046296295,21.62976620370368,7.2099220679012275,0.009861566486136482,0.009948926147443842,232.73638924696172,46.88052314814814
de,57,mixed,3,46.88053402777777,1.4434991677455151,67.54684259259258,17.943208333333317,5.981069444444439,0.009708061209146066,0.23947846822614005,1845.6324693264835,46.88052314814814
de,57,monotonous,3,46.88053402777777,1.47364527464398,69.10243287037038,19.498798611111113,6.499599537037038,0.009947499066598895,0.1364106770887997,1124.1920799498541,46.88052314814814
de,57,proportional,3,46.88053402777777,1.4007767708525984,64.99002546296296,15.386391203703695,5.128797067901232,0.009710134585644617,0.4267779462179174,3163.880406144839,46.88052314814814
de,57,full_power,4,46.88053402777777,1.5827630848899574,75.12417824074075,25.52054398148148,6.38013599537037,0.009776713907409433,0.16922015972340054,1749.2777583166462,46.88052314814814
de,57,mixed,4,46.88053402777777,1.4749398927316442,69.14062037037037,19.536986111111105,4.884246527777776,0.009940086080380025,0.3712263818918835,3647.5997879997053,46.88052314814814
de,57,monotonous,4,46.88053402777777,1.5407804697614205,72.53131712962964,22.927682870370376,5.731920717592594,0.009888139430790699,0.23248613655514472,2344.8042060415246,46.88052314814814
de,57,proportional,4,46.88053402777777,1.4042907342334012,65.15281944444443,15.549185185185166,3.8872962962962916,0.009825846146348393,0.560593813100786,5422.738803552525,46.88052314814814
de,59,fb_only,0,45.51481481481482,1.0861180064922666,48.201775462962964,0.0,,0.009673214338509928,,159.6080365854138,45.51481481481481
de,59,full_power,1,45.51481481481482,1.2092801222073706,55.92425,7.722474537037037,7.722474537037037,0.009724222938031601,0.009944152921150574,183.77866123054065,45.51481481481481
de,59,mixed,1,45.51481481481482,1.22932976895169,57.04939814814814,8.84762268518518,8.84762268518518,0.009716391416509563,0.034540974051946616,241.35358349827453,45.51481481481481
de,59,monotonous,1,45.51481481481482,1.2184456750047736,56.52730324074074,8.32552777777778,8.32552777777778,0.009888389311742313,0.048034454627474125,275.8472541998025,45.51481481481481
de,59,proportional,1,45.51481481481482,1.2316211571510407,57.21974537037036,9.017969907407398,9.017969907407398,0.009652586434523325,0.024360286522520095,216.416908351467,45.51481481481481
de,59,full_power,2,45.51481481481482,1.3849532174909298,62.350090277777774,14.14831481481481,7.074157407407405,0.009775233027899705,0.00992078204342801,207.83965430810935,45.51481481481481
de,59,mixed,2,45.51481481481482,1.3820889822417415,62.24497916666666,14.043203703703696,7.021601851851848,0.009764818054785629,0.11775769185728109,713.6385880983257,45.51481481481481
de,59,monotonous,2,45.51481481481482,1.3786518999427153,62.076870370370365,13.875094907407401,6.937547453703701,0.009813205787432009,0.09925247291523223,627.6104984108978,45.51481481481481
de,59,proportional,2,45.51481481481482,1.3532556807332443,60.778412037037036,12.576636574074072,6.288318287037036,0.009981609753576023,0.24011814248060961,1291.3308854530246,45.51481481481481
de,59,full_power,3,45.51481481481482,1.5132709566545732,68.99903009259259,20.797254629629627,6.932418209876542,0.00983294222836518,0.009983197373561766,232.50528988315318,45.51481481481481
de,59,mixed,3,45.51481481481482,1.4179873973649035,64.19114814814816,15.989372685185195,5.329790895061731,0.009807336157469279,0.2924778990672161,2220.28050023331,45.51481481481481
de,59,monotonous,3,45.51481481481482,1.4460569028069505,65.84881018518519,17.647034722222223,5.882344907407408,0.00982146208880911,0.1920305557995061,1513.5651761822742,45.51481481481481
de,59,proportional,3,45.51481481481482,1.3780790528928777,62.04857407407407,13.846798611111105,4.615599537037035,0.009849187730761159,0.46164831762849456,3411.5924570269035,45.51481481481481
de,59,full_power,4,45.51481481481482,1.5138438037044109,69.03748379629629,20.835708333333322,5.2089270833333305,0.009821572607444541,0.26327006450357887,2632.582233324419,45.51481481481481
de,59,mixed,4,45.51481481481482,1.4424288714913118,65.73609722222221,17.53432175925925,4.383580439814812,0.009936043208033879,0.42249023906379585,4128.593116307219,45.51481481481481
de,59,monotonous,4,45.51481481481482,1.5008592705747565,68.08722453703703,19.885449074074067,4.971362268518517,0.009961682252409685,0.3008021458913759,2987.0950942094314,45.51481481481481
de,59,proportional,4,45.51481481481482,1.3799885430590033,62.14347916666666,13.941703703703695,3.4854259259259237,0.00979470621912727,0.5898392507503653,5696.664181657028,45.51481481481481
de,60,fb_only,0,48.24014444444445,1.0882876468494127,51.26334259259259,0.0,,0.009951120471681785,,164.19348778274946,48.24013888888889
de,60,full_power,1,48.24014444444445,1.2543609825560698,59.692326388888894,8.4289837962963,8.4289837962963,0.009902875623037018,0.00997892384325563,186.8080031163885,48.24013888888889
de,60,mixed,1,48.24014444444445,1.2678889284442862,60.55156018518518,9.288217592592588,9.288217592592588,0.00969621222895355,0.026424371995084645,221.97907847820215,48.24013888888889
de,60,monotonous,1,48.24014444444445,1.2625489498042008,60.27152083333333,9.008178240740733,9.008178240740733,0.009847647105447596,0.02394292705299306,218.65628410620707,48.24013888888889
de,60,proportional,1,48.24014444444445,1.2702029191883233,60.71931712962963,9.455974537037036,9.455974537037036,0.009715291855661603,0.021607982917776217,210.99464354351946,48.24013888888889
de,60,full_power,2,48.24014444444445,1.3942684229263083,66.3777337962963,15.114391203703704,7.557195601851852,0.009657419690209359,0.009987672129762912,206.209582521302,48.24013888888889
de,60,mixed,2,48.24014444444445,1.4049483802064793,66.89012037037037,15.626777777777775,7.813388888888888,0.009682538937025094,0.07275984960845126,501.1511068237674,48.24013888888889
de,60,monotonous,2,48.24014444444445,1.3937344250622998,66.35019907407407,15.086856481481476,7.543428240740738,0.009984312299310778,0.05823852588714246,437.9963164011002,48.24013888888889
de,60,proportional,2,48.24014444444445,1.3789604841580634,65.56807175925925,14.304729166666661,7.1523645833333305,0.009828475760233291,0.2007722183287978,1104.1930984425685,48.24013888888889
de,60,full_power,3,48.24014444444445,1.5461018155927377,73.72629166666667,22.462949074074075,7.487649691358025,0.009847085347500385,0.009972528596637815,232.6635644968933,48.24013888888889
de,60,mixed,3,48.24014444444445,1.491812032751869,70.73071527777778,19.467372685185182,6.4891242283950605,0.009875999235810782,0.2036627577340439,1596.332476323079,48.24013888888889
de,60,monotonous,3,48.24014444444445,1.524741901032396,72.2347199074074,20.971377314814802,6.990459104938267,0.009914838879657707,0.09591952611957447,838.6764663439172,48.24013888888889
de,60,proportional,3,48.24014444444445,1.3988964044143823,66.63904629629629,15.375703703703692,5.125234567901231,0.009805167020705273,0.42087311892137935,3123.8902668103046,48.24013888888889
de,60,full_power,4,48.24014444444445,1.6420434318262727,77.83747685185186,26.574134259259267,6.643533564814817,0.009791381296107451,0.10166980560938044,1115.627247224199,48.24013888888889
de,60,mixed,4,48.24014444444445,1.5272338910644356,72.39071296296297,21.12737037037037,5.281842592592593,0.009941183561107328,0.3337864330356801,3296.281416365093,48.24013888888889
de,60,monotonous,4,48.24014444444445,1.6133855464578142,76.16478472222222,24.90144212962963,6.225360532407407,0.009922469761649974,0.17487763378393648,1804.7724664956845,48.24013888888889
de,60,proportional,4,48.24014444444445,1.4065503737985048,67.00739814814814,15.744055555555548,3.936013888888887,0.009913830810939646,0.5519791100833977,5343.350177403108,48.24013888888889
de,61,fb_only,0,48.740335185185174,1.0938910100659494,50.60747685185185,0.0,,0.009849153840178254,,162.5110383629412,48.740324074074074
de,61,full_power,1,48.740335185185174,1.225616105518917,59.17264583333333,8.565168981481477,8.565168981481477,0.009661708047269454,0.009992126694250253,182.8597120046571,48.740324074074074
de,61,mixed,1,48.740335185185174,1.2462686567164178,60.443009259259256,9.835532407407406,9.835532407407406,0.009788218654142651,0.02851108113830784,228.39260414382392,48.740324074074074
de,61,monotonous,1,48.740335185185174,1.240194376952447,60.02479398148147,9.417317129629623,9.417317129629623,0.009972024771526693,0.025063621020708842,223.3376636447734,48.740324074074074
de,61,proportional,1,48.740335185185174,1.2476570635196111,60.557583333333326,9.950106481481477,9.950106481481477,0.009909548471678652,0.024800150997792023,221.68870402351786,48.740324074074074
de,61,full_power,2,48.740335185185174,1.3531759805623047,65.64970370370371,15.042226851851858,7.521113425925929,0.009979512571183286,0.009994756895241805,211.55735677699877,48.740324074074074
de,61,mixed,2,48.740335185185174,1.359770912877473,66.08814814814815,15.4806712962963,7.74033564814815,0.00978241342296395,0.08791870438664943,573.9243824610643,48.740324074074074
de,61,monotonous,2,48.740335185185174,1.3531759805623047,65.64970370370371,15.042226851851858,7.521113425925929,0.009741467922579683,0.06784749521623679,479.0746682771478,48.740324074074074
de,61,proportional,2,48.740335185185174,1.343977785491149,65.20346296296296,14.59598611111111,7.297993055555555,0.009827320774399928,0.19655386653456952,1084.3815345577991,48.740324074074074
de,61,full_power,3,48.740335185185174,1.4852481777160709,72.57897916666666,21.971502314814806,7.3238341049382685,0.009900760520719759,0.009979933914145101,233.60132347962923,48.740324074074074
de,61,mixed,3,48.740335185185174,1.4170426935091982,69.0818773148148,18.474400462962954,6.158133487654318,0.009690116268454691,0.22906140806375588,1772.0211083822164,48.740324074074074
de,61,monotonous,3,48.740335185185174,1.4526206178410275,70.8173449074074,20.209868055555553,6.736622685185185,0.009709243538080517,0.12483125780273616,1038.7649107939856,48.740324074074074
de,61,proportional,3,48.740335185185174,1.359770912877473,66.08814814814815,15.4806712962963,5.1602237654321,0.00972130175732743,0.41118083114253245,3054.2921685770457,48.740324074074074
de,61,full_power,4,48.740335185185174,1.5527594585213467,76.4245462962963,25.81706944444445,6.454267361111112,0.009883063732094773,0.1621205591086894,1684.409878255505,48.740324074074074
de,61,mixed,4,48.740335185185174,1.4541825754946198,70.91287962962961,20.305402777777765,5.076350694444441,0.009650353195611541,0.35631704507412343,3502.909978703165,48.740324074074074
de,61,monotonous,4,48.740335185185174,1.5137105171815342,73.94667592592592,23.339199074074067,5.834799768518517,0.009998882982336995,0.22337368812343425,2261.120258558867,48.740324074074074
de,61,proportional,4,48.740335185185174,1.3694897604998264,66.71161574074073,16.104138888888876,4.026034722222219,0.009685379106777128,0.5448098408309496,5272.304301619454,48.740324074074074
de,62,fb_only,0,45.35662037037038,1.1402646502835538,46.718625,0.0,,0.009866039198409064,,162.78964677374955,45.356620370370365
de,62,full_power,1,45.35662037037038,1.245179584120983,53.59722222222222,6.8785972222222185,6.8785972222222185,0.009840296289405028,0.009816922159378412,185.3953881610847,45.356620370370365
de,62,mixed,1,45.35662037037038,1.271077504725898,55.755405092592596,9.036780092592593,9.036780092592593,0.00995753256090358,0.02702571597268818,227.70161692683553,45.356620370370365
de,62,monotonous,1,45.35662037037038,1.2517958412098298,54.252726851851854,7.534101851851851,7.534101851851851,0.009893328552498809,0.06452126273121844,314.60680348366884,45.356620370370365
de,62,proportional,1,45.35662037037038,1.27882797731569,56.22647916666667,9.507854166666668,9.507854166666668,0.009926067689265084,0.016160795642166,201.69334344939534,45.356620370370365
de,62,full_power,2,45.35662037037038,1.3763705103969754,61.262106481481474,14.543481481481471,7.271740740740736,0.009682603694098063,0.009964629371838875,206.51700196528606,45.356620370370365
de,62,mixed,2,45.35662037037038,1.3703213610586011,60.870094907407406,14.151469907407403,7.0757349537037015,0.009716928522989486,0.11475392019279512,698.7547141739212,45.356620370370365
de,62,monotonous,2,45.35662037037038,1.3612476370510398,60.33278240740741,13.614157407407404,6.807078703703702,0.009887338275382813,0.11052586787549247,681.7284536156271,45.356620370370365
de,62,proportional,2,45.35662037037038,1.3572778827977316,60.0354375,13.316812499999997,6.658406249999999,0.009733862254171811,0.20266396779061077,1111.5080640673807,45.356620370370365
de,62,full_power,3,45.35662037037038,1.454820415879017,65.21914351851852,18.50051851851852,6.166839506172839,0.00994830686702305,0.08159242503976219,738.3945507357267,45.356620370370365
de,62,mixed,3,45.35662037037038,1.4069943289224953,62.78354861111111,16.064923611111105,5.354974537037035,0.009999621401437455,0.28960608132443755,2203.2413534851094,45.356620370370365
de,62,monotonous,3,45.35662037037038,1.4232514177693762,63.495127314814816,16.776502314814813,5.592167438271605,0.009892021281362637,0.21418351276471106,1670.64191398052,45.356620370370365
de,62,proportional,3,45.35662037037038,1.3705103969754253,60.88447916666667,14.16585416666667,4.72195138888889,0.009668490923421875,0.4328058039928997,3205.617348738489,45.356620370370365
de,62,full_power,4,45.35662037037038,1.454820415879017,65.21914351851852,18.50051851851852,4.62512962962963,0.00994830686702305,0.3200002049068859,3167.028986152098,45.356620370370365
de,62,mixed,4,45.35662037037038,1.422117202268431,63.449905092592594,16.73128009259259,4.182820023148148,0.009974491172553536,0.4331577998883774,4229.331898499667,45.356620370370365
de,62,monotonous,4,45.35662037037038,1.4406427221172022,64.38994212962962,17.671317129629614,4.4178292824074035,0.00987247763245657,0.3548645759900055,3492.945062025745,45.356620370370365
de,62,proportional,4,45.35662037037038,1.372022684310019,61.005974537037034,14.28734953703703,3.5718373842592577,0.009789877629514318,0.5716755910178536,5526.136726998525,45.356620370370365
de,63,fb_only,0,50.43435185185185,1.1229197561377493,53.69054629629629,0.0,,0.009873284374540218,,162.9091921799136,50.43435185185185
de,63,full_power,1,50.43435185185185,1.2432031636183885,62.190708333333326,8.500162037037036,8.500162037037036,0.009739545179782386,0.009952371721659699,184.05075952542302,50.43435185185185
de,63,mixed,1,50.43435185185185,1.2544076454111057,62.899675925925926,9.209129629629636,9.209129629629636,0.00992906335694525,0.03144517332397466,237.59992200764117,50.43435185185185
de,63,monotonous,1,50.43435185185185,1.2507826660075796,62.64429861111111,8.953752314814821,8.953752314814821,0.009653061067764795,0.034505831085874496,240.22618734558068,50.43435185185185
de,63,proportional,1,50.43435185185185,1.266600757950239,63.57437037037037,9.883824074074077,9.883824074074077,0.00981667135342041,0.019543727021227468,207.82466092323642,50.43435185185185
de,63,full_power,2,50.43435185185185,1.3850716757291153,69.68547222222222,15.994925925925926,7.997462962962963,0.00977095407007176,0.009932212302879872,207.82268228129638,50.43435185185185
de,63,mixed,2,50.43435185185185,1.421651013346515,71.25645833333333,17.565912037037037,8.782956018518519,0.009968955862631926,0.02664449585179694,289.503746270058,50.43435185185185
de,63,monotonous,2,50.43435185185185,1.400230680507497,70.60692129629629,16.916375000000002,8.458187500000001,0.009999147814063601,0.02597645134863432,286.86744865984167,50.43435185185185
de,63,proportional,2,50.43435185185185,1.3844125885648377,69.63726851851851,15.94672222222222,7.97336111111111,0.009990522645314442,0.13680590019771097,806.7369073753482,50.43435185185185
de,63,full_power,3,50.43435185185185,1.5669797330696984,78.09629629629629,24.405749999999998,8.13525,0.009962742716038964,0.009980267414758869,234.62637687971582,50.43435185185185
de,63,mixed,3,50.43435185185185,1.5559400230680507,77.50034027777778,23.80979398148149,7.936597993827164,0.009876311752023631,0.1015319504125716,877.5410109120688,50.43435185185185
de,63,monotonous,3,50.43435185185185,1.565002471576866,78.0211064814815,24.330560185185206,8.11018672839507,0.009818895617874824,0.03168192375967899,384.98915711555526,50.43435185185185
de,63,proportional,3,50.43435185185185,1.4471906409622672,72.55249768518519,18.861951388888897,6.287317129629632,0.009792001048972463,0.3285074528698215,2473.6034706058495,50.43435185185185
de,63,full_power,4,50.43435185185185,1.7217004448838358,87.08269444444444,33.39214814814815,8.348037037037038,0.009717033980780452,0.009957890474735458,253.775904897795,50.43435185185185
de,63,mixed,4,50.43435185185185,1.5847750865051904,79.30306481481482,25.612518518518527,6.403129629629632,0.009907646805955123,0.2430424118364287,2444.1861649713064,50.43435185185185
de,63,monotonous,4,50.43435185185185,1.6706211896523315,84.74463888888887,31.054092592592582,7.7635231481481455,0.009805063181462575,0.07718790688029392,886.1148606588106,50.43435185185185
de,63,proportional,4,50.43435185185185,1.4636678200692042,73.38095833333333,19.690412037037035,4.922603009259259,0.009898114455583903,0.47117211172048507,4584.797984902167,50.43435185185185
de,64,fb_only,0,48.7305787037037,1.057367984517556,51.19822685185186,0.0,,0.009852253851944933,,162.5621885570914,48.7305787037037
de,64,full_power,1,48.7305787037037,1.1524744263201547,59.283196759259255,8.084969907407398,8.084969907407398,0.009891086545541638,0.009914733206823597,186.4628921046452,48.7305787037037
de,64,mixed,1,48.7305787037037,1.1756980923417197,61.27875462962963,10.080527777777775,10.080527777777775,0.00995176179089219,0.020279010962530902,211.77862926781864,48.7305787037037
de,64,monotonous,1,48.7305787037037,1.1665745092618192,60.59893287037037,9.400706018518513,9.400706018518513,0.009997109222748126,0.027552626140152834,229.59076310014262,48.7305787037037
de,64,proportional,1,48.7305787037037,1.1786010505944153,61.46396296296296,10.265736111111103,10.265736111111103,0.009999730098990476,0.015767287608021895,201.98560336176223,48.7305787037037
de,64,full_power,2,48.7305787037037,1.2893281725186618,66.55129629629629,15.35306944444443,7.676534722222215,0.009987057391481641,0.009896109734571912,211.2189938340585,48.7305787037037
de,64,mixed,2,48.7305787037037,1.3119988941111418,67.57641435185185,16.378187499999996,8.189093749999998,0.009949890606501635,0.053986810707118096,417.4793108450751,48.7305787037037
de,64,monotonous,2,48.7305787037037,1.295687033453138,66.8866898148148,15.688462962962944,7.844231481481472,0.009995920560699034,0.05036796050389434,401.25915993580634,48.7305787037037
de,64,proportional,2,48.7305787037037,1.2858722698368814,66.35991435185186,15.1616875,7.58084375,0.009846798454397395,0.17464046523212065,981.8852373666672,48.7305787037037
de,64,full_power,3,48.7305787037037,1.425076029858999,73.58619675925925,22.387969907407395,7.462656635802465,0.009880373774861994,0.009961480866152042,233.13506962120096,48.7305787037037
de,64,mixed,3,48.7305787037037,1.3874758086812276,71.80168287037037,20.603456018518514,6.867818672839505,0.009867288849423478,0.17045739790318776,1362.4894324581228,48.7305787037037
de,64,monotonous,3,48.7305787037037,1.4206524744263203,73.20365046296297,22.005423611111112,7.335141203703704,0.009920670105852895,0.059611871107563545,583.239405601605,48.7305787037037
de,64,proportional,3,48.7305787037037,1.3125518385402266,67.61626388888888,16.418037037037024,5.472679012345675,0.009936751383590764,0.38694999350559234,2887.310452121607,48.7305787037037
de,64,full_power,4,48.7305787037037,1.7102571191595244,81.95301620370371,30.754789351851855,7.688697337962964,0.009946174675963136,0.023230726011159504,382.10901504211256,48.7305787037037
de,64,mixed,4,48.7305787037037,1.424937793751728,73.57274537037037,22.374518518518514,5.593629629629628,0.009924948201933164,0.2948961466932314,2931.0670859011807,48.7305787037037
de,64,monotonous,4,48.7305787037037,1.658833287254631,77.96854166666665,26.770314814814796,6.692578703703699,0.009857061441830893,0.12059229772725204,1294.2796356627427,48.7305787037037
de,64,proportional,4,48.7305787037037,1.315869505114736,67.89057407407407,16.69234722222221,4.173086805555553,0.0096971985689474,0.5250109362518707,5086.706402175187,48.7305787037037
de,65,fb_only,0,49.40280092592592,1.0623640319071792,52.81247916666666,0.0,,0.009814420564951742,,161.93793932170374,49.40280092592592
de,65,full_power,1,49.40280092592592,1.1858230601885424,60.807710648148145,7.995231481481483,7.995231481481483,0.009650355857611684,0.009818365192599854,182.26475639243202,49.40280092592592
de,65,mixed,1,49.40280092592592,1.1979695431472082,61.538324074074076,8.725844907407414,8.725844907407414,0.009749343048328703,0.032561369062489486,237.25313211802393,49.40280092592592
de,65,monotonous,1,49.40280092592592,1.1930746918056563,61.32075231481482,8.508273148148156,8.508273148148156,0.009968187070384245,0.040627992440909116,259.7883569277128,49.40280092592592
de,65,proportional,1,49.40280092592592,1.1999637418419145,61.64037962962963,8.827900462962965,8.827900462962965,0.009800898150664551,0.022719504659542058,215.01477741725074,49.40280092592592
de,65,full_power,2,49.40280092592592,1.3192530819434374,67.78368287037037,14.971203703703708,7.485601851851854,0.009966170240659671,0.00994554814794942,211.10632088106325,49.40280092592592
de,65,mixed,2,49.40280092592592,1.3326686004350978,68.29315046296297,15.480671296296308,7.740335648148154,0.009972725469893015,0.06689314686008359,478.4126153207469,49.40280092592592
de,65,monotonous,2,49.40280092592592,1.3216098622189993,67.90383333333334,15.091354166666676,7.545677083333338,0.009955624476711179,0.05242826517045725,410.26122404551984,49.40280092592592
de,65,proportional,2,49.40280092592592,1.3071065989847717,67.18547222222222,14.372993055555554,7.186496527777777,0.009752266231571178,0.1593628503120593,908.6428864851066,49.40280092592592
de,65,full_power,3,49.40280092592592,1.4557650471356056,74.33119444444444,21.518715277777773,7.172905092592591,0.009989765906904516,0.009988296014316592,235.12876481268466,49.40280092592592
de,65,mixed,3,49.40280092592592,1.4084481508339377,71.88586805555555,19.073388888888886,6.3577962962962955,0.009916833424275613,0.18822021249290663,1488.3216070256244,49.40280092592592
de,65,monotonous,3,49.40280092592592,1.4336475707034082,72.95014583333334,20.137666666666675,6.712555555555558,0.009809968397182187,0.09782301824488773,850.3428809610259,49.40280092592592
de,65,proportional,3,49.40280092592592,1.3439086294416243,68.79850231481481,15.98602314814815,5.328674382716049,0.009912789353539984,0.372208603133047,2783.1651731837946,49.40280092592592
de,65,full_power,4,49.40280092592592,1.5922770123277739,81.6102824074074,28.797803240740734,7.1994508101851835,0.009729818639377543,0.09617029269540847,1063.0040342034426,49.40280092592592
de,65,mixed,4,49.40280092592592,1.4441624365482233,73.72269907407407,20.91021990740741,5.227554976851852,0.009955012645679296,0.3210335778559362,3176.836803253814,49.40280092592592
de,65,monotonous,4,49.40280092592592,1.5299129804205946,79.06814814814814,26.255668981481477,6.563917245370369,0.009714424676297767,0.16892983156343136,1745.525546550153,49.40280092592592
de,65,proportional,4,49.40280092592592,1.352610587382161,69.28533796296297,16.472858796296308,4.118214699074077,0.009952120104620437,0.5158085518198383,5004.557432003599,49.40280092592592
de,67,fb_only,0,51.72444444444444,1.0494154325798908,53.37070138888889,0.0,,0.009993826828814988,,164.8981426754473,51.72444444444444
de,67,full_power,1,51.72444444444444,1.1434138737334372,60.76385648148148,7.393155092592593,7.393155092592593,0.00995043395357937,0.009997808750726027,187.63701956326287,51.72444444444444
de,67,mixed,1,51.72444444444444,1.157755261106781,62.45001620370371,9.079314814814822,9.079314814814822,0.009683721878070912,0.019663193411666342,205.9112627319393,51.72444444444444
de,67,monotonous,1,51.72444444444444,1.1526110678098207,61.86969907407407,8.49899768518518,8.49899768518518,0.009816296560323992,0.029137693890758286,230.3259231130648,51.72444444444444
de,67,proportional,1,51.72444444444444,1.1597817614964927,62.68173611111111,9.311034722222217,9.311034722222217,0.009852808303798737,0.013040617730739043,193.16462620899296,51.72444444444444
de,67,full_power,2,51.72444444444444,1.2715510522213562,68.85285416666666,15.48215277777777,7.741076388888885,0.009827072099789162,0.009956991612778692,208.8648942936788,51.72444444444444
de,67,mixed,2,51.72444444444444,1.2929072486360094,69.897875,16.52717361111111,8.263586805555555,0.009817504576873234,0.019241650227535417,252.27064838600455,51.72444444444444
de,67,monotonous,2,51.72444444444444,1.2843335931410755,69.43582175925927,16.06512037037038,8.03256018518519,0.009718640419929843,0.017200144748254233,241.06064608765126,51.72444444444444
de,67,proportional,2,51.72444444444444,1.2913484021823851,69.81617824074074,16.44547685185185,8.222738425925925,0.009756012392508243,0.04224354158773217,359.1809016060254,51.72444444444444
de,67,full_power,3,51.72444444444444,1.4107560405300077,76.00055324074073,22.62985185185184,7.54328395061728,0.00991204009658543,0.009933487617392616,233.4605474448688,51.72444444444444
de,67,mixed,3,51.72444444444444,1.4046765393608729,75.67328935185185,22.30258796296296,7.43419598765432,0.00984963076055621,0.07386770092530964,682.3997866615067,51.72444444444444
de,67,monotonous,3,51.72444444444444,1.412626656274357,76.09946296296295,22.728761574074056,7.576253858024685,0.009677845906090672,0.028860544053743428,362.80496650074235,51.72444444444444
de,67,proportional,3,51.72444444444444,1.3167575993764615,71.1237824074074,17.753081018518515,5.917693672839505,0.00994221977863426,0.243976743022726,1881.1549437414108,51.72444444444444
de,67,full_power,4,51.72444444444444,1.533904910366329,82.63502083333333,29.26431944444444,7.31607986111111,0.00998983966079199,0.010540853832206131,263.74772676449015,51.72444444444444
de,67,mixed,4,51.72444444444444,1.4258768511301636,76.89368055555556,23.522979166666673,5.880744791666668,0.009817296031016177,0.2280507792240166,2302.0138967499383,51.72444444444444
de,67,monotonous,4,51.72444444444444,1.4966484801247077,80.58094444444444,27.21024305555555,6.802560763888888,0.009925563523113932,0.09196167188778076,1026.7401271263145,51.72444444444444
de,67,proportional,4,51.72444444444444,1.3532346063912704,72.8930625,19.52236111111111,4.880590277777777,0.009940329443528323,0.4109222893777592,4020.1101993391094,51.72444444444444
de,68,fb_only,0,46.17307870370371,1.121793534932221,51.961210648148146,0.0,,0.009919792658349554,,163.67657886276763,46.1730787037037
de,68,full_power,1,46.17307870370371,1.4050052137643378,59.146516203703705,7.1853055555555585,7.1853055555555585,0.009705873184082822,0.00991727532660909,183.41283545359147,46.1730787037037
de,68,mixed,1,46.17307870370371,1.4258602711157455,60.82081018518518,8.859599537037035,8.859599537037035,0.009873980141954692,0.0444146041991835,267.1173337935369,46.1730787037037
de,68,monotonous,1,46.17307870370371,1.416266944734098,60.03972222222222,8.07851157407407,8.07851157407407,0.00983510469993688,0.07036521678515932,327.3560261269423,46.1730787037037
de,68,proportional,1,46.17307870370371,1.4289885297184568,61.0769537037037,9.115743055555555,9.115743055555555,0.009799335136907165,0.026515503770042862,223.89440160348877,46.1730787037037
de,68,full_power,2,46.17307870370371,1.5340980187695517,69.15915972222221,17.197949074074067,8.598974537037034,0.009668086815590206,0.009943654042253012,206.1790572234895,46.1730787037037
de,68,mixed,2,46.17307870370371,1.5149113660062565,67.61803009259259,15.656819444444444,7.828409722222222,0.009863573749954354,0.15158896111068834,874.0043724055965,46.1730787037037
de,68,monotonous,2,46.17307870370371,1.4986444212721586,66.374,14.412789351851849,7.2063946759259245,0.009988433397246381,0.16090056932661442,919.7546223350402,46.1730787037037
de,68,proportional,2,46.17307870370371,1.4907194994786235,65.68157407407408,13.720363425925932,6.860181712962966,0.00988823217246065,0.24796606564788615,1326.6126108654826,46.1730787037037
de,68,full_power,3,46.17307870370371,1.6500521376433785,76.9567986111111,24.99558796296295,8.331862654320984,0.009920318675174924,0.08422362188665104,756.4511089786363,46.1730787037037
de,68,mixed,3,46.17307870370371,1.5605839416058394,70.89140972222222,18.930199074074075,6.310066358024692,0.009807041028369,0.32329295381860423,2437.151985943425,46.1730787037037
de,68,monotonous,3,46.17307870370371,1.5789363920750783,72.31554629629629,20.354335648148144,6.784778549382715,0.009992919235321708,0.2500562371527098,1924.7789644635798,46.1730787037037
de,68,proportional,3,46.17307870370371,1.5099061522419186,67.25253472222222,15.291324074074076,5.097108024691359,0.00996078576469408,0.46417598947886046,3431.2235790696723,46.1730787037037
de,68,full_power,4,46.17307870370371,1.6500521376433785,76.9567986111111,24.99558796296295,6.248896990740738,0.009920318675174924,0.321944611375726,3184.813491290199,46.1730787037037
de,68,mixed,4,46.17307870370371,1.5791449426485922,72.33235879629629,20.371148148148144,5.092787037037036,0.009861320547099376,0.4540248778968261,4423.281243210956,46.1730787037037
de,68,monotonous,4,46.17307870370371,1.6127215849843588,74.70898148148149,22.74777083333334,5.686942708333335,0.009895066148993286,0.3718143423188098,3652.3743797781,46.1730787037037
de,68,proportional,4,46.17307870370371,1.5186652763295099,67.90815277777777,15.946942129629626,3.9867355324074065,0.009860380590932962,0.5870905115453708,5671.953640092153,46.1730787037037
de,69,fb_only,0,41.6624537037037,1.2759541984732825,53.124094907407404,0.0,,0.009846072239232168,,162.46019194733077,41.6624537037037
de,69,full_power,1,41.6624537037037,1.3885496183206107,58.533372685185185,5.409277777777781,5.409277777777781,0.009661208420211138,0.0099434492415343,182.73727085412324,41.6624537037037
de,69,mixed,1,41.6624537037037,1.4106870229007633,59.84124768518518,6.717152777777777,6.717152777777777,0.009831268741287117,0.030043379571851603,232.6977027068013,41.6624537037037
de,69,monotonous,1,41.6624537037037,1.3990458015267175,59.21372685185185,6.089631944444449,6.089631944444449,0.009951140294332927,0.047076750152375994,274.6358707139674,41.6624537037037
de,69,proportional,1,41.6624537037037,1.4158396946564886,60.110958333333336,6.986863425925932,6.986863425925932,0.009977488546160268,0.01835262160122122,207.6838112881094,41.6624537037037
de,69,full_power,2,41.6624537037037,1.5519083969465648,65.26040046296296,12.136305555555559,6.0681527777777795,0.009884081600279223,0.0099513013571385,209.77885237230103,41.6624537037037
de,69,mixed,2,41.6624537037037,1.577290076335878,65.81547685185186,12.691381944444451,6.345690972222226,0.009821209763177574,0.0752989141081068,515.352466087667,41.6624537037037
de,69,monotonous,2,41.6624537037037,1.550381679389313,65.19319907407406,12.069104166666655,6.0345520833333275,0.009696947328721109,0.07698875890270097,521.2308876953712,41.6624537037037
de,69,proportional,2,41.6624537037037,1.5360687022900763,64.43314583333333,11.309050925925924,5.654525462962962,0.009818099353816463,0.18519636691080538,1030.9399928834705,41.6624537037037
de,69,full_power,3,41.6624537037037,1.7353053435114503,74.25387731481482,21.12978240740741,7.043260802469137,0.009890636265640351,0.009989063585854862,233.4985279003123,41.6624537037037
de,69,mixed,3,41.6624537037037,1.6620229007633587,71.0851875,17.9610925925926,5.987030864197533,0.009876821141594811,0.19800851067243963,1556.5514469489444,41.6624537037037
de,69,monotonous,3,41.6624537037037,1.7213740458015268,73.24403935185185,20.11994444444445,6.70664814814815,0.009994759532079492,0.09519754838840455,834.9138778369029,41.6624537037037
de,69,proportional,3,41.6624537037037,1.5807251908396946,65.99335416666666,12.869259259259259,4.289753086419753,0.009696019492499243,0.3876743560750935,2888.4364396827455,41.6624537037037
de,69,full_power,4,41.6624537037037,1.8540076335877862,80.10570833333333,26.98161342592592,6.74540335648148,0.00997212319398014,0.10214960070921725,1123.111885755967,41.6624537037037
de,69,mixed,4,41.6624537037037,1.7280534351145038,73.63934722222221,20.51525231481481,5.128813078703702,0.009839554947104218,0.3197323606983796,3162.7211294208137,41.6624537037037
de,69,monotonous,4,41.6624537037037,1.7774809160305343,76.92298148148149,23.798886574074082,5.9497216435185205,0.009809545166090356,0.19125607963410324,1956.6045465269156,41.6624537037037
de,69,proportional,4,41.6624537037037,1.6135496183206106,67.9868125,14.862717592592595,3.715679398148149,0.009988990912483486,0.5176241881685149,5022.2037318293205,41.6624537037037
de,72,fb_only,0,47.620648148148135,1.1313259568293126,50.648756944444436,0.0,,0.009910884694486916,,163.5295974590341,47.62064814814815
de,72,full_power,1,47.620648148148135,1.290948666787593,57.337831018518514,6.689074074074078,6.689074074074078,0.009702482350514751,0.00994492422861611,183.42175102382677,47.62064814814815
de,72,mixed,1,47.620648148148135,1.309631779430437,58.45821759259258,7.809460648148146,7.809460648148146,0.009938268170040449,0.0370225587134279,250.83634754736926,47.62064814814815
de,72,monotonous,1,47.620648148148135,1.3067295483402865,58.172627314814804,7.523870370370368,7.523870370370368,0.00968135399082257,0.03442789470608334,240.51018182904392,47.62064814814815
de,72,proportional,1,47.620648148148135,1.3107201160892437,58.57038425925925,7.921627314814813,7.921627314814813,0.009812836257792095,0.03147688067991534,235.75656032865095,47.62064814814815
de,72,full_power,2,47.620648148148135,1.3903500816252494,65.32520138888889,14.67644444444445,7.338222222222225,0.00994129665966272,0.009975457745939604,210.8362426283835,47.62064814814815
de,72,mixed,2,47.620648148148135,1.3840014511155452,64.89969907407406,14.250942129629628,7.125471064814814,0.009877475377388745,0.12396003859207848,744.5988448009465,47.62064814814815
de,72,monotonous,2,47.620648148148135,1.3783783783783783,64.4064236111111,13.757666666666658,6.878833333333329,0.009863577382387297,0.11607059965345677,707.3522803834096,47.62064814814815
de,72,proportional,2,47.620648148148135,1.369853074551061,63.73517129629629,13.086414351851857,6.543207175925929,0.009753621409208015,0.21101987784156104,1151.0400200845365,47.62064814814815
de,72,full_power,3,47.620648148148135,1.5505169599129331,73.40274537037037,22.753988425925932,7.584662808641977,0.009919631907614308,0.009983896556492273,233.9405904402287,47.62064814814815
de,72,mixed,3,47.620648148148135,1.4489388717576637,68.47319212962964,17.8244351851852,5.941478395061734,0.009796621973735924,0.2593700601039027,1987.0907455779097,47.62064814814815
de,72,monotonous,3,47.620648148148135,1.4754217304552875,69.9118773148148,19.263120370370366,6.421040123456788,0.009876326863891642,0.1723498684560109,1375.9577674476168,47.62064814814815
de,72,proportional,3,47.620648148148135,1.3947034282604753,65.56538888888888,14.91663194444444,4.972210648148146,0.009931318992389877,0.41648954034754315,3095.1201483404416,47.62064814814815
de,72,full_power,4,47.620648148148135,1.569925630328315,74.43280555555555,23.78404861111111,5.946012152777778,0.009652456693734058,0.23175857587760382,2334.088011482046,47.62064814814815
de,72,mixed,4,47.620648148148135,1.481770360964992,70.24460879629629,19.595851851851855,4.898962962962964,0.009883542790475298,0.3884244037529266,3808.0530608603053,47.62064814814815
de,72,monotonous,4,47.620648148148135,1.5454380555051697,73.05474537037037,22.405988425925933,5.601497106481483,0.00971428828994749,0.2760904203519186,2751.118261366538,47.62064814814815
de,72,proportional,4,47.620648148148135,1.4019590059858515,65.95287037037036,15.304113425925927,3.8260283564814817,0.00983383534340544,0.549339225508059,5317.257575333815,47.62064814814815
de,73,fb_only,0,50.18895833333334,1.0765857478465153,52.53128472222222,0.0,,0.009966055390662702,,164.43991394593456,50.18895833333333
de,73,full_power,1,50.18895833333334,1.1766640563821456,59.68097916666667,7.1496944444444495,7.1496944444444495,0.009880536980604173,0.009918417399911283,186.29746740016074,50.18895833333333
de,73,mixed,1,50.18895833333334,1.1995301487862178,61.34195138888889,8.81066666666667,8.81066666666667,0.009848570279060801,0.021805257783903065,213.65654436553984,50.18895833333333
de,73,monotonous,1,50.18895833333334,1.189976507439311,60.76553935185186,8.234254629629639,8.234254629629639,0.009773874251045773,0.025348175306517198,220.7357444113446,50.18895833333333
de,73,proportional,1,50.18895833333334,1.2006264682850432,61.4065462962963,8.87526157407408,8.87526157407408,0.009967903839769456,0.02371066180050137,220.09562594017223,50.18895833333333
de,73,full_power,2,50.18895833333334,1.2978856695379797,66.95856944444444,14.427284722222218,7.213642361111109,0.009914646262487132,0.009999088184026771,210.50738509049128,50.18895833333333
de,73,mixed,2,50.18895833333334,1.321221613155834,68.2141574074074,15.682872685185181,7.841436342592591,0.009826331869983926,0.04044270293223465,351.8916380127797,50.18895833333333
de,73,monotonous,2,50.18895833333334,1.3075959279561473,67.41538888888888,14.884104166666667,7.4420520833333335,0.009845833821676498,0.02706634999418085,289.45157223035875,50.18895833333333
de,73,proportional,2,50.18895833333334,1.2953797963978073,66.81311574074073,14.28183101851851,7.140915509259255,0.009814419502492922,0.1535242185625302,882.2735552865249,50.18895833333333
de,73,full_power,3,50.18895833333334,1.4399373531714956,74.50590046296297,21.974615740740752,7.3248719135802505,0.009890004503200727,0.009934620532040138,233.10493360731047,50.18895833333333
de,73,mixed,3,50.18895833333334,1.4137823022709475,72.96727083333334,20.435986111111127,6.811995370370376,0.009896474391884688,0.13088828340564337,1084.4835660750155,50.18895833333333
de,73,monotonous,3,50.18895833333334,1.4388410336726702,74.40476851851851,21.87348379629629,7.291161265432097,0.009798789957607197,0.04063124207562616,447.6427160287757,50.18895833333333
de,73,proportional,3,50.18895833333334,1.3348472983555209,68.83188194444443,16.300597222222216,5.433532407407405,0.009675983149637968,0.34277615619744034,2572.1123092866114,50.18895833333333
de,73,full_power,4,50.18895833333334,1.616131558339859,84.58313657407408,32.05185185185186,8.012962962962964,0.00986391612218051,0.009999191044548283,256.5870247780195,50.18895833333333
de,73,mixed,4,50.18895833333334,1.4476115896632733,75.14805787037037,22.616773148148148,5.654193287037037,0.009844389698533507,0.26057641395738856,2607.681498601937,50.18895833333333
de,73,monotonous,4,50.18895833333334,1.5965544244322631,82.89046990740742,30.359185185185204,7.589796296296301,0.009767729013693289,0.06510306750299086,772.0947141740055,50.18895833333333
de,73,proportional,4,50.18895833333334,1.3434612372748629,69.47726157407408,16.94597685185186,4.236494212962965,0.00999671013851809,0.48513737148303,4717.474811282302,50.18895833333333
de,74,fb_only,0,48.56662314814815,1.08585313174946,51.992525462962966,0.0,,0.009756403135465249,,160.9806517351766,48.566620370370366
de,74,full_power,1,48.56662314814815,1.2231821454283658,59.990837962962964,7.998312499999997,7.998312499999997,0.009982792924808753,0.009982757050794846,188.13563130050915,48.566620370370366
de,74,mixed,1,48.56662314814815,1.2354211663066954,60.75386805555555,8.761342592592584,8.761342592592584,0.009895747814036824,0.03709573950264345,250.30644380480913,48.566620370370366
de,74,monotonous,1,48.56662314814815,1.2314614830813535,60.577173611111114,8.584648148148148,8.584648148148148,0.009872077949862779,0.043072173985447756,263.9366063425963,48.566620370370366
de,74,proportional,1,48.56662314814815,1.2372210223182145,60.85588194444445,8.863356481481482,8.863356481481482,0.009802867794487895,0.026653497172508884,224.2764229757561,48.566620370370366
de,74,full_power,2,48.56662314814815,1.3583513318934486,66.92613657407408,14.933611111111112,7.466805555555556,0.00982744753780581,0.009960158220465332,208.8859467442192,48.566620370370366
de,74,mixed,2,48.56662314814815,1.3732901367890569,67.768,15.775474537037034,7.887737268518517,0.009665057323840464,0.06470006398948454,463.04614608202917,48.566620370370366
de,74,monotonous,2,48.56662314814815,1.367170626349892,67.30462037037036,15.312094907407392,7.656047453703696,0.009793453016950962,0.04918130678422852,392.3506662112911,48.566620370370366
de,74,proportional,2,48.56662314814815,1.35565154787617,66.78860879629629,14.796083333333321,7.398041666666661,0.009782083985342378,0.154166065143322,884.7515634106161,48.566620370370366
de,74,full_power,3,48.56662314814815,1.5190784737221021,74.85678472222222,22.86425925925925,7.621419753086417,0.009994647789428103,0.009935984704925842,234.84114887883177,48.566620370370366
de,74,mixed,3,48.56662314814815,1.4622030237580994,72.181625,20.18909953703703,6.7296998456790105,0.009920949806525456,0.17860299452115388,1420.703547247551,48.566620370370366
de,74,monotonous,3,48.56662314814815,1.480741540676746,73.2506736111111,21.25814814814813,7.086049382716044,0.009934168344857358,0.09533573359167781,834.8866707083748,48.566620370370366
de,74,proportional,3,48.56662314814815,1.3891288696904247,68.69463425925926,16.702108796296294,5.567369598765431,0.009665986362464764,0.3666022938256634,2739.635718925688,48.566620370370366
de,74,full_power,4,48.56662314814815,1.6780057595392368,82.60741898148147,30.614893518518507,7.653723379629627,0.009826928228392632,0.06266292887148825,750.1732402985242,48.566620370370366
de,74,mixed,4,48.56662314814815,1.500179985601152,74.30181944444443,22.309293981481467,5.577323495370367,0.009930707140636147,0.3112718006305929,3084.8312449379805,48.566620370370366
de,74,monotonous,4,48.56662314814815,1.6103311735061194,78.25070138888887,26.258175925925904,6.564543981481476,0.00966033308139645,0.155181275156481,1615.616581911459,48.566620370370366
de,74,proportional,4,48.56662314814815,1.3966882649388048,68.98978472222223,16.99725925925926,4.249314814814815,0.009891772072553574,0.5072225421904711,4922.990575112515,48.566620370370366
de,75,fb_only,0,49.48217870370371,1.0553562275756023,50.669740740740735,0.0,,0.00992872890845242,,163.82402698946493,49.48217592592593
de,75,full_power,1,49.48217870370371,1.1590637280027336,57.681527777777774,7.011787037037038,7.011787037037038,0.009916541468183786,0.009784628256476347,186.577672114726,49.48217592592593
de,75,mixed,1,49.48217870370371,1.1739279002221084,58.79881712962962,8.129076388888883,8.129076388888883,0.009941955500507913,0.033855570548150915,243.46743426434261,49.48217592592593
de,75,monotonous,1,49.48217870370371,1.168118913377755,58.30061805555556,7.630877314814825,7.630877314814825,0.009745306330157657,0.035772395206852506,244.7195936028773,49.48217592592593
de,75,proportional,1,49.48217870370371,1.1761489834273022,58.978875,8.309134259259267,8.309134259259267,0.009938973282436137,0.027687027422327593,228.94682549297679,49.48217592592593
de,75,full_power,2,49.48217870370371,1.2610627028874082,64.42449074074074,13.754750000000001,6.877375000000001,0.00997166747791799,0.009922489891548536,211.08883595679256,49.48217592592593
de,75,mixed,2,49.48217870370371,1.2614044079958995,64.43797685185184,13.768236111111108,6.884118055555554,0.009741141177393607,0.10338571982234784,645.8146268334506,49.48217592592593
de,75,monotonous,2,49.48217870370371,1.255766273705792,64.20203703703703,13.532296296296295,6.766148148148147,0.009857021743599571,0.09125183348443683,590.7944614783705,49.48217592592593
de,75,proportional,2,49.48217870370371,1.2391935759439603,63.0109050925926,12.341164351851866,6.170582175925933,0.009949911573773208,0.21176152452371275,1157.7586140325182,49.48217592592593
de,75,full_power,3,49.48217870370371,1.4185887579019307,72.48465046296296,21.814909722222225,7.271636574074075,0.009876795921525123,0.009985486836433431,233.244989059983,49.48217592592593
de,75,mixed,3,49.48217870370371,1.3299162822484196,67.02145370370371,16.351712962962978,5.450570987654326,0.00995546176304681,0.24741530318171218,1905.5740228831628,49.48217592592593
de,75,monotonous,3,49.48217870370371,1.3534939347343242,68.30944907407407,17.63970833333333,5.879902777777777,0.00982424008793342,0.1535025296056015,1242.450764815125,49.48217592592593
de,75,proportional,3,49.48217870370371,1.2612335554416538,64.43118055555554,13.761439814814807,4.587146604938269,0.009974379196983067,0.4220662269391717,3135.079361948111,49.48217592592593
de,75,full_power,4,49.48217870370371,1.531009738595592,76.83266435185186,26.162923611111125,6.540730902777781,0.009881897614700397,0.1413982705880853,1489.932681841149,49.48217592592593
de,75,mixed,4,49.48217870370371,1.3553733128310268,68.41897222222222,17.749231481481488,4.437307870370372,0.00989539590338582,0.3757632680291281,3689.4365395912037,49.48217592592593
de,75,monotonous,4,49.48217870370371,1.4319152571330942,73.46051388888887,22.790773148148133,5.697693287037033,0.00989744380936077,0.23155053837132236,2336.178074930942,49.48217592592593
de,75,proportional,4,49.48217870370371,1.2873739962412438,64.70272685185185,14.032986111111114,3.5082465277777786,0.009965584068395716,0.5508015126908661,5333.153532219617,49.48217592592593
de,77,fb_only,0,46.72476851851851,1.1041627425127143,50.07471527777778,0.0,,0.00987026448012299,,162.85936392202933,46.724768518518516
de,77,full_power,1,46.72476851851851,1.2318704087398757,58.27322916666666,8.198513888888883,8.198513888888883,0.00968052252484546,0.009839479466485486,182.81204048832504,46.724768518518516
de,77,mixed,1,46.72476851851851,1.2422301751742324,58.873835648148145,8.799120370370368,8.799120370370368,0.009827448849775046,0.037316509158456496,249.6974365070272,46.724768518518516
de,77,monotonous,1,46.72476851851851,1.2373328310416274,58.63534953703704,8.56063425925926,8.56063425925926,0.009844750926663613,0.04303111896814649,263.38939538922125,46.724768518518516
de,77,proportional,1,46.72476851851851,1.2435486909022415,58.92968981481481,8.85497453703703,8.85497453703703,0.009971546820404813,0.028133544506985974,230.53181795006853,46.724768518518516
de,77,full_power,2,46.72476851851851,1.3571294029007346,63.90917361111111,13.83445833333333,6.917229166666665,0.00965939372876525,0.00990834508748168,205.86995167509068,46.724768518518516
de,77,mixed,2,46.72476851851851,1.3597664343567526,64.10940046296297,14.03468518518519,7.017342592592595,0.009719243969276141,0.10059981886604721,632.3818756125498,46.724768518518516
de,77,monotonous,2,46.72476851851851,1.3558108871727255,63.816986111111106,13.742270833333329,6.8711354166666645,0.009845324281637015,0.08495829669238973,561.0721787277034,46.724768518518516
de,77,proportional,2,46.72476851851851,1.3480881521943868,63.43160185185185,13.356886574074075,6.678443287037037,0.009875977605628528,0.1883012288651096,1046.462996327965,46.724768518518516
de,77,full_power,3,46.72476851851851,1.494631757393106,70.62162731481482,20.54691203703704,6.848970679012346,0.009999336526375606,0.009999994201420663,235.36901187479612,46.724768518518516
de,77,mixed,3,46.72476851851851,1.4128837822565454,67.12308564814815,17.04837037037037,5.68279012345679,0.009834910111276463,0.24325569294963137,1874.3095838155675,46.724768518518516
de,77,monotonous,3,46.72476851851851,1.455453004332266,68.56377546296297,18.48906018518519,6.163020061728396,0.009902533227626636,0.1455351254686768,1187.6680113043872,46.724768518518516
de,77,proportional,3,46.72476851851851,1.3622151064230552,64.29147453703703,14.216759259259256,4.738919753086418,0.009976454329746379,0.404076372395886,3008.501005363061,46.724768518518516
de,77,full_power,4,46.72476851851851,1.5381427764174045,72.65380555555556,22.579090277777787,5.644772569444447,0.009788186758435674,0.19451624064618347,1986.8454837379743,46.724768518518516
de,77,mixed,4,46.72476851851851,1.4599736296854398,68.78794675925926,18.71323148148148,4.67830787037037,0.00979910456763775,0.36606641969640435,3596.852507797081,46.724768518518516
de,77,monotonous,4,46.72476851851851,1.5113957430777925,71.14618055555555,21.07146527777777,5.267866319444442,0.009811993376440774,0.2479305305883465,2488.4779897523163,46.724768518518516
de,77,proportional,4,46.72476851851851,1.3725748728574119,64.8968263888889,14.82211111111112,3.70552777777778,0.009946420598252095,0.5387061241768607,5219.33420914682,46.724768518518516
de,78,fb_only,0,47.28988425925926,1.1115297663903543,51.80639351851851,0.0,,0.009975955312777991,,164.60326266083686,47.28988425925925
de,78,full_power,1,47.28988425925926,1.2486812358703843,59.185995370370364,7.379601851851852,7.379601851851852,0.009851600981012452,0.009996007116363854,186.00204888169506,47.28988425925925
de,78,mixed,1,47.28988425925926,1.2586661642803316,59.68018518518518,7.873791666666669,7.873791666666669,0.009901556006098818,0.04886280699727261,278.00781931623203,47.28988425925925
de,78,monotonous,1,47.28988425925926,1.254521477015825,59.47578472222222,7.669391203703711,7.669391203703711,0.009765146348036179,0.05865943809578131,298.7399565152999,47.28988425925925
de,78,proportional,1,47.28988425925926,1.262810851544838,59.955918981481474,8.149525462962963,8.149525462962963,0.009977525861839793,0.03412883140225514,244.69541519004713,47.28988425925925
de,78,full_power,2,47.28988425925926,1.4395252449133384,65.42636574074074,13.619972222222223,6.809986111111112,0.009750228327239669,0.009954093863828088,207.58337580853595,47.28988425925925
de,78,mixed,2,47.28988425925926,1.4534664657121326,65.8411875,14.034793981481492,7.017396990740746,0.009936755745361825,0.08551975853267801,565.2151768337953,47.28988425925925
de,78,monotonous,2,47.28988425925926,1.4325546345139413,65.00857175925925,13.202178240740743,6.601089120370371,0.009999162116782463,0.07862626962998302,533.900632030791,47.28988425925925
de,78,proportional,2,47.28988425925926,1.422569706103994,64.47450462962962,12.66811111111111,6.334055555555555,0.00994654250443195,0.19783209108455746,1092.3461226918707,47.28988425925925
de,78,full_power,3,47.28988425925926,1.5955162019593068,74.04388888888887,22.23749537037036,7.412498456790121,0.009820411959586738,0.009928272761304263,231.91198102724059,47.28988425925925
de,78,mixed,3,47.28988425925926,1.5097965335342878,69.40652777777778,17.60013425925927,5.8667114197530905,0.009658350272970248,0.23607940252970783,1820.8896145080928,47.28988425925925
de,78,monotonous,3,47.28988425925926,1.5248681235870385,70.83520138888888,19.028807870370365,6.342935956790122,0.009872352874342448,0.14978146204705936,1217.055752313854,47.28988425925925
de,78,proportional,3,47.28988425925926,1.4530896759608138,65.81709722222222,14.010703703703705,4.670234567901235,0.009995253742522347,0.41076360026290015,3055.87590540191,47.28988425925925
de,78,full_power,4,47.28988425925926,1.620384325546345,75.99938425925926,24.192990740740747,6.048247685185187,0.00976334911435847,0.2039656084504208,2075.1085300856635,47.28988425925925
de,78,mixed,4,47.28988425925926,1.5278824415975885,71.10260416666665,19.29621064814814,4.824052662037035,0.009805424582940607,0.3746332734205747,3677.348143397193,47.28988425925925
de,78,monotonous,4,47.28988425925926,1.6032403918613414,74.55190046296296,22.74550694444445,5.686376736111113,0.009958211671431676,0.257035164900291,2576.3284800029533,47.28988425925925
de,78,proportional,4,47.28988425925926,1.4581763376036172,66.19660879629629,14.390215277777777,3.5975538194444443,0.009669462689774443,0.542689258608456,5252.1421371630295,47.28988425925925
de,79,fb_only,0,51.72271203703704,1.085419996448233,55.95176388888889,0.0,,0.009921540615294124,,163.70542015235304,51.72270833333334
de,79,full_power,1,51.72271203703704,1.2141715503462973,64.05336342592592,8.101599537037032,8.101599537037032,0.009747141530346393,0.009973779991111709,184.22632310986356,51.72270833333334
de,79,mixed,1,51.72271203703704,1.2246492630083468,64.72316203703704,8.771398148148151,8.771398148148151,0.009770310154575888,0.0376336305352871,249.49861478628566,51.72270833333334
de,79,monotonous,1,51.72271203703704,1.2205647309536494,64.5103425925926,8.558578703703702,8.558578703703702,0.009901577660596112,0.041295206812190746,260.25458658123534,51.72270833333334
de,79,proportional,1,51.72271203703704,1.2258923814597762,64.77273611111112,8.820972222222224,8.820972222222224,0.009998584257423065,0.030909311147688558,237.4898841999579,51.72270833333334
de,79,full_power,2,51.72271203703704,1.3411472207423194,71.71275462962963,15.760990740740738,7.880495370370369,0.009929184881723906,0.009993771400201645,210.72232595819057,51.72270833333334
de,79,mixed,2,51.72271203703704,1.3434558692949743,71.890125,15.938361111111107,7.969180555555553,0.009793190540225,0.09322962873396003,599.021061933453,51.72270833333334
de,79,monotonous,2,51.72271203703704,1.3407920440419108,71.68508333333334,15.733319444444447,7.866659722222224,0.009917501955258127,0.07083591505450186,496.00089569748184,51.72270833333334
de,79,proportional,2,51.72271203703704,1.3349316284851713,71.29904166666667,15.347277777777776,7.673638888888888,0.009759823771660504,0.18036086326997808,1007.2902626951354,51.72270833333334
de,79,full_power,3,51.72271203703704,1.497780145622447,79.83896759259258,23.88720370370369,7.9624012345678965,0.009937809783987107,0.009994562533267484,234.31559254492382,51.72270833333334
de,79,mixed,3,51.72271203703704,1.4221275084354466,74.64316435185185,18.69140046296296,6.230466820987654,0.009729872696198037,0.2328191541891754,1799.124106670684,51.72270833333334
de,79,monotonous,3,51.72271203703704,1.4695435979399751,77.70842592592592,21.75666203703703,7.252220679012344,0.009693671083180935,0.1280238751015332,1060.977605837076,51.72270833333334
de,79,proportional,3,51.72271203703704,1.3502042266027348,72.35310185185186,16.40133796296297,5.46711265432099,0.009737084653569388,0.39200429617519295,2919.5881332649033,51.72270833333334
de,79,full_power,4,51.72271203703704,1.5526549458355532,83.6952476851852,27.743483796296303,6.935870949074076,0.009708055769837607,0.17271916846453966,1780.9795970735606,51.72270833333334
de,79,mixed,4,51.72271203703704,1.4738057183448765,78.01090046296298,22.05913657407409,5.514784143518522,0.009958669558917653,0.3497301012551472,3446.1853179004424,51.72270833333334
de,79,monotonous,4,51.72271203703704,1.5405789380216657,82.51944907407407,26.567685185185184,6.641921296296296,0.009833794106238487,0.21996057166880667,2226.3676072930166,51.72270833333334
de,79,proportional,4,51.72271203703704,1.3573077606109039,72.65619212962963,16.70442824074074,4.176107060185185,0.00999857790683636,0.5278333194105003,5118.164404810935,51.72270833333334
de,80,fb_only,0,41.7343287037037,1.357453866887829,53.93924305555556,0.0,,0.009892982028539093,,163.23420347089504,41.7343287037037
de,80,full_power,1,41.7343287037037,1.5142027783537217,62.94172916666667,9.00248611111111,9.00248611111111,0.009720380061500831,0.009930619053476633,183.68350331421988,41.7343287037037
de,80,mixed,1,41.7343287037037,1.5830396019075264,64.66477777777779,10.725534722222228,10.725534722222228,0.0097464315397564,0.016461478863445983,199.43474981962487,41.7343287037037
de,80,monotonous,1,41.7343287037037,1.5726726104084594,64.09253935185184,10.153296296296283,10.153296296296283,0.009881230063134792,0.01272040973061928,192.88237726975692,41.7343287037037
de,80,proportional,1,41.7343287037037,1.5849056603773586,64.77327314814815,10.834030092592592,10.834030092592592,0.00980041444793359,0.01607722678003398,199.42401241686395,41.7343287037037
de,80,full_power,2,41.7343287037037,1.7377151150736057,72.256875,18.317631944444436,9.158815972222218,0.009870307661883022,0.009930904376639328,209.4558797562616,41.7343287037037
de,80,mixed,2,41.7343287037037,1.7443499896330086,72.71401157407408,18.77476851851852,9.38738425925926,0.009887074711889206,0.05674804586769205,429.398563957383,41.7343287037037
de,80,monotonous,2,41.7343287037037,1.7408252125233257,72.4552962962963,18.51605324074074,9.25802662037037,0.009872182165479313,0.037808690112138485,340.2893797365624,41.7343287037037
de,80,proportional,2,41.7343287037037,1.7234086668048931,71.80358564814814,17.864342592592585,8.932171296296293,0.009888944883965797,0.14506199759452443,843.7984832989442,41.7343287037037
de,80,full_power,3,41.7343287037037,1.8532034003732116,80.48453703703704,26.545293981481485,8.848431327160496,0.009840853725314045,0.009994446662574671,232.71500207888226,41.7343287037037
de,80,mixed,3,41.7343287037037,1.791623470868754,76.16648148148148,22.227238425925925,7.4090794753086415,0.009660018002653821,0.21282411310129762,1657.2464050507206,41.7343287037037
de,80,monotonous,3,41.7343287037037,1.8150528716566452,77.7257962962963,23.786553240740737,7.928851080246912,0.009928175234881483,0.12870934212385185,1069.671241243214,41.7343287037037
de,80,proportional,3,41.7343287037037,1.7487041260626166,73.0491435185185,19.109900462962948,6.369966820987649,0.009859735265019813,0.36932103481072276,2761.9670748706935,41.7343287037037
de,80,full_power,4,41.7343287037037,2.1633837860252956,85.131125,31.19188194444444,7.79797048611111,0.009870464099525418,0.1350265066274889,1429.9513958345253,41.7343287037037
de,80,mixed,4,41.7343287037037,1.8189923284262908,78.05725694444443,24.118013888888875,6.029503472222219,0.009847380773801016,0.3505559930316697,3452.099221376905,41.7343287037037
de,80,monotonous,4,41.7343287037037,1.9212108646070911,82.94325462962964,29.004011574074077,7.251002893518519,0.009873940757638314,0.21139821340817597,2146.6808571233555,41.7343287037037
de,80,proportional,4,41.7343287037037,1.7553390006220195,73.5765787037037,19.637335648148145,4.909333912037036,0.00998341055755308,0.5109722582660082,4959.689945767846,41.7343287037037
de,81,fb_only,0,46.875740740740746,1.16289592760181,53.04838425925926,0.0,,0.009992725457737897,,164.8799700526753,46.875740740740746
de,81,full_power,1,46.875740740740746,1.2854449472096532,59.37533564814815,6.326951388888894,6.326951388888894,0.00996481048862251,0.009789085680551073,187.38456806884423,46.875740740740746
de,81,mixed,1,46.875740740740746,1.3220211161387632,61.58846527777778,8.54008101851852,8.54008101851852,0.009883999144118952,0.02653324880416958,225.33298757254454,46.875740740740746
de,81,monotonous,1,46.875740740740746,1.3058069381598794,60.60534722222222,7.556962962962963,7.556962962962963,0.009971949092646612,0.04479024876517875,269.6150836317785,46.875740740740746
de,81,proportional,1,46.875740740740746,1.3235294117647058,61.664305555555565,8.615921296296307,8.615921296296307,0.009730615217694683,0.02316003185124327,214.888585814979,46.875740740740746
de,81,full_power,2,46.875740740740746,1.4264705882352942,65.83983333333335,12.791449074074087,6.395724537037044,0.009665362313399433,0.009903981605464008,205.94795986392776,46.875740740740746
de,81,mixed,2,46.875740740740746,1.4245852187028658,65.71702083333334,12.668636574074078,6.334318287037039,0.009765609719107112,0.10869509836189013,671.1299618792559,46.875740740740746
de,81,monotonous,2,46.875740740740746,1.417420814479638,65.43112731481482,12.382743055555558,6.191371527777779,0.00984587169583127,0.09910483983089904,627.4567914677942,46.875740740740746
de,81,proportional,2,46.875740740740746,1.4098793363499247,65.03628935185185,11.987905092592591,5.9939525462962955,0.009881396512147344,0.19233317724987303,1065.4703101068355,46.875740740740746
de,81,full_power,3,46.875740740740746,1.584653092006033,74.0093587962963,20.96097453703704,6.986991512345679,0.009698259415315333,0.00997369589353231,230.2161520513834,46.875740740740746
de,81,mixed,3,46.875740740740746,1.4911387631975868,68.9563125,15.907928240740738,5.3026427469135795,0.00965497330409388,0.24293434798443625,1869.0790006320115,46.875740740740746
de,81,monotonous,3,46.875740740740746,1.5060331825037707,69.71449074074073,16.66610648148147,5.55536882716049,0.00970615739923017,0.1656571190250347,1326.046400785492,46.875740740740746
de,81,proportional,3,46.875740740740746,1.431184012066365,66.15788194444444,13.109497685185183,4.369832561728394,0.00968557998042023,0.40314567969184834,2997.1513633481622,46.875740740740746
de,81,full_power,4,46.875740740740746,1.6187782805429864,76.21578240740742,23.16739814814816,5.79184953703704,0.00985370741692606,0.1948745096691767,1991.288571114834,46.875740740740746
de,81,mixed,4,46.875740740740746,1.5177224736048265,70.32954629629629,17.281162037037028,4.320290509259257,0.0099053382343178,0.3758633056326926,3690.539340923431,46.875740740740746
de,81,monotonous,4,46.875740740740746,1.5921945701357465,74.48553240740742,21.43714814814816,5.35928703703704,0.009671252243609364,0.2525840808076658,2529.8246763186903,46.875740740740746
de,81,proportional,4,46.875740740740746,1.4473981900452488,67.1001087962963,14.051724537037039,3.5129311342592597,0.009950949560072902,0.5342273533748941,5177.3801518112095,46.875740740740746
de,82,fb_only,0,51.05664351851851,1.1110015772870663,55.53356481481482,0.0,,0.009825891006103957,,162.1272016007153,51.05664351851852
de,82,full_power,1,51.05664351851851,1.2632097791798107,63.09827546296297,7.56471064814815,7.56471064814815,0.009821371190107474,0.009955204103203835,185.40753346288952,51.05664351851852
de,82,mixed,1,51.05664351851851,1.2730678233438486,63.58612037037037,8.05255555555555,8.05255555555555,0.009818269417678787,0.04266723961160986,262.0987895205367,51.05664351851852
de,82,monotonous,1,51.05664351851851,1.2681388012618298,63.295981481481476,7.76241666666666,7.76241666666666,0.00996939997242838,0.052232683622354094,287.032975323111,51.05664351851852
de,82,proportional,1,51.05664351851851,1.2868690851735016,64.28688888888888,8.753324074074065,8.753324074074065,0.009740129798767152,0.025922543483485293,221.5264286919145,51.05664351851852
de,82,full_power,2,51.05664351851851,1.3901813880126184,71.12547685185186,15.59191203703704,7.79595601851852,0.009806721309475278,0.00990274339988932,208.27457363862277,51.05664351851852
de,82,mixed,2,51.05664351851851,1.3907728706624605,71.1782337962963,15.64466898148148,7.82233449074074,0.009799492180398776,0.10168834919605409,638.8133554044656,51.05664351851852
de,82,monotonous,2,51.05664351851851,1.3868296529968454,70.82287037037037,15.28930555555555,7.644652777777775,0.009885258902633212,0.0869965489688113,571.2945796551106,51.05664351851852
de,82,proportional,2,51.05664351851851,1.3815063091482649,70.3772060185185,14.84364120370369,7.421820601851845,0.009997669771332573,0.17969809216348892,1008.1049996580775,51.05664351851852
de,82,full_power,3,51.05664351851851,1.5429810725552051,80.18552546296297,24.651960648148155,8.217320216049385,0.00987171934656652,0.009981781524976113,233.13514759112945,51.05664351851852
de,82,mixed,3,51.05664351851851,1.4587933753943219,74.91002546296295,19.376460648148132,6.458820216049378,0.009917916726063633,0.23537431025275604,1820.2100215389469,51.05664351851852
de,82,monotonous,3,51.05664351851851,1.4798895899053628,76.24436342592593,20.71079861111111,6.903599537037036,0.009832367125628292,0.1531980158216573,1240.4416929256906,51.05664351851852
de,82,proportional,3,51.05664351851851,1.4053627760252365,72.03268518518517,16.499120370370356,5.499706790123452,0.009823484299254259,0.39287350255117626,2927.131201892874,51.05664351851852
de,82,full_power,4,51.05664351851851,1.5703864353312302,82.49114814814814,26.957583333333325,6.739395833333331,0.009685394591502592,0.20210992253696297,2056.408523846653,51.05664351851852
de,82,mixed,4,51.05664351851851,1.485410094637224,76.68199074074073,21.148425925925913,5.287106481481478,0.009655559788078352,0.3692631367542033,3624.4820118047364,51.05664351851852
de,82,monotonous,4,51.05664351851851,1.5490930599369086,80.70254629629629,25.168981481481474,6.2922453703703685,0.009665403969051764,0.25447857779112515,2547.506139481273,51.05664351851852
de,82,proportional,4,51.05664351851851,1.4128548895899053,72.54701157407408,17.01344675925926,4.253361689814815,0.009772210403810228,0.5271010070393892,5107.557321720497,51.05664351851852
de,83,fb_only,0,54.83824074074074,1.171201588877855,62.264543981481474,0.0,,0.009927335824454165,,163.80104110349373,54.83824074074074
de,83,full_power,1,54.83824074074074,1.2730883813306852,68.03929861111111,5.7747546296296335,5.7747546296296335,0.009751529451138056,0.009801364396251778,183.89423681738458,54.83824074074074
de,83,mixed,1,54.83824074074074,1.310824230387289,70.42483564814815,8.160291666666673,8.160291666666673,0.009797189814127413,0.023341132404045117,216.41192855299215,54.83824074074074
de,83,monotonous,1,54.83824074074074,1.2856007944389276,68.85097916666666,6.586435185185188,6.586435185185188,0.00990011842445539,0.04347114794481258,265.33526708204425,54.83824074074074
de,83,proportional,1,54.83824074074074,1.3128103277060577,70.58769444444444,8.323150462962964,8.323150462962964,0.009964633545323051,0.023249361979631185,218.9594567020451,54.83824074074074
de,83,full_power,2,54.83824074074074,1.4121151936444887,76.85212731481482,14.587583333333349,7.2937916666666744,0.009923407100519194,0.00996832550716949,210.50760043820594,54.83824074074074
de,83,mixed,2,54.83824074074074,1.4194637537239325,77.19447222222222,14.929928240740743,7.464964120370372,0.009990288083461177,0.09066455309833626,590.2378365145032,54.83824074074074
de,83,monotonous,2,54.83824074074074,1.4121151936444887,76.85212731481482,14.587583333333349,7.2937916666666744,0.009979647979829013,0.07781056788369886,529.7513761774937,54.83824074074074
de,83,proportional,2,54.83824074074074,1.3972194637537239,76.03953472222221,13.77499074074074,6.88749537037037,0.009797892842124295,0.18629534338821616,1035.762983072561,54.83824074074074
de,83,full_power,3,54.83824074074074,1.5801390268123139,87.61108564814815,25.346541666666674,8.448847222222225,0.009953646405258284,0.009980213868151747,234.47591089081368,54.83824074074074
de,83,mixed,3,54.83824074074074,1.5277060575968222,83.69240972222222,21.42786574074075,7.14262191358025,0.009932165971958814,0.19347116148452978,1525.530773065441,54.83824074074074
de,83,monotonous,3,54.83824074074074,1.5604766633565044,85.9235,23.65895601851853,7.8863186728395105,0.009865716948761951,0.10163499883468956,878.0914514531173,54.83824074074074
de,83,proportional,3,54.83824074074074,1.4246276067527308,77.52392824074073,15.259384259259257,5.0864614197530855,0.009999680101215097,0.38215301975850324,2854.5876747303946,54.83824074074074
de,83,full_power,4,54.83824074074074,1.686196623634558,93.94713194444445,31.682587962962977,7.920646990740744,0.009715972578210781,0.11760119805251994,1263.883190065325,54.83824074074074
de,83,mixed,4,54.83824074074074,1.5704071499503476,86.76773611111109,24.503192129629618,6.125798032407404,0.009793861175506841,0.32034472206453113,3167.713581249423,54.83824074074074
de,83,monotonous,4,54.83824074074074,1.6421052631578947,91.3080625,29.043518518518532,7.260879629629633,0.009931587418380954,0.19038444364044085,1950.4388115251827,54.83824074074074
de,83,proportional,4,54.83824074074074,1.4754716981132074,80.27692361111112,18.012379629629642,4.5030949074074105,0.009994300233360636,0.5056470320568696,4909.897702672115,54.83824074074074
de,84,fb_only,0,52.83892175925925,1.0507133995037221,54.23973379629629,0.0,,0.009710828118448683,,160.22866395440326,52.83307870370369
de,84,full_power,1,52.83892175925925,1.1319789081885856,59.734912037037034,5.495178240740742,5.495178240740742,0.009677682331120792,0.009899542743237595,182.90608573912849,52.83307870370369
de,84,mixed,1,52.83892175925925,1.1716811414392059,61.83829398148148,7.598560185185185,7.598560185185185,0.0099924752496517,0.019823891806108516,211.38269179638363,52.83307870370369
de,84,monotonous,1,52.83892175925925,1.1600496277915633,61.21303703703702,6.9733032407407265,6.9733032407407265,0.009824568590245015,0.023998149951182244,218.4050415245163,52.83307870370369
de,84,proportional,1,52.83892175925925,1.1726116625310175,61.91323842592591,7.673504629629619,7.673504629629619,0.009668541506036882,0.019599146241812786,205.51053193290133,52.83307870370369
de,84,full_power,2,52.83892175925925,1.2794665012406947,67.67877314814812,13.439039351851832,6.719519675925916,0.009871896650479632,0.009968543705014836,209.65870179684353,52.83307870370369
de,84,mixed,2,52.83892175925925,1.2980769230769231,68.83554861111111,14.595814814814815,7.297907407407408,0.00994542265074012,0.06337286444329117,461.44495370513414,52.83307870370369
de,84,monotonous,2,52.83892175925925,1.2938895781637718,68.50122685185184,14.261493055555547,7.130746527777774,0.009824629637617875,0.04021208803416155,350.7815060769809,52.83307870370369
de,84,proportional,2,52.83892175925925,1.2707816377171215,67.01967824074073,12.779944444444439,6.3899722222222195,0.009895429545020045,0.17272753992687834,973.7122048297439,52.83307870370369
de,84,full_power,3,52.83892175925925,1.4435483870967742,76.78311342592593,22.54337962962964,7.514459876543214,0.009857310969888141,0.009929534264749006,232.52969315845783,52.83307870370369
de,84,mixed,3,52.83892175925925,1.3850806451612903,73.80569444444444,19.56596064814815,6.52198688271605,0.00997595277366709,0.1774118472298329,1413.2278015690708,52.83307870370369
de,84,monotonous,3,52.83892175925925,1.4167183622828785,75.53966203703702,21.299928240740726,7.0999760802469085,0.0099130320106287,0.07730274445792286,707.6217436702345,52.83307870370369
de,84,proportional,3,52.83892175925925,1.31901364764268,69.85631712962962,15.616583333333324,5.205527777777775,0.009696449642236012,0.35969081387757085,2691.495367167238,52.83307870370369
de,84,full_power,4,52.83892175925925,1.5601736972704714,83.0187361111111,28.779002314814804,7.194750578703701,0.00984710355042413,0.061361711400469435,738.2955083640034,52.83307870370369
de,84,mixed,4,52.83892175925925,1.4412220843672456,76.68349768518517,22.44376388888888,5.61094097222222,0.009891922963898443,0.288722001165966,2872.583987845749,52.83307870370369
de,84,monotonous,4,52.83892175925925,1.5398573200992556,81.61005324074073,27.370319444444434,6.842579861111108,0.009866245568829276,0.12476651936714724,1333.6020696269927,52.83307870370369
de,84,proportional,4,52.83892175925925,1.3416563275434243,70.6911898148148,16.451456018518513,4.112864004629628,0.009940188457702594,0.4952557889414114,4811.493432978297,52.83307870370369
de,85,fb_only,0,55.29921296296296,1.0918484500574053,59.21208333333335,0.0,,0.00998891068817369,,164.81702635486587,55.29921296296296
de,85,full_power,1,55.29921296296296,1.2286370346071838,67.50596759259258,8.293884259259237,8.293884259259237,0.009914713335109508,0.009881814680302524,186.7755072692966,55.29921296296296
de,85,mixed,1,55.29921296296296,1.248482860423159,68.84159722222222,9.629513888888873,9.629513888888873,0.0099522889285585,0.023895985767820156,220.27274993252132,55.29921296296296
de,85,monotonous,1,55.29921296296296,1.2356896834508775,68.02690509259259,8.814821759259239,8.814821759259239,0.009805211743021269,0.03263326286234245,238.3436284349063,55.29921296296296
de,85,proportional,1,55.29921296296296,1.2512711169427588,69.08018518518519,9.86810185185184,9.86810185185184,0.009725917388702284,0.024455978640235583,217.85136280358037,55.29921296296296
de,85,full_power,2,55.29921296296296,1.3513203214695753,76.6588125,17.44672916666665,8.723364583333325,0.009788995893293776,0.009968213943397902,208.28929206177025,55.29921296296296
de,85,mixed,2,55.29921296296296,1.3596850910283746,77.40730787037036,18.195224537037014,9.097612268518507,0.00990931011772946,0.0651795898534003,469.3262525346903,55.29921296296296
de,85,monotonous,2,55.29921296296296,1.3529604723634574,76.78904861111113,17.57696527777778,8.78848263888889,0.009933602647354515,0.04937624067025904,395.57776490620495,55.29921296296296
de,85,proportional,2,55.29921296296296,1.3470559291454813,76.30344675925926,17.091363425925913,8.545681712962956,0.009735226756774476,0.1631887314306282,926.3127693592864,55.29921296296296
de,85,full_power,3,55.29921296296296,1.4771198950303428,85.81113657407407,26.599053240740723,8.866351080246908,0.00993353522593305,0.009970461810513998,234.07544145029286,55.29921296296296
de,85,mixed,3,55.29921296296296,1.4351320321469576,83.1758101851852,23.963726851851852,7.9879089506172845,0.00990525649673751,0.16757631743129373,1342.8388542776142,55.29921296296296
de,85,monotonous,3,55.29921296296296,1.463342627521732,85.17532407407407,25.963240740740723,8.654413580246908,0.009974753575797737,0.07253605101518543,675.0921610455378,55.29921296296296
de,85,proportional,3,55.29921296296296,1.3646055437100213,77.84088425925927,18.628800925925923,6.209600308641974,0.00967772578137175,0.36232701806718864,2709.7400285495078,55.29921296296296
de,85,full_power,4,55.29921296296296,1.6132524192225686,94.74525462962961,35.53317129629627,8.883292824074067,0.009653569048413448,0.022898924275301637,374.16739469825245,55.29921296296296
de,85,mixed,4,55.29921296296296,1.4886009512875185,86.33921759259259,27.127134259259243,6.781783564814811,0.009814396606268674,0.27827309151067164,2773.252234739576,55.29921296296296
de,85,monotonous,4,55.29921296296296,1.5752009184845006,92.04819907407408,32.83611574074073,8.209028935185183,0.009690282009207487,0.11388512512909929,1228.5876673633913,55.29921296296296
de,85,proportional,4,55.29921296296296,1.4008528784648189,79.98724537037036,20.775162037037013,5.193790509259253,0.009983778301002477,0.49283673034871667,4789.512219558898,55.29921296296296
de,86,fb_only,0,52.852530092592595,1.1353968856817318,57.07610416666667,0.0,,0.009853888817650161,,162.58916549122765,52.852106481481485
de,86,full_power,1,52.852530092592595,1.3007975693125713,65.1402199074074,8.064115740740732,8.064115740740732,0.009968147559097466,0.00992062089153218,187.74821133664267,52.852106481481485
de,86,mixed,1,52.852530092592595,1.3378275731105203,66.92215509259259,9.846050925925923,9.846050925925923,0.009759986271552338,0.017514062164023275,202.1277633174122,52.852106481481485
de,86,monotonous,1,52.852530092592595,1.3319407519939233,66.55908564814814,9.482981481481474,9.482981481481474,0.009740821758557842,0.01792822105312051,202.7831656068251,52.852106481481485
de,86,proportional,1,52.852530092592595,1.3596657804785417,68.14132407407408,11.06521990740741,11.06521990740741,0.00994299904852827,0.011921223338330622,192.02667425244007,52.852106481481485
de,86,full_power,2,52.852530092592595,1.455374097987087,74.60173611111111,17.52563194444444,8.76281597222222,0.009974323451158907,0.009930111868237144,211.16842182989066,52.852106481481485
de,86,mixed,2,52.852530092592595,1.4618306114698063,75.14067592592592,18.064571759259252,9.032285879629626,0.009806344948764086,0.06281724773481737,456.5432180263705,52.852106481481485
de,86,monotonous,2,52.852530092592595,1.4570831750854538,74.74816435185186,17.672060185185188,8.836030092592594,0.009971494163314573,0.057082755347932515,432.36194178718983,52.852106481481485
de,86,proportional,2,52.852530092592595,1.4521458412457273,74.35539814814814,17.279293981481473,8.639646990740736,0.009854213550945973,0.12544839770891925,751.1984056408577,52.852106481481485
de,86,full_power,3,52.852530092592595,1.5822255981769844,83.07740509259258,26.001300925925918,8.667100308641972,0.009696263616636322,0.00999522611621025,230.33475108038704,52.852106481481485
de,86,mixed,3,52.852530092592595,1.5374097987086972,80.47258796296295,23.39648379629628,7.79882793209876,0.009877296055009612,0.1809345306093727,1436.3926113364234,52.852106481481485
de,86,monotonous,3,52.852530092592595,1.565894417014812,82.35618287037036,25.280078703703694,8.426692901234565,0.009758738388026359,0.09818010581783412,852.0107681483514,52.852106481481485
de,86,proportional,3,52.852530092592595,1.4990505127231295,77.33015046296296,20.254046296296295,6.751348765432098,0.009816408405203966,0.33371698338017447,2510.670867715533,52.852106481481485
de,86,full_power,4,52.852530092592595,1.6813520698822635,88.43899305555554,31.362888888888875,7.840722222222219,0.009939943796060233,0.11610097379006315,1253.5006106809465,52.852106481481485
de,86,mixed,4,52.852530092592595,1.579377136346373,82.8913773148148,25.815273148148137,6.453818287037034,0.00980424834091051,0.3099037035160828,3069.9064514199445,52.852106481481485
de,86,monotonous,4,52.852530092592595,1.6198252943410558,85.53109027777778,28.45498611111111,7.113746527777778,0.00984824862162396,0.2033333560810547,2070.576315721413,52.852106481481485
de,86,proportional,4,52.852530092592595,1.509684770224079,78.16696527777778,21.09086111111111,5.2727152777777775,0.00970227732886439,0.4766890675328501,4633.3377856545285,52.852106481481485
de,87,fb_only,0,51.04101851851851,1.1838082657105113,59.46503935185184,0.0,,0.009941191953471476,,164.02966723227934,51.04101851851851
de,87,full_power,1,51.04101851851851,1.3036421966408756,66.48342129629629,7.018381944444442,7.018381944444442,0.00966965502274716,0.009986198487607931,182.97692952725635,51.04101851851851
de,87,mixed,1,51.04101851851851,1.3289299867899604,67.94562037037036,8.48058101851852,8.48058101851852,0.009728096346290807,0.026471263403668406,222.6151736588044,51.04101851851851
de,87,monotonous,1,51.04101851851851,1.316474806567277,67.5647685185185,8.099729166666663,8.099729166666663,0.009973402287511977,0.029658921808056606,234.1409683056484,51.04101851851851
de,87,proportional,1,51.04101851851851,1.3302509907529723,68.0424398148148,8.577400462962956,8.577400462962956,0.009934009766818802,0.02401643161307038,220.25370971677336,51.04101851851851
de,87,full_power,2,51.04101851851851,1.4127193810152858,73.83853240740741,14.37349305555557,7.186746527777785,0.009861020278460206,0.009931033982210676,209.3032460391259,51.04101851851851
de,87,mixed,2,51.04101851851851,1.4140403849782979,73.92603935185186,14.461000000000013,7.230500000000006,0.009687564618483004,0.10723679749382574,662.999870046,51.04101851851851
de,87,monotonous,2,51.04101851851851,1.4095112285336857,73.62998611111111,14.164946759259266,7.082473379629633,0.009914027552152241,0.09286964919577194,599.3258486370739,51.04101851851851
de,87,proportional,2,51.04101851851851,1.4046046423853558,73.26388888888889,13.798849537037043,6.8994247685185215,0.00966084093565894,0.19775631290596418,1087.2764955931564,51.04101851851851
de,87,full_power,3,51.04101851851851,1.5893564823551614,84.09582870370369,24.630789351851845,8.210263117283949,0.009770043321730518,0.00999284045570125,231.53532593577896,51.04101851851851
de,87,mixed,3,51.04101851851851,1.5353840347235328,81.25216666666665,21.78712731481481,7.262375771604937,0.009967126997494146,0.1922561111782638,1517.556105931274,51.04101851851851
de,87,monotonous,3,51.04101851851851,1.5693527080581242,82.88596759259258,23.420928240740736,7.806976080246912,0.009866650834434174,0.09540208961589096,834.2396454848044,51.04101851851851
de,87,proportional,3,51.04101851851851,1.450651066238913,75.96828240740741,16.503243055555572,5.501081018518524,0.009824738783702342,0.39352651040545084,2931.7477701646512,51.04101851851851
de,87,full_power,4,51.04101851851851,1.7303264766937159,90.46613425925925,31.001094907407406,7.750273726851852,0.009862344823169044,0.08724173884795454,981.4051669314946,51.04101851851851
de,87,mixed,4,51.04101851851851,1.5818078882808078,83.5664375,24.101398148148164,6.025349537037041,0.009782697573097252,0.3160066173184666,3126.820606872595,51.04101851851851
de,87,monotonous,4,51.04101851851851,1.6965465182109831,88.40395601851851,28.93891666666667,7.234729166666668,0.009719385956913962,0.161579201681556,1676.629096868802,51.04101851851851
de,87,proportional,4,51.04101851851851,1.4598980939799961,76.79020833333334,17.325168981481497,4.331292245370374,0.009668880118876056,0.5236643433424886,5073.602719887368,51.04101851851851
de,88,fb_only,0,48.90035231481481,1.136522346368715,52.72335648148148,0.0,,0.009821862761035062,,162.06073555707852,49.0096574074074
de,88,full_power,1,48.90035231481481,1.3512569832402235,61.257166666666656,8.533810185185175,8.533810185185175,0.009991722096539153,0.009480061443295712,187.10363873886777,49.0096574074074
de,88,mixed,1,48.90035231481481,1.3680167597765363,61.80395833333333,9.080601851851846,9.080601851851846,0.009796517572292976,0.04634410327503655,270.3658062260698,49.0096574074074
de,88,monotonous,1,48.90035231481481,1.3610335195530727,61.50365509259259,8.780298611111107,8.780298611111107,0.009781152495104967,0.06918197945715214,323.6899399757109,49.0096574074074
de,88,proportional,1,48.90035231481481,1.3736033519553073,61.97530092592593,9.251944444444447,9.251944444444447,0.009758622200009306,0.024466236898754417,218.4150580646314,49.0096574074074
de,88,full_power,2,48.90035231481481,1.467877094972067,68.1698263888889,15.446469907407412,7.723234953703706,0.008412588792734137,0.009953913719885165,185.51147825381446,49.0096574074074
de,88,mixed,2,48.90035231481481,1.4636871508379887,67.8735601851852,15.150203703703717,7.5751018518518585,0.0072769870112578214,0.14266920553843618,789.4741980720966,49.0096574074074
de,88,monotonous,2,48.90035231481481,1.4587988826815643,67.50560879629629,14.782252314814805,7.3911261574074025,0.009419806860863456,0.14718069698167707,845.9986434422758,49.0096574074074
de,88,proportional,2,48.90035231481481,1.4532122905027933,67.30060879629629,14.577252314814807,7.288626157407403,0.009834572438788831,0.2302306080560357,1242.5124582389353,49.0096574074074
de,88,full_power,3,48.90035231481481,1.51536312849162,72.86721527777777,20.143858796296293,6.714619598765431,0.009736630164886675,0.13029680821431577,1077.6833339329846,49.0096574074074
de,88,mixed,3,48.90035231481481,1.488477653631285,70.31844907407407,17.595092592592586,5.865030864197529,0.009553836083158636,0.32463808715645687,2442.441152779261,49.0096574074074
de,88,monotonous,3,48.90035231481481,1.4909217877094971,70.9658449074074,18.24248842592592,6.08082947530864,0.008620234774660259,0.25578738912744103,1942.4655184608243,49.0096574074074
de,88,proportional,3,48.90035231481481,1.4633379888268156,67.78061574074074,15.057259259259261,5.019086419753087,0.006711472359207742,0.46019935580933014,3349.622360112993,49.0096574074074
de,88,full_power,4,48.90035231481481,1.51536312849162,72.86721527777777,20.143858796296293,5.035964699074073,0.009736630164886675,0.35617891185670764,3503.0373065839744,49.0096574074074
de,88,mixed,4,48.90035231481481,1.4909217877094971,70.9658449074074,18.24248842592592,4.56062210648148,0.007704412300221437,0.46132687244661336,4456.214173992673,49.0096574074074
de,88,monotonous,4,48.90035231481481,1.5136173184357542,72.57006712962963,19.846710648148154,4.961677662037038,0.006097562870797924,0.3840842095976875,3704.856010232865,49.0096574074074
de,88,proportional,4,48.90035231481481,1.4636871508379887,67.8735601851852,15.150203703703717,3.7875509259259292,0.006705452015463424,0.5881412538254146,5629.757484152838,49.0096574074074
de,89,fb_only,0,49.81456018518518,1.1339648173207038,54.97116203703704,0.0,,0.009928937526606927,,163.8274691890143,49.81456018518518
de,89,full_power,1,49.81456018518518,1.2675430117919968,62.17590972222222,7.204747685185183,7.204747685185183,0.009839913326139657,0.009745467973927066,185.22143774813722,49.81456018518518
de,89,mixed,1,49.81456018518518,1.3110380823506669,64.54649305555556,9.575331018518519,9.575331018518519,0.00987589363818772,0.01765050536447357,204.36033061515238,49.81456018518518
de,89,monotonous,1,49.81456018518518,1.2922868741542626,63.57418518518518,8.60302314814814,8.60302314814814,0.009872411178306648,0.029930641107464597,233.11206848017162,49.81456018518518
de,89,proportional,1,49.81456018518518,1.3127778851730136,64.6023125,9.631150462962957,9.631150462962957,0.009979955283077269,0.01641541677345017,203.17982992128904,49.81456018518518
de,89,full_power,2,49.81456018518518,1.4496423738642954,70.62253472222221,15.651372685185173,7.825686342592586,0.009672766699715545,0.009994449236098976,206.4946063610829,49.81456018518518
de,89,mixed,2,49.81456018518518,1.4624009278948387,71.57967592592593,16.608513888888886,8.304256944444443,0.009919410220941895,0.04436878730695908,371.8486186897933,49.81456018518518
de,89,monotonous,2,49.81456018518518,1.4558283394548617,71.08045370370371,16.10929166666667,8.054645833333336,0.009715917457638962,0.027041050962570014,287.1892491674214,49.81456018518518
de,89,proportional,2,49.81456018518518,1.4268316257490818,69.25202083333333,14.280858796296293,7.140429398148147,0.009984985082206738,0.13941596452020985,818.8919593852359,49.81456018518518
de,89,full_power,3,49.81456018518518,1.5727817514015079,77.58300925925926,22.611847222222217,7.537282407407406,0.009982483986728762,0.009946725830826699,234.71604217838285,49.81456018518518
de,89,mixed,3,49.81456018518518,1.5346994007345833,75.66087037037036,20.68970833333332,6.896569444444441,0.009825340466109951,0.17868245682624428,1419.6852488339216,49.81456018518518
de,89,monotonous,3,49.81456018518518,1.555577034602745,76.74506712962962,21.773905092592578,7.257968364197526,0.009839148037398469,0.09318360402602538,818.1721477522415,49.81456018518518
de,89,proportional,3,49.81456018518518,1.4691668277595207,72.05599768518518,17.084835648148136,5.694945216049379,0.009946125445322114,0.3553288138427645,2664.9152616731917,49.81456018518518
de,89,full_power,4,49.81456018518518,1.7127392228880727,84.26596064814815,29.294798611111112,7.323699652777778,0.00991023764880171,0.09745668875486456,1078.0524884808772,49.81456018518518
de,89,mixed,4,49.81456018518518,1.5662091629615311,77.12679398148147,22.15563194444443,5.5389079861111075,0.009870418752146892,0.3165236792605262,3133.1201155912017,49.81456018518518
de,89,monotonous,4,49.81456018518518,1.638700947225981,81.70822685185183,26.737064814814794,6.684266203703698,0.00980045925316313,0.1836716541280181,1885.2823800145136,49.81456018518518
de,89,proportional,4,49.81456018518518,1.4768992847477287,72.41783796296295,17.44667592592591,4.361668981481477,0.009718410673637306,0.499366261937732,4846.406778138692,49.81456018518518
de,90,fb_only,0,46.45690625,1.0368265993265993,47.34414583333333,0.0,,0.009915372018631925,,163.60363830742676,46.45698148148148
de,90,full_power,1,46.45690625,1.1527777777777777,53.4138449074074,6.069699074074073,6.069699074074073,0.009684654209996086,0.009891579144726721,183.0024391384643,46.45698148148148
de,90,mixed,1,46.45690625,1.1868686868686869,54.69900462962963,7.354858796296298,7.354858796296298,0.009771506657462837,0.03340365620196896,239.594837297956,46.45698148148148
de,90,monotonous,1,46.45690625,1.1782407407407407,54.114185185185185,6.770039351851857,6.770039351851857,0.009837825612872221,0.03752118521390753,250.3488231242187,46.45698148148148
de,90,proportional,1,46.45690625,1.188973063973064,54.87645833333333,7.532312500000003,7.532312500000003,0.009721669298949888,0.023041604681293192,214.46314801498698,46.45698148148148
de,90,full_power,2,46.45690625,1.2752525252525253,59.38885185185185,12.044706018518518,6.022353009259259,0.009683091178595282,0.009925505485391005,206.34147618427676,46.45698148148148
de,90,mixed,2,46.45690625,1.2664141414141414,59.16584027777778,11.821694444444454,5.910847222222227,0.009965440881704314,0.13958545904141306,819.3647483704312,46.45698148148148
de,90,monotonous,2,46.45690625,1.2601010101010102,58.96106481481481,11.616918981481483,5.808459490740741,0.009828046855077016,0.13050533573468137,774.4938083758958,46.45698148148148
de,90,proportional,2,46.45690625,1.254208754208754,58.73041435185185,11.38626851851852,5.69313425925926,0.009878823604753492,0.23593446785806868,1270.005112668491,46.45698148148148
de,90,full_power,3,46.45690625,1.379208754208754,64.73381712962961,17.389671296296285,5.796557098765429,0.009733176836481464,0.09040972577957197,796.9010678385717,46.45698148148148
de,90,mixed,3,46.45690625,1.313973063973064,61.183104166666666,13.838958333333338,4.612986111111113,0.009986554439478884,0.3074251092916364,2328.4360674459385,46.45698148148148
de,90,monotonous,3,46.45690625,1.331439393939394,62.343041666666664,14.998895833333336,4.999631944444445,0.009812337307002992,0.2247974661254552,1744.028132156503,46.45698148148148
de,90,proportional,3,46.45690625,1.263047138047138,59.04927777777778,11.705131944444453,3.901710648148151,0.009951744529173918,0.46111287748755814,3409.516216488804,46.45698148148148
de,90,full_power,4,46.45690625,1.379208754208754,64.73381712962961,17.389671296296285,4.347417824074071,0.009733176836481464,0.3265451212834116,3224.8968359254786,46.45698148148148
de,90,mixed,4,46.45690625,1.3230218855218856,61.80758101851851,14.463435185185183,3.615858796296296,0.00977815449900259,0.45150548018123016,4398.266975254207,46.45698148148148
de,90,monotonous,4,46.45690625,1.3583754208754208,63.665101851851844,16.320956018518515,4.080239004629629,0.009843498341952625,0.3609066917414751,3549.166117944221,46.45698148148148
de,90,proportional,4,46.45690625,1.2651515151515151,59.12529861111111,11.781152777777784,2.945288194444446,0.009886006148384446,0.592889049563891,5726.789942555897,46.45698148148148
de,91,fb_only,0,52.62111111111111,1.1679609897056167,60.20777777777777,0.0,,0.009855873041416928,,162.6219051833793,52.62111111111111
de,91,full_power,1,52.62111111111111,1.2947444464511468,67.29864351851852,7.090865740740746,7.090865740740746,0.009937013404314854,0.009988163948442394,187.39295379424092,52.62111111111111
de,91,mixed,1,52.62111111111111,1.3449521401480946,69.19719907407408,8.989421296296307,8.989421296296307,0.009792635724649867,0.0099555553443983,184.93422229468123,52.62111111111111
de,91,monotonous,1,52.62111111111111,1.3377280115586057,68.80750462962962,8.599726851851848,8.599726851851848,0.009795790346679035,0.00994351770004257,184.95803324450392,52.62111111111111
de,91,proportional,1,52.62111111111111,1.346216362651255,69.27288657407408,9.065108796296308,9.065108796296308,0.009911731515121007,0.01078227221820831,188.8387806234133,52.62111111111111
de,91,full_power,2,52.62111111111111,1.4753476611883691,75.0804212962963,14.872643518518522,7.436321759259261,0.009789650468160336,0.009914138451763687,208.04637034032075,52.62111111111111
de,91,mixed,2,52.62111111111111,1.5176088134368793,76.87152546296296,16.663747685185193,8.331873842592596,0.009821445323945851,0.0170665673142701,242.13018168366185,52.62111111111111
de,91,monotonous,2,52.62111111111111,1.5044247787610618,76.43019675925927,16.222418981481503,8.111209490740752,0.009944025841401883,0.010224549346482701,212.05001191682788,52.62111111111111
de,91,proportional,2,52.62111111111111,1.4964782373126242,76.10447916666666,15.896701388888893,7.948350694444446,0.009968901216183955,0.07839084554491375,532.2967173637705,52.62111111111111
de,91,full_power,3,52.62111111111111,1.6597435434350731,85.5317361111111,25.32395833333333,8.441319444444444,0.009956071134615718,0.009942377069882442,234.24962353899198,52.62111111111111
de,91,mixed,3,52.62111111111111,1.6564926855698032,85.31705324074075,25.109275462962977,8.369758487654325,0.009692950159796598,0.07149509772770174,663.1161754442087,52.62111111111111
de,91,monotonous,3,52.62111111111111,1.6624525916561315,85.73797453703703,25.530196759259262,8.510065586419755,0.00970046065728906,0.02267108167850329,319.61667369857565,52.62111111111111
de,91,proportional,3,52.62111111111111,1.5777496839443743,80.24602314814814,20.03824537037037,6.679415123456789,0.009923580238255977,0.2649722377164709,2028.6136829797456,52.62111111111111
de,91,full_power,4,52.62111111111111,1.7975437962795737,94.28305324074074,34.07527546296297,8.518818865740743,0.009992389488592957,0.009987938683805736,258.60124317061684,52.62111111111111
de,91,mixed,4,52.62111111111111,1.687195232075131,88.0111712962963,27.803393518518526,6.950848379629631,0.00995654726059602,0.20740502782990355,2110.571810955649,52.62111111111111
de,91,monotonous,4,52.62111111111111,1.761964962976341,92.49495138888888,32.28717361111111,8.071793402777777,0.009770580901979235,0.06570645078453258,777.803919044711,52.62111111111111
de,91,proportional,4,52.62111111111111,1.5977966407802058,81.60222453703703,21.39444675925926,5.348611689814815,0.009870145175854179,0.4143313226560677,4050.942527206133,52.62111111111111
de,92,fb_only,0,53.321597222222216,1.1140691440192272,58.067023148148145,0.0,,0.009867807401324475,,162.81882212185383,53.321597222222216
de,92,full_power,1,53.321597222222216,1.2577186171196155,65.60108796296296,7.534064814814819,7.534064814814819,0.009963114112059012,0.009868012259198884,187.54173960905428,53.321597222222216
de,92,mixed,1,53.321597222222216,1.2852652985764466,67.27578240740742,9.208759259259274,9.208759259259274,0.009971299540053814,0.02276311353534977,217.92870676481851,53.321597222222216
de,92,monotonous,1,53.321597222222216,1.2771307080791274,66.72721296296295,8.660189814814807,8.660189814814807,0.009649524965115121,0.0251989275106171,218.33384586430722,53.321597222222216
de,92,proportional,1,53.321597222222216,1.2967276760953965,67.96019444444444,9.893171296296295,9.893171296296295,0.009843039375637552,0.015172184371345506,198.00409423319616,53.321597222222216
de,92,full_power,2,53.321597222222216,1.4200406729524866,73.80937268518518,15.742349537037036,7.871174768518518,0.009680115698991108,0.009988758728324448,206.5891649866516,53.321597222222216
de,92,mixed,2,53.321597222222216,1.448511739693104,75.68596990740741,17.618946759259266,8.809473379629633,0.009882621618443898,0.04305578809026973,365.0810144238699,53.321597222222216
de,92,monotonous,2,53.321597222222216,1.4244777223146607,74.20742824074073,16.14040509259258,8.07020254629629,0.009776515379296994,0.04606630470359733,377.4556054276791,53.321597222222216
de,92,proportional,2,53.321597222222216,1.4180070253281567,73.6329050925926,15.565881944444449,7.7829409722222245,0.00983221373811303,0.13703298781218123,805.1903054936195,53.321597222222216
de,92,full_power,3,53.321597222222216,1.5788500647069699,83.93783101851851,25.870807870370363,8.623602623456788,0.009799781617766345,0.009963178366490633,231.81724603650576,53.321597222222216
de,92,mixed,3,53.321597222222216,1.509706045479756,79.88469444444443,21.81767129629629,7.2725570987654296,0.009722382506575276,0.17014518409765908,1357.9011170378167,53.321597222222216
de,92,monotonous,3,53.321597222222216,1.5276391199852097,80.93362962962962,22.866606481481476,7.622202160493825,0.009652543913783349,0.08942174962079434,788.6172484085758,53.321597222222216
de,92,proportional,3,53.321597222222216,1.4551673137363652,76.08368055555556,18.016657407407415,6.005552469135805,0.00991803638977356,0.34533811132667774,2594.137227948422,53.321597222222216
de,92,full_power,4,53.321597222222216,1.6692549454612682,91.06263888888887,32.995615740740725,8.248903935185181,0.009988497199653357,0.0691189035065903,813.4219943001239,53.321597222222216
de,92,mixed,4,53.321597222222216,1.5812534664448141,84.09867824074072,26.03165509259258,6.507913773148145,0.009839893912640412,0.2811720788442375,2800.877037432892,53.321597222222216
de,92,monotonous,4,53.321597222222216,1.6455906821963395,88.91194444444444,30.8449212962963,7.711230324074075,0.009924994913552055,0.142738549088718,1503.2209607221384,53.321597222222216
de,92,proportional,4,53.321597222222216,1.465705305971529,76.78639814814815,18.719375000000007,4.679843750000002,0.009852503321331686,0.4888490139180106,4749.925451408584,53.321597222222216
de,93,fb_only,0,53.663587962962964,1.054885104976029,55.66163194444444,0.0,,0.009938755747126184,,163.98946982758204,53.663587962962964
de,93,full_power,1,53.663587962962964,1.1752355761282858,64.01021296296297,8.34858101851853,8.34858101851853,0.009869468930918354,0.009960648193080469,186.2139180211196,53.663587962962964
de,93,mixed,1,53.663587962962964,1.1919325508348488,64.96464814814814,9.303016203703706,9.303016203703706,0.009675216278717045,0.023928947870569445,215.77838030318713,53.663587962962964
de,93,monotonous,1,53.663587962962964,1.185815837328484,64.70244675925926,9.040814814814823,9.040814814814823,0.009882055141271667,0.02239694631974354,215.59714589710083,53.663587962962964
de,93,proportional,1,53.663587962962964,1.19573483220367,65.19635185185186,9.534719907407421,9.534719907407421,0.00981196640708478,0.02095103826291457,211.04858148169643,53.663587962962964
de,93,full_power,2,53.663587962962964,1.2874855347991403,71.87762731481482,16.21599537037038,8.10799768518519,0.00993123404805376,0.009950167836326332,210.55154928093017,53.663587962962964
de,93,mixed,2,53.663587962962964,1.2947594643742768,72.36956712962963,16.707935185185192,8.353967592592596,0.009902686978322004,0.06922299369846696,488.1886215755201,53.663587962962964
de,93,monotonous,2,53.663587962962964,1.291949082492974,72.1773148148148,16.51568287037037,8.257841435185185,0.009914996432268106,0.046379398169527936,381.2095773438488,53.663587962962964
de,93,proportional,2,53.663587962962964,1.2697966606050586,70.50711342592592,14.845481481481485,7.422740740740743,0.00979936355865901,0.182726114252482,1019.0404267905192,53.663587962962964
de,93,full_power,3,53.663587962962964,1.3856835840634816,79.08768287037036,23.42605092592592,7.808683641975307,0.009816483827562079,0.009938468053928852,231.91892131832554,53.663587962962964
de,93,mixed,3,53.663587962962964,1.3278227806248968,75.09134027777777,19.429708333333338,6.476569444444446,0.009900781374664344,0.22128930725294182,1720.797037128166,53.663587962962964
de,93,monotonous,3,53.663587962962964,1.3415440568689039,76.20749768518519,20.54586574074075,6.84862191358025,0.009789862802544364,0.13285971341692432,1096.5993992702954,53.663587962962964
de,93,proportional,3,53.663587962962964,1.2964126301868077,72.47342592592592,16.811793981481486,5.603931327160495,0.009843431024305412,0.3924491458167749,2924.473700159501,53.663587962962964
de,93,full_power,4,53.663587962962964,1.4508183170772029,83.6734861111111,28.011854166666666,7.0029635416666665,0.009977370674632474,0.14598205260167113,1534.5221977455178,53.663587962962964
de,93,mixed,4,53.663587962962964,1.3455116548189783,76.497125,20.83549305555556,5.20887326388889,0.00974639417169217,0.354048020350879,3483.2021268055696,53.663587962962964
de,93,monotonous,4,53.663587962962964,1.4137874028765085,81.66433101851851,26.002699074074073,6.500674768518518,0.009711371239928997,0.20726103908119708,2105.175216196782,53.663587962962964
de,93,proportional,4,53.663587962962964,1.300049594974376,72.76209259259258,17.100460648148143,4.275115162037036,0.009927843643151309,0.528422321016835,5122.524480533976,53.663587962962964
de,94,fb_only,0,46.47901574074074,1.084515139900345,49.98925925925926,0.0,,0.009753195512112485,,160.927725949856,46.479004629629635
de,94,full_power,1,46.47901574074074,1.2165580682253736,57.67076620370371,7.681506944444443,7.681506944444443,0.009887354537426089,0.009980193983074238,186.55488495182263,46.479004629629635
de,94,mixed,1,46.47901574074074,1.2316979685703335,58.5545625,8.56530324074074,8.56530324074074,0.009863630223011788,0.03415974353316425,242.88865700849783,46.479004629629635
de,94,monotonous,1,46.47901574074074,1.2274817937907243,58.3205925925926,8.331333333333333,8.331333333333333,0.00969295736633332,0.03583057888385446,243.99233460602233,46.479004629629635
de,94,proportional,1,46.47901574074074,1.2328478344193177,58.59975694444445,8.610497685185187,8.610497685185187,0.009849395553232875,0.027004616535510773,225.86785702065072,46.479004629629635
de,94,full_power,2,46.47901574074074,1.343043311613645,63.437550925925926,13.448291666666663,6.724145833333331,0.009709664120981407,0.009936935353906893,206.83355867672435,46.479004629629635
de,94,mixed,2,46.47901574074074,1.3447681103871214,63.5243587962963,13.535099537037034,6.767549768518517,0.009713464619933892,0.09312610459805856,597.219849003,46.479004629629635
de,94,monotonous,2,46.47901574074074,1.338827136834036,63.274490740740745,13.285231481481482,6.642615740740741,0.00999050429244096,0.07778394716661785,529.8056009310468,46.479004629629635
de,94,proportional,2,46.47901574074074,1.3336527405136067,63.01256944444445,13.023310185185188,6.511655092592594,0.009872146199457022,0.1833286463110522,1023.0684207824978,46.479004629629635
de,94,full_power,3,46.47901574074074,1.4607129168263702,69.40987731481482,19.420618055555558,6.473539351851852,0.00965722432637821,0.009945926010231929,229.34362864525278,46.479004629629635
de,94,mixed,3,46.47901574074074,1.4009198926791875,66.73639814814814,16.747138888888877,5.582379629629625,0.009887204662640665,0.23492882389116823,1816.567939479613,46.479004629629635
de,94,monotonous,3,46.47901574074074,1.4181678804139517,67.25962268518519,17.27036342592593,5.756787808641977,0.009785794016364154,0.15242405677910856,1234.2261128813745,46.479004629629635
de,94,proportional,3,46.47901574074074,1.347259486393254,63.69079166666667,13.701532407407406,4.567177469135802,0.009754122520912348,0.4007778360539734,2981.617431742918,46.479004629629635
de,94,full_power,4,46.47901574074074,1.5308547336144116,71.19368981481482,21.204430555555554,5.3011076388888885,0.009836839867791991,0.19956801204455427,2035.054082844665,46.479004629629635
de,94,mixed,4,46.47901574074074,1.423342276734381,67.46526851851853,17.476009259259264,4.369002314814816,0.009710398113791869,0.3706845768133607,3638.7256376941427,46.479004629629635
de,94,monotonous,4,46.47901574074074,1.4653123802223074,69.71765277777779,19.728393518518523,4.932098379629631,0.009734772695600507,0.2550703426374296,2554.2038447870477,46.479004629629635
de,94,proportional,4,46.47901574074074,1.3532004599463396,64.11411805555555,14.124858796296287,3.531214699074072,0.00983933013641176,0.5366788955455053,5198.543703049816,46.479004629629635
de,96,fb_only,0,46.78511574074074,1.1414721013058964,53.18896296296296,0.0,,0.009872966144220363,,162.903941379636,46.785115740740736
de,96,full_power,1,46.78511574074074,1.263157894736842,58.498164351851855,5.309201388888894,5.309201388888894,0.009845030171621888,0.009921858506778281,185.719677888663,46.785115740740736
de,96,mixed,1,46.78511574074074,1.307281361297982,60.135798611111106,6.946835648148145,6.946835648148145,0.009708176558473926,0.025387046672260556,219.74292470794305,46.785115740740736
de,96,monotonous,1,46.78511574074074,1.2821527502967947,59.3470300925926,6.158067129629636,6.158067129629636,0.009753620443532921,0.04434783190751801,264.97475097333046,46.785115740740736
de,96,proportional,1,46.78511574074074,1.3108428967154728,60.35942361111111,7.1704606481481505,7.1704606481481505,0.00994084904585787,0.017788740271646578,205.75639393393772,46.785115740740736
de,96,full_power,2,46.78511574074074,1.425999208547685,67.31208564814814,14.12312268518518,7.06156134259259,0.009977609463111017,0.009949343163018374,211.312874262214,46.785115740740736
de,96,mixed,2,46.78511574074074,1.437277404036407,67.76480092592593,14.575837962962964,7.287918981481482,0.009977951546563425,0.08256256952535382,552.0197767312566,46.785115740740736
de,96,monotonous,2,46.78511574074074,1.4186782746339532,66.93612962962962,13.747166666666658,6.873583333333329,0.00996062691211994,0.08291610059122001,553.3926880239833,46.785115740740736
de,96,proportional,2,46.78511574074074,1.4125445191927186,66.55110648148148,13.362143518518522,6.681071759259261,0.00994223040604293,0.1828504742483794,1021.9812268731046,46.785115740740736
de,96,full_power,3,46.78511574074074,1.6470122675108825,78.37376157407407,25.184798611111106,8.394932870370369,0.009668412603335886,0.009980537091490705,229.7718280049537,46.785115740740736
de,96,mixed,3,46.78511574074074,1.5362089434111594,73.24043518518518,20.051472222222216,6.683824074074072,0.009850266871827745,0.20081493380556378,1575.8649075087155,46.785115740740736
de,96,monotonous,3,46.78511574074074,1.6098140087059756,76.24144907407407,23.052486111111108,7.684162037037036,0.009907845928930544,0.08402626197942956,754.8562896385791,46.785115740740736
de,96,proportional,3,46.78511574074074,1.44400474871389,67.95556944444444,14.766606481481475,4.922202160493825,0.009717871064802944,0.39744433433976983,2957.558097652549,46.785115740740736
de,96,full_power,4,46.78511574074074,1.7026117926394935,82.71902777777778,29.53006481481482,7.382516203703705,0.009677525696845029,0.12517078204620738,1334.281792719553,46.785115740740736
de,96,mixed,4,46.78511574074074,1.6181242580134547,76.82907638888888,23.640113425925918,5.9100283564814795,0.009811577735152953,0.3161512147850101,3128.654032172559,46.785115740740736
de,96,monotonous,4,46.78511574074074,1.6792639493470518,80.81053240740742,27.62156944444446,6.905392361111115,0.009784253575174522,0.18356646362001275,1884.0278786005792,46.785115740740736
de,96,proportional,4,46.78511574074074,1.448753462603878,68.15384490740742,14.964881944444457,3.7412204861111142,0.009731206524516037,0.5341334102717686,5172.872829644792,46.785115740740736
de,97,fb_only,0,31.35720185185185,1.397811645173896,45.65159259259259,0.0,,0.009655220797915262,,159.31114316560183,31.342754629629628
de,97,full_power,1,31.35720185185185,1.596717467760844,52.221428240740735,6.569835648148143,6.569835648148143,0.009904382614073198,0.009951311615821247,186.7680901829244,31.342754629629628
de,97,mixed,1,31.35720185185185,1.611957796014068,52.919555555555554,7.267962962962962,7.267962962962962,0.009996424702445933,0.0998950712026937,399.29484463187737,31.342754629629628
de,97,monotonous,1,31.35720185185185,1.586166471277843,51.74206018518518,6.090467592592589,6.090467592592589,0.009950488346903605,0.21403669880562315,666.3131531219015,31.342754629629628
de,97,proportional,1,31.35720185185185,1.6361860101602188,53.75140046296296,8.09980787037037,8.09980787037037,0.009695067928436274,0.02658310551090999,222.33258634779335,31.342754629629628
de,97,full_power,2,31.35720185185185,1.8022665103556077,59.61227546296296,13.96068287037037,6.980341435185185,0.00987895900000912,0.10180698566482672,640.6812002395175,31.342754629629628
de,97,mixed,2,31.35720185185185,1.7366158655724893,56.74853935185185,11.09694675925926,5.54847337962963,0.009816449013972483,0.3053837087673029,1594.8317702667314,31.342754629629628
de,97,monotonous,2,31.35720185185185,1.715513872606487,55.88593518518518,10.23434259259259,5.117171296296295,0.009748487982841444,0.3570501042617605,1836.129140913064,31.342754629629628
de,97,proportional,2,31.35720185185185,1.722547870261821,56.14574537037036,10.49415277777777,5.247076388888885,0.00992566965244299,0.3706570679388532,1902.8965120344087,31.342754629629628
de,97,full_power,3,31.35720185185185,1.8022665103556077,59.61227546296296,13.96068287037037,4.653560956790123,0.00987895900000912,0.4172938474633388,3099.916921947129,31.342754629629628
de,97,mixed,3,31.35720185185185,1.7514654161781946,57.42435185185185,11.77275925925926,3.9242530864197533,0.009920243068602192,0.5108971825579754,3759.378381474967,31.342754629629628
de,97,monotonous,3,31.35720185185185,1.7573270808909731,57.69518518518518,12.043592592592589,4.014530864197529,0.00974415958573549,0.4862512952791061,3583.015249338984,31.342754629629628
de,97,proportional,3,31.35720185185185,1.7248925361469325,56.241023148148145,10.589430555555552,3.529810185185184,0.009851832895801119,0.5844667078581307,4276.031932686243,31.342754629629628
de,97,full_power,4,31.35720185185185,1.8022665103556077,59.61227546296296,13.96068287037037,3.4901707175925925,0.00987895900000912,0.5686222211667527,5498.953746928957,31.342754629629628
de,97,mixed,4,31.35720185185185,1.7592809691285658,57.78503935185185,12.133446759259257,3.0333616898148144,0.009985108741096359,0.6229100480609563,6010.142185232104,31.342754629629628
de,97,monotonous,4,31.35720185185185,1.7827276279796795,58.85831018518518,13.20671759259259,3.3016793981481474,0.009764702595778253,0.5843599524766974,5644.751386871669,31.342754629629628
de,97,proportional,4,31.35720185185185,1.7256740914419695,56.27332870370369,10.621736111111098,2.6554340277777744,0.009893286582861373,0.68919662470959,6630.660354892005,31.342754629629628
de,98,fb_only,0,41.730453549382716,1.0388632499392763,42.32463657407407,0.0,,0.009999028852792002,,164.98397607106804,41.73040509259259
de,98,full_power,1,41.730453549382716,1.1860578090842846,49.282321759259254,6.957685185185184,6.957685185185184,0.009903213294514688,0.00999234276599225,186.84505548851018,41.73040509259259
de,98,mixed,1,41.730453549382716,1.1960165168812242,49.93845138888889,7.613814814814823,7.613814814814823,0.009925481508235573,0.0537919822538459,289.96643525340943,41.73040509259259
de,98,monotonous,1,41.730453549382716,1.1909157153266943,49.54972222222222,7.225085648148152,7.225085648148152,0.009912063556139952,0.06100861590513755,306.67526158976193,41.73040509259259
de,98,proportional,1,41.730453549382716,1.1982025746903084,50.121664351851855,7.797027777777785,7.797027777777785,0.009930235502266254,0.03580860801521578,247.8558801910894,41.73040509259259
de,98,full_power,2,41.730453549382716,1.2871022589264027,55.270324074074075,12.945687500000005,6.472843750000003,0.00994366389368703,0.009961740443676115,210.81094040756435,41.73040509259259
de,98,mixed,2,41.730453549382716,1.2666990527082826,54.427097222222216,12.102460648148146,6.051230324074073,0.009658902085634798,0.19059354915434798,1053.636817045175,41.73040509259259
de,98,monotonous,2,41.730453549382716,1.2603837745931503,54.15216203703704,11.827525462962967,5.913762731481484,0.009768454524939787,0.1949638915572333,1075.950078848045,41.73040509259259
de,98,proportional,2,41.730453549382716,1.2550400777264998,53.908113425925926,11.583476851851856,5.791738425925928,0.009755588563703104,0.2703211393054494,1429.3139969222698,41.73040509259259
de,98,full_power,3,41.730453549382716,1.3478260869565217,57.50710185185185,15.18246527777778,5.06082175925926,0.009720771408681304,0.24177148209233684,1861.9804192091083,41.73040509259259
de,98,mixed,3,41.730453549382716,1.2829730386203546,55.094069444444436,12.769432870370366,4.256477623456789,0.009861188055088555,0.3942742438042261,2937.6117308031044,41.73040509259259
de,98,monotonous,3,41.730453549382716,1.298518338596065,55.707960648148145,13.383324074074075,4.461108024691359,0.009948566445215613,0.3398424615854585,2555.9625909845145,41.73040509259259
de,98,proportional,3,41.730453549382716,1.2620840417779937,54.22912037037037,11.904483796296297,3.9681612654320992,0.009921333160741092,0.49654718861574276,3658.4011106298253,41.73040509259259
de,98,full_power,4,41.730453549382716,1.3478260869565217,57.50710185185185,15.18246527777778,3.795616319444445,0.009720771408681304,0.43905125695383584,4280.449723498037,41.73040509259259
de,98,mixed,4,41.730453549382716,1.2975467573475832,55.673668981481484,13.349032407407414,3.3372581018518535,0.009669405728987814,0.524553434820245,5081.954626881478,41.73040509259259
de,98,monotonous,4,41.730453549382716,1.3432110760262328,57.293219907407405,14.968583333333335,3.7421458333333337,0.009923466927188278,0.45784956846255176,4460.197554751192,41.73040509259259
de,98,proportional,4,41.730453549382716,1.2640272042749574,54.3185162037037,11.993879629629632,2.998469907407408,0.009792198163887728,0.6206054747946013,5985.333045176685,41.73040509259259
de,99,fb_only,0,49.67306944444444,1.098116790631429,53.65281018518518,0.0,,0.009835324775008371,,162.28285878763813,49.67313888888889
de,99,full_power,1,49.67306944444444,1.225826871340402,61.46976157407407,7.816951388888889,7.816951388888889,0.009962638395505154,0.009829612822186013,187.44380520668344,49.67313888888889
de,99,mixed,1,49.67306944444444,1.2340560215223928,61.96065972222222,8.307849537037036,8.307849537037036,0.009691668237294438,0.032476865842645204,236.1032531822039,49.67313888888889
de,99,monotonous,1,49.67306944444444,1.230416205095743,61.76858564814815,8.115775462962965,8.115775462962965,0.009942968787510678,0.037242274361843304,251.4293606468106,49.67313888888889
de,99,proportional,1,49.67306944444444,1.23579680329166,62.0896712962963,8.43686111111112,8.43686111111112,0.009907953457840889,0.024882902085876794,221.8565203478416,49.67313888888889
de,99,full_power,2,49.67306944444444,1.3226776388669093,66.98632638888888,13.333516203703702,6.666758101851851,0.009839848695920254,0.009964346748889793,209.1102184284751,49.67313888888889
de,99,mixed,2,49.67306944444444,1.335337869916126,67.83146759259259,14.178657407407407,7.089328703703703,0.009862345700505875,0.067859391192798,481.1249675349552,49.67313888888889
de,99,monotonous,2,49.67306944444444,1.3256844437410982,67.21920138888889,13.56639120370371,6.783195601851855,0.009766454356305574,0.06416817838532421,462.2235898629832,49.67313888888889
de,99,proportional,2,49.67306944444444,1.3191960753283747,66.73610416666666,13.083293981481482,6.541646990740741,0.009787612437043621,0.14910446546040687,861.0937571514488,49.67313888888889
de,99,full_power,3,49.67306944444444,1.4375692356385503,75.20581712962964,21.553006944444455,7.184335648148152,0.009860115931876934,0.009968244475012558,232.8484174911078,49.67313888888889
de,99,mixed,3,49.67306944444444,1.396898243392942,72.25934259259259,18.606532407407407,6.202177469135802,0.009836656605960994,0.18127438010348415,1438.1139211666778,49.67313888888889
de,99,monotonous,3,49.67306944444444,1.421269188162684,74.09088194444443,20.438071759259252,6.812690586419751,0.009903771673877413,0.09865209129771622,857.7256511723041,49.67313888888889
de,99,proportional,3,49.67306944444444,1.3494223769583795,68.64163425925925,14.988824074074067,4.996274691358022,0.009958814234362264,0.3475932663304821,2610.6818433009103,49.67313888888889
de,99,full_power,4,49.67306944444444,1.641082449754708,85.38665972222222,31.733849537037038,7.9334623842592595,0.009839244120971737,0.026886691105671965,414.65223733165936,49.67313888888889
de,99,mixed,4,49.67306944444444,1.4367779711979745,75.15284722222222,21.50003703703704,5.37500925925926,0.009961301760967368,0.30286696465998036,3006.465075425217,49.67313888888889
de,99,monotonous,4,49.67306944444444,1.5356860262699794,81.54689583333334,27.894085648148156,6.973521412037039,0.009990250315096316,0.13876226088872562,1466.9841863788904,49.67313888888889
de,99,proportional,4,49.67306944444444,1.3739515746162367,70.38328703703702,16.73047685185184,4.18261921296296,0.009850298023731175,0.4860180602178886,4723.323394476231,49.67313888888889
de,100,fb_only,0,45.721296296296295,1.13322483143455,51.522629629629634,0.0,,0.00985535910401394,,162.61342521623,45.721296296296295
de,100,full_power,1,45.721296296296295,1.2841199720995118,58.046787037037035,6.524157407407401,6.524157407407401,0.009979145613506076,0.010000490534047892,188.11705341572662,45.721296296296295
de,100,mixed,1,45.721296296296295,1.3138804929086259,59.47168518518518,7.949055555555546,7.949055555555546,0.009752618852986714,0.04092223562507583,256.9217758507087,45.721296296296295
de,100,monotonous,1,45.721296296296295,1.303650313880493,58.93734722222222,7.414717592592588,7.414717592592588,0.009868256438834091,0.06091690134879316,305.7372818050312,45.721296296296295
de,100,proportional,1,45.721296296296295,1.3171355498721227,59.63673379629629,8.114104166666657,8.114104166666657,0.009976465158797989,0.0263177058001712,226.35301292736844,45.721296296296295
de,100,full_power,2,45.721296296296295,1.4547779586142757,66.38501157407407,14.862381944444436,7.431190972222218,0.009736417552843615,0.009908489196222992,207.14152093059792,45.721296296296295
de,100,mixed,2,45.721296296296295,1.453847942338991,66.33819907407407,14.815569444444435,7.4077847222222175,0.009949003818465075,0.11632332413038392,709.9475998244351,45.721296296296295
de,100,monotonous,2,45.721296296296295,1.449430365031388,66.11338888888889,14.590759259259258,7.295379629629629,0.009925666636707924,0.10486163149067469,655.7842744599265,45.721296296296295
de,100,proportional,2,45.721296296296295,1.4340850964891885,65.57382407407407,14.051194444444434,7.025597222222217,0.009971312016699896,0.2036393147682069,1120.0023131679752,45.721296296296295
de,100,full_power,3,45.721296296296295,1.644966286910021,76.02540277777778,24.50277314814815,8.167591049382716,0.009666733719214938,0.009995067705902819,229.84639288119052,45.721296296296295
de,100,mixed,3,45.721296296296295,1.540339455940479,70.03563425925925,18.51300462962962,6.171001543209873,0.009982517564325118,0.26189151355048607,2007.9040121796854,45.721296296296295
de,100,monotonous,3,45.721296296296295,1.5717275052313415,71.72418287037037,20.201553240740736,6.733851080246912,0.009712777767790393,0.18034409101920063,1429.5225457616755,45.721296296296295
de,100,proportional,3,45.721296296296295,1.4550104626830969,66.39703240740741,14.874402777777775,4.958134259259258,0.009870250602145376,0.4241307408375246,3147.891288949897,45.721296296296295
de,100,full_power,4,45.721296296296295,1.6477563357358753,76.21709722222222,24.694467592592588,6.173616898148147,0.009898184429060083,0.25838306348660967,2587.9867108378367,45.721296296296295
de,100,mixed,4,45.721296296296295,1.5828877005347595,72.13200462962963,20.609375,5.15234375,0.009689263290031292,0.3934545577518151,3852.050414228549,45.721296296296295
de,100,monotonous,4,45.721296296296295,1.6172983027202976,74.47622916666666,22.95359953703702,5.738399884259255,0.009889305794871291,0.30752054437619797,3048.9463340416182,45.721296296296295
de,100,proportional,4,45.721296296296295,1.4657056498488723,66.79769675925925,15.275067129629619,3.8187667824074047,0.009769518669956699,0.5568876248412248,5387.030529564339,45.721296296296295
de,101,fb_only,0,52.77150462962962,1.1255164273067086,58.766872685185184,0.0,,0.00994641014028349,,164.11576731467758,52.771504629629625
de,101,full_power,1,52.77150462962962,1.2567381467637222,65.1993287037037,6.432456018518515,6.432456018518515,0.009944945332144895,0.00995936855149336,187.45627660219418,52.771504629629625
de,101,mixed,1,52.77150462962962,1.3084792445406257,68.11878009259259,9.351907407407403,9.351907407407403,0.00972467969438047,0.015317276113590197,196.39154471976036,52.771504629629625
de,101,monotonous,1,52.77150462962962,1.2819201259098958,66.55538194444443,7.78850925925925,7.78850925925925,0.009746682875735317,0.03250099285254126,237.0675966816945,52.771504629629625
de,101,proportional,1,52.77150462962962,1.310249852449341,68.259,9.492127314814816,9.492127314814816,0.009659424362213918,0.01661729665983321,198.36467994049835,52.771504629629625
de,101,full_power,2,52.77150462962962,1.404879008459571,74.51121759259259,15.744344907407402,7.872172453703701,0.00968488750041048,0.009923828550421732,206.36324731535169,52.771504629629625
de,101,mixed,2,52.77150462962962,1.4135353137910682,74.87929166666666,16.112418981481476,8.056209490740738,0.009959629208892425,0.08318691070277512,554.6468669641458,52.771504629629625
de,101,monotonous,2,52.77150462962962,1.400354121581743,74.2723773148148,15.50550462962962,7.75275231481481,0.009845037029354948,0.07977097611826953,536.7285309312773,52.771504629629625
de,101,proportional,2,52.77150462962962,1.395435766279756,73.93166666666667,15.164793981481488,7.582396990740744,0.009696140682274076,0.16229323590198275,921.4661841096253,52.771504629629625
de,101,full_power,3,52.77150462962962,1.589809167814283,84.30222685185186,25.53535416666667,8.511784722222224,0.009891883742383029,0.00993855474287664,233.16363002968578,52.771504629629625
de,101,mixed,3,52.77150462962962,1.5181979146173519,80.81165277777778,22.044780092592596,7.348260030864199,0.00970974388952248,0.18816437850589446,1484.5116701016063,52.771504629629625
de,101,monotonous,3,52.77150462962962,1.56443045445603,82.40365277777778,23.636780092592595,7.878926697530865,0.009900659343978262,0.09830007429761042,855.1968020822235,52.771504629629625
de,101,proportional,3,52.77150462962962,1.4231752901829628,75.39055324074073,16.623680555555545,5.541226851851849,0.009999910219413448,0.36991651698232053,2768.4709651418943,52.771504629629625
de,101,full_power,4,52.77150462962962,1.653747786740114,88.47241435185185,29.70554166666667,7.426385416666667,0.009927382893562183,0.13776952623327132,1456.631051916794,52.771504629629625
de,101,mixed,4,52.77150462962962,1.5717096203029708,82.94400231481481,24.177129629629626,6.044282407407406,0.009956400141960078,0.3193757140021547,3161.302302538561,52.771504629629625
de,101,monotonous,4,52.77150462962962,1.629156010230179,86.65372685185186,27.886854166666673,6.971713541666668,0.00989305678846238,0.1990368830760561,2030.9975477953399,52.771504629629625
de,101,proportional,4,52.77150462962962,1.4668502852646075,77.82954629629629,19.0626736111111,4.765668402777775,0.009796145697170421,0.5033738593519257,4885.296700161783,52.771504629629625
de,104,fb_only,0,51.956650462962955,1.1050245561012466,55.751416666666664,0.0,,0.009779216652773306,,161.35707477075954,51.95734722222222
de,104,full_power,1,51.956650462962955,1.2544389875330564,63.97751157407407,8.226094907407408,8.226094907407408,0.009942937352093773,0.009959014370751128,187.42231402332942,51.95734722222222
de,104,mixed,1,51.956650462962955,1.2765394786550812,65.15962962962963,9.40821296296297,9.40821296296297,0.009992407305688143,0.029234906201914254,233.4598104935452,51.95734722222222
de,104,monotonous,1,51.956650462962955,1.2602946732149602,64.24531712962963,8.493900462962962,8.493900462962962,0.009955443583184865,0.054218674972070134,291.4618306070268,51.95734722222222
de,104,proportional,1,51.956650462962955,1.2795617680392897,65.3538449074074,9.602428240740743,9.602428240740743,0.00979515433780359,0.025054931376666926,220.39891558341984,51.95734722222222
de,104,full_power,2,51.956650462962955,1.393653192293162,72.96637268518518,17.214956018518514,8.607478009259257,0.009804935403424586,0.009904588641818472,208.25376406391794,51.95734722222222
de,104,mixed,2,51.956650462962955,1.3955421231582925,73.09253935185185,17.34112268518519,8.670561342592595,0.009846514665379849,0.09010115167070476,585.2220956177142,51.95734722222222
de,104,monotonous,2,51.956650462962955,1.3925198337740838,72.89287962962963,17.14146296296297,8.570731481481484,0.009888668032446233,0.07106943852477382,496.62082809360163,51.95734722222222
de,104,proportional,2,51.956650462962955,1.376841707593502,71.80798148148149,16.056564814814827,8.028282407407414,0.009928306675541086,0.17996176675059797,1008.1976697402336,51.95734722222222
de,104,full_power,3,51.956650462962955,1.549867774839441,83.07865046296297,27.327233796296305,9.109077932098769,0.009684434315070729,0.009976030158936243,230.0044664572603,51.95734722222222
de,104,mixed,3,51.956650462962955,1.4703437854174537,78.21069212962962,22.459275462962957,7.486425154320986,0.009889460733175419,0.21302880144273093,1662.4728066513346,51.95734722222222
de,104,monotonous,3,51.956650462962955,1.4928220627125046,79.90388425925927,24.152467592592608,8.050822530864203,0.009774848525542792,0.12553391281081597,1044.7926790339789,51.95734722222222
de,104,proportional,3,51.956650462962955,1.4000755572346053,73.42253472222222,17.67111805555556,5.890372685185187,0.009885952823732209,0.39626756352425135,2952.0493336752625,51.95734722222222
de,104,full_power,4,51.956650462962955,1.6611258027956177,88.63887037037037,32.887453703703706,8.221863425925926,0.009658666453720634,0.11582225076933399,1246.2439977058207,51.95734722222222
de,104,mixed,4,51.956650462962955,1.5013222516055913,80.49595138888887,24.744534722222205,6.186133680555551,0.009820112208111565,0.3448547457261841,3398.1487853283525,51.95734722222222
de,104,monotonous,4,51.956650462962955,1.5948243294295428,85.74631712962962,29.994900462962953,7.498725115740738,0.00985319208686621,0.1949869229136233,1992.3349540547333,51.95734722222222
de,104,proportional,4,51.956650462962955,1.409520211560257,74.17951620370371,18.42809953703705,4.607024884259262,0.00986482801028866,0.5290619646941053,5127.487138859247,51.95734722222222
de,105,fb_only,0,45.9199324074074,1.1180541420720538,49.647650462962964,0.0,,0.009986569426838496,,164.77839554283517,45.919930555555545
de,105,full_power,1,45.9199324074074,1.2641970282922859,57.393935185185185,7.746284722222221,7.746284722222221,0.009995784980578884,0.009852681522685116,188.04484303177088,45.919930555555545
de,105,mixed,1,45.9199324074074,1.2760024424994911,58.025659722222215,8.378009259259251,8.378009259259251,0.009719525767123698,0.04416657184898987,263.9869527152713,45.919930555555545
de,105,monotonous,1,45.9199324074074,1.2709139018929372,57.810625,8.162974537037037,8.162974537037037,0.009846079781542593,0.05501248990071853,291.5196177025385,45.919930555555545
de,105,proportional,1,45.9199324074074,1.2774272338693262,58.07423379629629,8.426583333333326,8.426583333333326,0.009896970083064236,0.030850355196417538,235.67493966135544,45.919930555555545
de,105,full_power,2,45.9199324074074,1.3696315896600855,62.59724768518518,12.949597222222216,6.474798611111108,0.009790914580423202,0.009969940452953732,208.32905118224173,45.919930555555545
de,105,mixed,2,45.9199324074074,1.368003256665988,62.52717824074074,12.879527777777774,6.439763888888887,0.00993126528674853,0.129348813475808,770.770510059842,45.919930555555545
de,105,monotonous,2,45.9199324074074,1.3616934663138611,62.22708333333333,12.579432870370368,6.289716435185184,0.009937336905431854,0.12491781531187647,750.08044838295,45.919930555555545
de,105,proportional,2,45.9199324074074,1.346427844494199,61.418303240740734,11.77065277777777,5.885326388888885,0.009965009179977016,0.21893330938500002,1191.657739104041,45.919930555555545
de,105,full_power,3,45.9199324074074,1.508854060655404,70.39297685185186,20.74532638888889,6.915108796296297,0.009962199276142043,0.02532852246169726,342.638429141769,45.919930555555545
de,105,mixed,3,45.9199324074074,1.4001628332994098,64.11523148148147,14.467581018518509,4.8225270061728365,0.009920870266486552,0.30024275299838094,2276.802854999633,45.919930555555545
de,105,monotonous,3,45.9199324074074,1.4235701200895583,65.19409027777778,15.54643981481481,5.1821466049382705,0.009782635438006086,0.21586073383700952,1680.6413294719734,45.919930555555545
de,105,proportional,3,45.9199324074074,1.367799715041726,62.51880324074074,12.871152777777773,4.290384259259258,0.009705444227180527,0.44119712929748844,3265.2852257442023,45.919930555555545
de,105,full_power,4,45.9199324074074,1.508854060655404,70.39297685185186,20.74532638888889,5.186331597222223,0.009962199276142043,0.27803662539237006,2773.4719807383444,45.919930555555545
de,105,mixed,4,45.9199324074074,1.4209240789741502,65.02593055555556,15.378280092592597,3.844570023148149,0.009946843247596837,0.431715565830379,4215.341783337624,45.919930555555545
de,105,monotonous,4,45.9199324074074,1.4758803175249338,68.44147916666665,18.79382870370369,4.698457175925922,0.009941596683483767,0.32464042897171186,3210.4621307480265,45.919930555555545
de,105,proportional,4,45.9199324074074,1.3700386729086098,62.61569907407407,12.968048611111108,3.242012152777777,0.009834366476835363,0.5725762261613205,5535.322353165615,45.919930555555545
de,106,fb_only,0,53.842665277777776,1.0732635585156993,56.305201388888875,0.0,,0.00998289470276412,,164.71776259560798,53.73105324074074
de,106,full_power,1,53.842665277777776,1.2081826831588962,63.850509259259255,7.5453078703703795,7.5453078703703795,0.009781936179591074,0.009893221113242092,184.61144369491868,53.73105324074074
de,106,mixed,1,53.842665277777776,1.2340627973358707,65.28669444444445,8.981493055555575,8.981493055555575,0.009678892702289162,0.024497291283878387,217.1723749397499,53.73105324074074
de,106,monotonous,1,53.842665277777776,1.2258801141769744,64.8774699074074,8.572268518518527,8.572268518518527,0.00977044003858787,0.02765637902242542,226.09412582330992,53.73105324074074
de,106,proportional,1,53.842665277777776,1.2355851569933396,65.3843611111111,9.07915972222223,9.07915972222223,0.009688876510410546,0.021223666943356315,209.65718507088792,53.73105324074074
de,106,full_power,2,53.842665277777776,1.3516650808753568,72.4448912037037,16.13968981481483,8.069844907407415,0.009907408922281083,0.009993133880454582,210.36003138473075,53.73105324074074
de,106,mixed,2,53.842665277777776,1.3659372026641294,73.28446296296296,16.979261574074087,8.489630787037044,0.009780435716380015,0.029594053188601095,300.23248688118656,53.73105324074074
de,106,monotonous,2,53.842665277777776,1.361941008563273,73.00906944444444,16.70386805555556,8.35193402777778,0.009711856866404366,0.009904053037637594,206.71545514826764,53.73105324074074
de,106,proportional,2,53.842665277777776,1.3206470028544244,70.80111342592593,14.495912037037058,7.247956018518529,0.009656417061975092,0.17431382425076908,977.2113449071976,53.73105324074074
de,106,full_power,3,53.842665277777776,1.4795432921027594,81.27868518518518,24.973483796296307,8.324494598765435,0.009993389365465203,0.009976588039173414,235.10615114987834,53.73105324074074
de,106,mixed,3,53.842665277777776,1.414081826831589,76.8768611111111,20.571659722222222,6.857219907407408,0.009935122777068362,0.18093251803256105,1437.3325877347927,53.73105324074074
de,106,monotonous,3,53.842665277777776,1.4669838249286393,80.1758726851852,23.870671296296322,7.956890432098774,0.009971253987742795,0.061804692745928716,599.5071183436023,53.73105324074074
de,106,proportional,3,53.842665277777776,1.3644148430066603,73.17039583333333,16.865194444444455,5.621731481481485,0.009975288276588631,0.3890186759764746,2902.5056980861405,53.73105324074074
de,106,full_power,4,53.842665277777776,1.5784966698382492,87.52358333333333,31.21838194444446,7.804595486111115,0.00982327174370989,0.08146063242435247,926.5105584413368,53.73105324074074
de,106,mixed,4,53.842665277777776,1.4744053282588012,80.82680787037036,24.521606481481484,6.130401620370371,0.009699304123749794,0.300097543726135,2976.1538683679223,53.73105324074074
de,106,monotonous,4,53.842665277777776,1.535870599429115,84.83563425925924,28.530432870370362,7.1326082175925904,0.009737148451798095,0.15881365675946968,1650.9703044855319,53.73105324074074
de,106,proportional,4,53.842665277777776,1.3680304471931495,73.44310185185185,17.137900462962975,4.284475115740744,0.00990867599280223,0.5295351103820015,5132.6506297059395,53.73105324074074
de,107,fb_only,0,45.490833333333335,1.2524576448441749,56.87547685185186,0.0,,0.009998139610120534,,164.9693035669888,45.49083333333333
de,107,full_power,1,45.490833333333335,1.38402007948128,63.971835648148144,7.096358796296286,7.096358796296286,0.009962090819834304,0.010000171064254906,187.83489984400802,45.49083333333333
de,107,mixed,1,45.490833333333335,1.3994980129679984,64.92247685185185,8.046999999999997,8.046999999999997,0.009738028437965472,0.033101479953783916,238.33354119800737,45.49083333333333
de,107,monotonous,1,45.490833333333335,1.3932231750679773,64.47799074074075,7.602513888888893,7.602513888888893,0.009803787442908407,0.04080201163607553,257.48401210622194,45.49083333333333
de,107,proportional,1,45.490833333333335,1.405354528341351,65.23218055555556,8.356703703703701,8.356703703703701,0.009875772386173811,0.02099675389388308,212.2086290069176,45.49083333333333
de,107,full_power,2,45.490833333333335,1.5864881823886217,73.29002777777778,16.414550925925923,8.207275462962961,0.009940681047841276,0.009921875016082231,210.57467486483887,45.49083333333333
de,107,mixed,2,45.490833333333335,1.6212089521020707,74.67169212962962,17.796215277777762,8.898107638888881,0.009950962845555507,0.041605931434757285,359.40591724354704,45.49083333333333
de,107,monotonous,2,45.490833333333335,1.6088684375653628,74.06021296296295,17.184736111111093,8.592368055555546,0.009784014406943833,0.02217348366374084,265.47422306484526,45.49083333333333
de,107,proportional,2,45.490833333333335,1.547375026145158,72.4967523148148,15.621275462962942,7.810637731481471,0.009983985766997957,0.1597523119822236,914.2936129760594,45.49083333333333
de,107,full_power,3,45.490833333333335,1.7306002928257687,81.37230787037036,24.496831018518506,8.165610339506168,0.009913086243968696,0.009936226354309225,233.4970841071118,45.49083333333333
de,107,mixed,3,45.490833333333335,1.6885588788956285,78.72143518518519,21.84595833333333,7.2819861111111095,0.009941685995662497,0.18391328630491327,1458.4195279424107,45.49083333333333
de,107,monotonous,3,45.490833333333335,1.712194101652374,80.00559027777778,23.130113425925927,7.710037808641975,0.009930924524289484,0.09651077923063806,843.1031188760071,45.49083333333333
de,107,proportional,3,45.490833333333335,1.6245555323154153,74.90730092592592,18.031824074074066,6.010608024691355,0.009996806255746468,0.3661272203224076,2741.750679848921,45.49083333333333
de,107,full_power,4,45.490833333333335,1.8207487973227359,86.75105787037036,29.875581018518503,7.468895254629626,0.009651480063598346,0.12852270150876097,1365.3064520075854,45.49083333333333
de,107,mixed,4,45.490833333333335,1.719305584605731,80.48278935185185,23.607312499999992,5.901828124999998,0.009702673507357408,0.3231475488777945,3192.510711540621,45.49083333333333
de,107,monotonous,4,45.490833333333335,1.7684584814892281,84.16435185185185,27.28887499999999,6.8222187499999976,0.009916360632327587,0.19917128073614124,2032.6432488613546,45.49083333333333
de,107,proportional,4,45.490833333333335,1.6327128215854423,75.53871064814814,18.663233796296282,4.6658084490740706,0.009831362223317923,0.5084461652788352,4933.476291661335,45.49083333333333
de,108,fb_only,0,49.00306203703704,1.0833009708737864,50.833810185185186,0.0,,0.00992840329053013,,163.81865429374716,48.975106481481475
de,108,full_power,1,49.00306203703704,1.1889320388349514,58.66979861111111,7.835988425925926,7.835988425925926,0.00994033023890046,0.009847804679623401,187.11839872025408,48.975106481481475
de,108,mixed,1,49.00306203703704,1.1990291262135921,59.653,8.819189814814813,8.819189814814813,0.009775682822061515,0.05782390092085202,296.95363812433385,48.975106481481475
de,108,monotonous,1,49.00306203703704,1.192233009708738,58.98548379629629,8.151673611111107,8.151673611111107,0.00992394879884127,0.08779832266005953,369.7200201413806,48.975106481481475
de,108,proportional,1,49.00306203703704,1.2023300970873787,59.976835648148146,9.14302546296296,9.14302546296296,0.009914646710952412,0.03072030114124756,235.66149720808158,48.975106481481475
de,108,full_power,2,49.00306203703704,1.3710679611650485,66.62282175925927,15.789011574074081,7.8945057870370405,0.009957370722451946,0.009919635157897186,210.8395450813107,48.975106481481475
de,108,mixed,2,49.00306203703704,1.3601941747572817,65.8247986111111,14.99098842592592,7.49549421296296,0.0098842597660587,0.13674824351006443,804.7130446891908,48.975106481481475
de,108,monotonous,2,49.00306203703704,1.3497087378640777,65.30486111111111,14.471050925925923,7.235525462962961,0.009880337938656029,0.14671849791932356,851.4287682252907,48.975106481481475
de,108,proportional,2,49.00306203703704,1.3450485436893205,64.9872962962963,14.153486111111107,7.0767430555555535,0.009784425345643612,0.23244893840491862,1252.093437198998,48.975106481481475
de,108,full_power,3,49.00306203703704,1.4464077669902913,71.52664583333335,20.69283564814816,6.8976118827160535,0.009994138007469362,0.14166868781362682,1161.96750195555,48.975106481481475
de,108,mixed,3,49.00306203703704,1.3937864077669904,68.1188773148148,17.28506712962961,5.76168904320987,0.009995702327621836,0.3282836820125193,2475.389642409871,48.975106481481475
de,108,monotonous,3,49.00306203703704,1.4023300970873787,68.81299074074073,17.979180555555544,5.993060185185182,0.009992175262508793,0.2695539299002153,2061.9914504691105,48.975106481481475
de,108,proportional,3,49.00306203703704,1.3532038834951456,65.56056712962963,14.726756944444446,4.908918981481482,0.009970900531591637,0.4669062754431059,3450.6062253398413,48.975106481481475
de,108,full_power,4,49.00306203703704,1.4464077669902913,71.52664583333335,20.69283564814816,5.17320891203704,0.009994138007469362,0.3646312134337057,3586.6025839851386,48.975106481481475
de,108,mixed,4,49.00306203703704,1.402135922330097,68.7960462962963,17.96223611111111,4.490559027777778,0.009928711079862504,0.46870090809467563,4562.113054378167,48.975106481481475
de,108,monotonous,4,49.00306203703704,1.416504854368932,70.09872685185185,19.264916666666664,4.816229166666666,0.009900876896752045,0.4038759028955416,3953.335941568171,48.975106481481475
de,108,proportional,4,49.00306203703704,1.3592233009708738,65.78935416666667,14.955543981481483,3.738885995370371,0.009712329752980321,0.5941491460583979,5735.749027536181,48.975106481481475
de,110,fb_only,0,37.75243055555556,1.0873831775700935,41.55566435185185,0.0,,0.00997558337410369,,164.5971256727109,37.73843055555556
de,110,full_power,1,37.75243055555556,1.200233644859813,46.99709722222222,5.44143287037037,5.44143287037037,0.009953866777984547,0.009856670768682518,187.36255146007423,37.73843055555556
de,110,mixed,1,37.75243055555556,1.2170560747663552,47.40713888888889,5.851474537037035,5.851474537037035,0.00975700738092923,0.058284513773525504,297.7260910980232,37.73843055555556
de,110,monotonous,1,37.75243055555556,1.205841121495327,47.14825925925926,5.59259490740741,5.59259490740741,0.009748912230533634,0.10783127921300674,413.82923283751876,37.73843055555556
de,110,proportional,1,37.75243055555556,1.2207943925233644,47.51678472222222,5.961120370370367,5.961120370370367,0.009907001962377595,0.02629913515538806,225.1633034537707,37.73843055555556
de,110,full_power,2,37.75243055555556,1.3427570093457943,52.486143518518524,10.930479166666672,5.465239583333336,0.009824406920351487,0.00991153576990153,208.6076400181775,37.73843055555556
de,110,mixed,2,37.75243055555556,1.3207943925233645,51.45241666666667,9.896752314814819,4.948376157407409,0.009657466646204807,0.17722059236463197,990.8672190372325,37.73843055555556
de,110,monotonous,2,37.75243055555556,1.3093457943925233,50.88465972222222,9.328995370370365,4.664497685185182,0.009803999472628739,0.19117199631345028,1058.7449980010829,37.73843055555556
de,110,proportional,2,37.75243055555556,1.3011682242990654,50.71625694444445,9.1605925925926,4.5802962962963,0.009758491592189432,0.26212855998854157,1390.9223147373625,37.73843055555556
de,110,full_power,3,37.75243055555556,1.435981308411215,54.599016203703705,13.043351851851853,4.347783950617284,0.009678269918410368,0.20507254450978266,1602.9920219136213,37.73843055555556
de,110,mixed,3,37.75243055555556,1.3532710280373832,52.76549305555556,11.209828703703707,3.7366095679012354,0.009850975866990555,0.3630772535862334,2717.8788125452547,37.73843055555556
de,110,monotonous,3,37.75243055555556,1.3675233644859812,53.13725462962963,11.581590277777778,3.8605300925925925,0.009842417145119383,0.30186227022353923,2286.906540727739,37.73843055555556
de,110,proportional,3,37.75243055555556,1.3158878504672897,51.204351851851854,9.648687500000001,3.216229166666667,0.009950646942632792,0.481466600742493,3552.747610579106,37.73843055555556
de,110,full_power,4,37.75243055555556,1.435981308411215,54.599016203703705,13.043351851851853,3.260837962962963,0.009678269918410368,0.41181124496087235,4024.128176366597,37.73843055555556
de,110,mixed,4,37.75243055555556,1.3651869158878505,53.07335879629629,11.517694444444437,2.8794236111111093,0.009933004789108578,0.4991961345117414,4848.3511052784725,37.73843055555556
de,110,monotonous,4,37.75243055555556,1.4310747663551402,54.40572453703704,12.850060185185185,3.2125150462962964,0.00996547478126488,0.4270972992254891,4172.31138982286,37.73843055555556
de,110,proportional,4,37.75243055555556,1.3207943925233645,51.45241666666667,9.896752314814819,2.4741880787037047,0.009751614902736122,0.6085860228873373,5871.87288466992,37.73843055555556
de,111,fb_only,0,13.044332696759259,3.1877637130801686,42.080074074074076,0.0,,0.009936017936952058,,163.94429595970894,13.044309027777777
de,111,full_power,1,13.044332696759259,3.559774964838256,48.36059722222222,6.280523148148141,6.280523148148141,0.009904807760514677,0.00996306770056767,186.80268487402392,13.044309027777777
de,111,mixed,1,13.044332696759259,3.5949367088607596,49.37650925925926,7.296435185185182,7.296435185185182,0.009723870888320937,0.10351363582648732,403.2868593062347,13.044309027777777
de,111,monotonous,1,13.044332696759259,3.552039381153305,48.154127314814815,6.074053240740739,6.074053240740739,0.009907643688670576,0.1890795589899789,607.056766253555,13.044309027777777
de,111,proportional,1,13.044332696759259,3.6181434599156117,50.03559259259259,7.955518518518517,7.955518518518517,0.009942097587173324,0.03451390666759678,245.01423523054189,13.044309027777777
de,111,full_power,2,13.044332696759259,4.148382559774965,54.32727199074075,12.247197916666671,6.123598958333336,0.009991437210423166,0.07504210960248033,516.9562922268199,13.044309027777777
de,111,mixed,2,13.044332696759259,4.055555555555555,52.43928356481481,10.359209490740731,5.179604745370366,0.009719382468584706,0.30252874234626387,1579.8346698203177,13.044309027777777
de,111,monotonous,2,13.044332696759259,3.728551336146273,51.94332638888889,9.863252314814815,4.931626157407408,0.00986478363193191,0.3501468923910875,1805.658149025859,13.044309027777777
de,111,proportional,2,13.044332696759259,3.7412095639943743,52.049055555555555,9.968981481481478,4.984490740740739,0.009657589284977872,0.3869288510883416,1974.8203925086336,13.044309027777777
de,111,full_power,3,13.044332696759259,4.148382559774965,54.32727199074075,12.247197916666671,4.082399305555557,0.009991437210423166,0.3998632591796721,2979.096332078514,13.044309027777777
de,111,mixed,3,13.044332696759259,4.09212376933896,53.01810763888889,10.938033564814816,3.6460111882716055,0.009886600851847189,0.5003159039486182,3684.352246045854,13.044309027777777
de,111,monotonous,3,13.044332696759259,4.10267229254571,53.25310532407407,11.173031249999994,3.724343749999998,0.009934415732164017,0.46924817223978127,3466.4864958042867,13.044309027777777
de,111,proportional,3,13.044332696759259,3.746132208157525,52.090800925925926,10.01072685185185,3.3369089506172833,0.00984674301180359,0.5922471173769164,4330.706471793497,13.044309027777777
de,111,full_power,4,13.044332696759259,4.148382559774965,54.32727199074075,12.247197916666671,3.061799479166668,0.009991437210423166,0.5559066372892839,5381.486598294622,13.044309027777777
de,111,mixed,4,13.044332696759259,4.10267229254571,53.25310532407407,11.173031249999994,2.7932578124999985,0.009992287329201106,0.6132143917098705,5919.276592737243,13.044309027777777
de,111,monotonous,4,13.044332696759259,4.139943741209564,54.085021990740735,12.004947916666659,3.0012369791666647,0.009881085724464708,0.5702367812408667,5514.139869617961,13.044309027777777
de,111,proportional,4,13.044332696759259,3.748241912798875,52.11173379629629,10.031659722222216,2.507914930555554,0.009895872538642473,0.6940652659249297,6676.390352327141,13.044309027777777
de,112,fb_only,0,12.368489814814813,4.778073443320915,56.713712962962965,0.0,,0.009880761026330268,,163.03255693444942,12.367293981481481
de,112,full_power,1,12.368489814814813,5.567323044172432,63.982337962962966,7.268625,7.268625,0.00981869088197228,0.009841918688936491,185.09754079678763,12.367293981481481
de,112,mixed,1,12.368489814814813,5.616285258116019,65.71138657407407,8.997673611111104,8.997673611111104,0.009901433506272447,0.024815683828632775,221.59124711546787,12.367293981481481
de,112,monotonous,1,12.368489814814813,5.595529536987759,64.97100694444444,8.257293981481475,8.257293981481475,0.009693833878532444,0.024864097046756593,218.27943066747628,12.367293981481481
de,112,proportional,1,12.368489814814813,5.624800425758382,66.03189583333332,9.318182870370357,9.318182870370357,0.009805998439642253,0.019309765410473162,207.0996839070672,12.367293981481481
de,112,full_power,2,12.368489814814813,5.891431612559872,72.40496527777778,15.691252314814811,7.8456261574074055,0.009909298883439938,0.009999068950982796,210.41906309477025,12.367293981481481
de,112,mixed,2,12.368489814814813,5.948908994145822,73.84113425925925,17.127421296296284,8.563710648148142,0.00972449358988559,0.06860612111042198,482.35406448321226,12.367293981481481
de,112,monotonous,2,12.368489814814813,5.899414582224588,72.66081944444444,15.947106481481477,7.973553240740738,0.009809709262803055,0.06736082589600516,477.91719794030666,12.367293981481481
de,112,proportional,2,12.368489814814813,5.825971261309207,70.7827037037037,14.068990740740738,7.034495370370369,0.009892323945991703,0.26268573650946236,1395.7448208112605,12.367293981481481
de,112,full_power,3,12.368489814814813,6.786588610963278,81.75463194444444,25.040918981481475,8.346972993827158,0.009710580856736224,0.009950001385980086,230.25269389067552,12.367293981481481
de,112,mixed,3,12.368489814814813,6.629590207557211,78.57593287037037,21.8622199074074,7.2874066358024665,0.0098923873090809,0.18921248660546228,1494.9018713290784,12.367293981481481
de,112,monotonous,3,12.368489814814813,6.778073443320915,81.44830092592592,24.734587962962955,8.244862654320984,0.009865977177740784,0.05200757902768098,528.8179646295416,12.367293981481481
de,112,proportional,3,12.368489814814813,5.869079297498669,71.71338425925927,14.999671296296306,4.999890432098769,0.009817524100465864,0.49280685689717846,3630.3638065000287,12.367293981481481
de,112,full_power,4,12.368489814814813,7.613092070250133,90.32348842592593,33.609775462962965,8.402443865740741,0.009799014795578065,0.009978434469800327,255.32137319164434,12.367293981481481
de,112,mixed,4,12.368489814814813,6.778605641298563,81.46722685185185,24.753513888888882,6.188378472222221,0.009694735338126995,0.3110064526458866,3078.4476847080955,12.367293981481481
de,112,monotonous,4,12.368489814814813,7.556146886641831,88.31848379629629,31.604770833333326,7.9011927083333315,0.009842827295176505,0.08379451073515955,948.7343391091495,12.367293981481481
de,112,proportional,4,12.368489814814813,5.875465673230441,71.90370833333334,15.189995370370376,3.797498842592594,0.009876981544320398,0.6148089984471076,5932.337836908944,12.367293981481481
de,113,fb_only,0,42.203009259259254,1.0616638795986622,44.41311342592593,0.0,,0.009845737274685077,,162.45466503230378,42.203009259259254
de,113,full_power,1,42.203009259259254,1.1803929765886287,50.83278009259259,6.419666666666664,6.419666666666664,0.009803215564770628,0.009880672178469434,184.93311374940467,42.203009259259254
de,113,mixed,1,42.203009259259254,1.191680602006689,51.8355,7.422386574074075,7.422386574074075,0.009772845184344969,0.05599579067333113,292.61807046132685,42.203009259259254
de,113,monotonous,1,42.203009259259254,1.185200668896321,51.22248148148147,6.809368055555545,6.809368055555545,0.009936848526472006,0.08447742608582126,362.1420422841248,42.203009259259254
de,113,proportional,1,42.203009259259254,1.1946070234113713,52.106997685185185,7.6938842592592565,7.6938842592592565,0.009992286433435063,0.029491177048848988,234.05902750827826,42.203009259259254
de,113,full_power,2,42.203009259259254,1.2978678929765886,56.511370370370365,12.098256944444437,6.049128472222218,0.009828599284827991,0.00998993252332026,209.0446515990805,42.203009259259254
de,113,mixed,2,42.203009259259254,1.292015050167224,56.21631712962964,11.803203703703709,5.901601851851854,0.009662867874811956,0.14608335338797002,844.8604140307525,42.203009259259254
de,113,monotonous,2,42.203009259259254,1.2729933110367893,55.47204166666666,11.058928240740734,5.529464120370367,0.009988919845952213,0.15978997128651262,914.5517227345288,42.203009259259254
de,113,proportional,2,42.203009259259254,1.2683946488294315,55.3405787037037,10.92746527777777,5.463732638888885,0.009689883405534838,0.2436957600398355,1303.303582298233,42.203009259259254
de,113,full_power,3,42.203009259259254,1.4504598662207357,62.28506481481482,17.87195138888889,5.9573171296296294,0.009837325481826007,0.07898818177652052,718.2346937932805,42.203009259259254
de,113,mixed,3,42.203009259259254,1.3471989966555185,59.050504629629636,14.637391203703707,4.879130401234569,0.009974759147565763,0.31163865487193215,2357.8963789234936,42.203009259259254
de,113,monotonous,3,42.203009259259254,1.3867056856187292,60.148178240740734,15.735064814814805,5.245021604938269,0.00968068826744446,0.2257452811520812,1748.526645161181,42.203009259259254
de,113,proportional,3,42.203009259259254,1.2849080267558528,55.86901851851851,11.45590509259258,3.8186350308641934,0.009836190885318022,0.4634729007206513,3424.2194248796914,42.203009259259254
de,113,full_power,4,42.203009259259254,1.4504598662207357,62.28506481481482,17.87195138888889,4.467987847222222,0.009837325481826007,0.31802910880354135,3146.7010274625613,42.203009259259254
de,113,mixed,4,42.203009259259254,1.3837792642140467,60.0598449074074,15.646731481481474,3.9116828703703685,0.009934585599487147,0.4436838815881901,4327.450207215114,42.203009259259254
de,113,monotonous,4,42.203009259259254,1.4362458193979932,61.91602546296296,17.502912037037035,4.375728009259259,0.009916257725168846,0.34503761023259616,3401.451186887968,42.203009259259254
de,113,proportional,4,42.203009259259254,1.292433110367893,56.233037037037036,11.819923611111108,2.954980902777777,0.009894462564860342,0.591302962659461,5712.0456339165785,42.203009259259254
de,114,fb_only,0,46.157088888888886,1.0814600948649207,48.920849537037036,0.0,,0.009966594184596786,,164.44880404584697,46.12510648148148
de,114,full_power,1,46.157088888888886,1.2188080016498246,56.63134259259259,7.710493055555553,7.710493055555553,0.00988132000109269,0.009877236139053287,186.2137760002484,46.12510648148148
de,114,mixed,1,46.157088888888886,1.2396370385646525,57.63679629629629,8.715946759259253,8.715946759259253,0.009871266402244356,0.03699164330025152,249.65829081942195,46.12510648148148
de,114,monotonous,1,46.157088888888886,1.2326252835636213,57.33063888888889,8.409789351851856,8.409789351851856,0.009889682488239055,0.046596021669620624,272.49402789287444,46.12510648148148
de,114,proportional,1,46.157088888888886,1.2416993194473087,57.717166666666664,8.796317129629628,8.796317129629628,0.009800721723740071,0.024095536748893805,218.24003765461606,46.12510648148148
de,114,full_power,2,46.157088888888886,1.3563621365229945,63.24641203703704,14.325562500000004,7.162781250000002,0.009673757336968496,0.009933290439422602,206.22399480175102,46.12510648148148
de,114,mixed,2,46.157088888888886,1.3613116106413694,63.45590509259259,14.535055555555552,7.267527777777776,0.009940018592561327,0.10545848359889216,658.8215118232639,46.12510648148148
de,114,monotonous,2,46.157088888888886,1.3477005568158382,62.71927314814815,13.798423611111112,6.899211805555556,0.009806548915385469,0.09759147829591998,619.7072732683168,46.12510648148148
de,114,proportional,2,46.157088888888886,1.340276345638276,62.18989583333334,13.269046296296303,6.634523148148151,0.009751488302612455,0.21290450282226003,1159.8474842351495,46.12510648148148
de,114,full_power,3,46.157088888888886,1.5075273252216952,69.95758333333335,21.03673379629631,7.012244598765437,0.00983075500560853,0.009933368194005837,232.1185029419538,46.12510648148148
de,114,mixed,3,46.157088888888886,1.4128686327077749,65.58111111111111,16.660261574074077,5.553420524691359,0.00979496209518566,0.26687770307816117,2039.9021488346616,46.12510648148148
de,114,monotonous,3,46.157088888888886,1.4281295112394308,66.4678587962963,17.547009259259262,5.849003086419754,0.009657769380966966,0.182956442313762,1447.0006357902118,46.12510648148148
de,114,proportional,3,46.157088888888886,1.3561559084347288,63.233238425925926,14.31238888888889,4.770796296296297,0.00979860857076746,0.4377405586700825,3242.4950933377036,46.12510648148148
de,114,full_power,4,46.157088888888886,1.5128892555166014,70.33266666666665,21.41181712962962,5.352954282407405,0.009755433300470844,0.24322985571809197,2443.4336155163437,46.12510648148148
de,114,mixed,4,46.157088888888886,1.427510826974634,66.43581712962964,17.514967592592605,4.378741898148151,0.009946504349605418,0.4082111646663977,3994.770890997965,46.12510648148148
de,114,monotonous,4,46.157088888888886,1.499484429779336,69.55414120370371,20.633291666666672,5.158322916666668,0.009766319410194863,0.2821660104651524,2808.990112473205,46.12510648148148
de,114,proportional,4,46.157088888888886,1.362548979170963,63.51147916666666,14.590629629629625,3.647657407407406,0.009854166005800077,0.5709631534853259,5520.511971401999,46.12510648148148
de,115,fb_only,0,45.39511003086419,1.080210074003342,47.431164351851855,0.0,,0.00985536398199717,,162.61350570295332,45.329365740740734
de,115,full_power,1,45.39511003086419,1.2525662449271902,55.637606481481484,8.206442129629629,8.206442129629629,0.009660318184959837,0.009977422106138625,182.8022823128385,45.329365740740734
de,115,mixed,1,45.39511003086419,1.276199570303175,56.672476851851854,9.2413125,9.2413125,0.009975871464317158,0.037366457604087494,252.26358870042236,45.329365740740734
de,115,monotonous,1,45.39511003086419,1.2666507519694439,56.33181481481481,8.900650462962957,8.900650462962957,0.009895647419397672,0.0517002610608827,284.5669948688924,45.329365740740734
de,115,proportional,1,45.39511003086419,1.2795416567199809,56.80357638888889,9.372412037037037,9.372412037037037,0.009652759983016568,0.02333846761181557,214.0225847370927,45.329365740740734
de,115,full_power,2,45.39511003086419,1.3984244449749343,61.66498148148148,14.233817129629628,7.116908564814814,0.009950495908327276,0.00998891688279391,211.0511805014691,45.329365740740734
de,115,mixed,2,45.39511003086419,1.3969921222248747,61.627775462962965,14.19661111111111,7.098305555555555,0.009888927946594,0.11708534830885656,712.531765383956,45.329365740740734
de,115,monotonous,2,45.39511003086419,1.3774170446407257,60.77062268518518,13.339458333333326,6.669729166666663,0.009648693730028744,0.12598362323213536,750.3186067506533,45.329365740740734
de,115,proportional,2,45.39511003086419,1.3693005490570542,60.39055092592593,12.959386574074074,6.479693287037037,0.009889828106221776,0.19575599094563498,1081.6692732695785,45.329365740740734
de,115,full_power,3,45.39511003086419,1.5356887085223203,66.72679629629629,19.29563194444443,6.43187731481481,0.009647164887077047,0.05159927165588521,522.3338945508914,45.329365740740734
de,115,mixed,3,45.39511003086419,1.4530914299355455,63.65520138888889,16.224037037037036,5.408012345679012,0.009825768493641163,0.2789557974867592,2125.41608285689,45.329365740740734
de,115,monotonous,3,45.39511003086419,1.474814991644784,64.66043055555555,17.229266203703695,5.743088734567898,0.009825012963063226,0.21015516701561837,1641.1847793464653,45.329365740740734
de,115,proportional,3,45.39511003086419,1.400572929100024,61.72764814814815,14.296483796296293,4.765494598765431,0.009815269014199275,0.41753397108046314,3100.5560271985873,45.329365740740734
de,115,full_power,4,45.39511003086419,1.5356887085223203,66.72679629629629,19.29563194444443,4.823907986111108,0.009647164887077047,0.29789840973060344,2954.656897548754,45.329365740740734
de,115,mixed,4,45.39511003086419,1.4846025304368584,65.03005092592592,17.598886574074065,4.399721643518516,0.009800760898770158,0.4169776717224381,4074.6310262730667,45.329365740740734
de,115,monotonous,4,45.39511003086419,1.5163523513965147,66.24578703703703,18.814622685185178,4.7036556712962945,0.009739363601662391,0.33305978801697184,3286.1325501786932,45.329365740740734
de,115,proportional,4,45.39511003086419,1.4034375746001433,61.82576157407407,14.394597222222217,3.598649305555554,0.009733156584854973,0.557135221161561,5388.753999030196,45.329365740740734
de,116,fb_only,0,17.206791975308644,2.4402985074626864,38.422053240740745,0.0,,0.009745174612896704,,160.7953811127956,17.257074074074072
de,116,full_power,1,17.206791975308644,2.833688699360341,48.845398148148156,10.423344907407412,10.423344907407412,-0.15684634967808303,0.009878576137630386,-2564.789630069489,17.257074074074072
de,116,mixed,1,17.206791975308644,2.833688699360341,48.845398148148156,10.423344907407412,10.423344907407412,-0.10305397140953998,0.010001069019140968,-1676.928020338505,17.257074074074072
de,116,monotonous,1,17.206791975308644,2.833688699360341,48.845398148148156,10.423344907407412,10.423344907407412,-0.11726310457622896,0.010000424891985688,-1911.3802287111794,17.257074074074072
de,116,proportional,1,17.206791975308644,2.833688699360341,48.845398148148156,10.423344907407412,10.423344907407412,-0.10071074187135581,-0.012563155123942779,-1691.2004027981407,17.257074074074072
de,116,full_power,2,17.206791975308644,2.986140724946695,50.17793518518519,11.755881944444447,5.877940972222223,0.009983501104664618,0.008795779112992501,205.997563825127,17.257074074074072
de,116,mixed,2,17.206791975308644,2.833688699360341,48.845398148148156,10.423344907407412,5.211672453703706,-0.00489414722547768,0.2191520471682599,947.5079760930938,17.257074074074072
de,116,monotonous,2,17.206791975308644,2.833688699360341,48.845398148148156,10.423344907407412,5.211672453703706,-0.020461982006484608,0.24702489231212496,821.4180916214942,17.257074074074072
de,116,proportional,2,17.206791975308644,2.833688699360341,48.845398148148156,10.423344907407412,5.211672453703706,-0.014366877716180587,0.25499164100732996,959.3672972894126,17.257074074074072
de,116,full_power,3,17.206791975308644,2.997867803837953,50.88664814814815,12.464594907407403,4.154864969135801,-0.012697313673247761,0.2982880118612214,1889.845351870688,17.257074074074072
de,116,mixed,3,17.206791975308644,2.8699360341151388,49.111530092592595,10.68947685185185,3.5631589506172836,0.009809260164132276,0.42301054347591244,3139.0009976916544,17.257074074074072
de,116,monotonous,3,17.206791975308644,2.890191897654584,49.264194444444435,10.84214120370369,3.61404706790123,0.009989188305256106,0.3991036946192699,2973.7134097671474,17.257074074074072
de,116,proportional,3,17.206791975308644,2.833688699360341,48.845398148148156,10.423344907407412,3.474448302469137,-0.005062914511706984,0.4941828023939348,3394.5204738053485,17.257074074074072
de,116,full_power,4,17.206791975308644,2.997867803837953,50.88664814814815,12.464594907407403,3.1161487268518506,-0.012697313673247761,0.4810077252000377,4304.270817668566,17.257074074074072
de,116,mixed,4,17.206791975308644,2.970149253731343,50.016050925925924,11.59399768518518,2.898499421296295,0.00964645456710704,0.544717634140406,5270.796779130836,17.257074074074072
de,116,monotonous,4,17.206791975308644,2.997867803837953,50.88664814814815,12.464594907407403,3.1161487268518506,-0.014191797860522343,0.5029220409551177,4485.255767624207,17.257074074074072
de,116,proportional,4,17.206791975308644,2.833688699360341,48.845398148148156,10.423344907407412,2.605836226851853,-0.0013304364861721485,0.6186189292506086,5783.1678300658705,17.257074074074072
de,117,fb_only,0,36.163100462962966,1.3951690821256038,50.95920833333333,0.0,,0.00979047611673875,,161.54285592618936,36.16221296296296
de,117,full_power,1,36.163100462962966,1.559098228663446,55.94771527777778,4.9885069444444525,4.9885069444444525,0.009672178260030476,0.009821698237753163,182.63264535627178,36.16221296296296
de,117,mixed,1,36.163100462962966,1.596135265700483,57.055692129629634,6.0964837962963045,6.0964837962963045,0.009876311773801343,0.054422770093742905,290.634962907643,36.16221296296296
de,117,monotonous,1,36.163100462962966,1.56682769726248,56.10567129629629,5.146462962962964,5.146462962962964,0.00990568690689017,0.13207404945806545,473.2895539923093,36.16221296296296
de,117,proportional,1,36.163100462962966,1.6264090177133654,57.69650925925926,6.737300925925929,6.737300925925929,0.009971145812306306,0.020252829150186155,212.03704308939075,36.16221296296296
de,117,full_power,2,36.163100462962966,1.7945249597423512,64.55384259259259,13.594634259259259,6.797317129629629,0.009837246774935316,0.00999550483580806,209.21348047604414,36.16221296296296
de,117,mixed,2,36.163100462962966,1.7587761674718196,63.343625,12.384416666666674,6.192208333333337,0.009946122257440878,0.17101764290175372,966.525797742803,36.16221296296296
de,117,monotonous,2,36.163100462962966,1.7191626409017713,61.96729166666666,11.008083333333332,5.504041666666666,0.009664065502060896,0.21091605152620185,1149.0751945449438,36.16221296296296
de,117,proportional,2,36.163100462962966,1.7246376811594204,62.22692361111111,11.267715277777782,5.633857638888891,0.009764453399555915,0.24444078388453308,1308.0296390789017,36.16221296296296
de,117,full_power,3,36.163100462962966,1.9085346215780998,69.84872916666666,18.88952083333333,6.296506944444443,0.009938094165402315,0.1906785994186692,1505.9745364377318,36.16221296296296
de,117,mixed,3,36.163100462962966,1.8215780998389695,65.52423148148148,14.56502314814815,4.855007716049383,0.009881421422532413,0.35489404164508215,2660.787718569873,36.16221296296296
de,117,monotonous,3,36.163100462962966,1.8309178743961352,65.93513657407408,14.97592824074075,4.991976080246917,0.00981631401527783,0.3136384839800298,2369.3568315035336,36.16221296296296
de,117,proportional,3,36.163100462962966,1.7533011272141708,63.19142361111111,12.232215277777783,4.077405092592595,0.009977670807674378,0.47121833412481484,3481.0662038970736,36.16221296296296
de,117,full_power,4,36.163100462962966,1.9085346215780998,69.84872916666666,18.88952083333333,4.722380208333332,0.009938094165402315,0.4010723217311087,3927.6412208538623,36.16221296296296
de,117,mixed,4,36.163100462962966,1.8331723027375202,66.05068518518519,15.091476851851858,3.7728692129629646,0.009869252003728792,0.49399220325695026,4798.4654934247465,36.16221296296296
de,117,monotonous,4,36.163100462962966,1.8753623188405797,68.2700162037037,17.310807870370375,4.327701967592594,0.009692080058611573,0.431393774966922,4208.118505256687,36.16221296296296
de,117,proportional,4,36.163100462962966,1.7616747181964574,63.42600694444445,12.466798611111123,3.116699652777781,0.009924396559280393,0.5998955346320937,5793.172240215693,36.16221296296296
de,118,fb_only,0,45.02016203703704,1.0534796823914059,46.19286574074074,0.0,,0.009775748384453166,,161.29984834347724,45.02016203703704
de,118,full_power,1,45.02016203703704,1.1788883699205979,53.14335416666666,6.9504884259259185,6.9504884259259185,0.009668646852909057,0.009866418139334752,182.67929002787878,45.02016203703704
de,118,mixed,1,45.02016203703704,1.1910322279308734,53.98538194444445,7.7925162037037055,7.7925162037037055,0.009687107837722187,0.05306373234417904,284.3247954018601,45.02016203703704
de,118,monotonous,1,45.02016203703704,1.1840261560018683,53.49384259259259,7.30097685185185,7.30097685185185,0.009970267194587512,0.08370268430469979,360.8759060895197,45.02016203703704
de,118,proportional,1,45.02016203703704,1.1938346567024756,54.213456018518514,8.020590277777771,8.020590277777771,0.009933960287229213,0.027483720079681678,228.38715204621522,45.02016203703704
de,118,full_power,2,45.02016203703704,1.3096683792620272,59.37564120370371,13.182775462962965,6.591387731481483,0.009819333528666468,0.009924413084752285,208.58434941665445,45.02016203703704
de,118,mixed,2,45.02016203703704,1.2979915927136851,58.87927083333333,12.686405092592587,6.343202546296293,0.009802919931362302,0.16005650749310302,912.7333120251174,45.02016203703704
de,118,monotonous,2,45.02016203703704,1.2741709481550678,57.83596759259259,11.643101851851846,5.821550925925923,0.009939542244599659,0.1886688144968565,1049.236524655145,45.02016203703704
de,118,proportional,2,45.02016203703704,1.2734703409621673,57.81374537037036,11.62087962962962,5.81043981481481,0.009772363923714876,0.24367237277919995,1304.5547778213015,45.02016203703704
de,118,full_power,3,45.02016203703704,1.3748248482017749,62.07211805555555,15.879252314814806,5.293084104938269,0.009824656410023195,0.20151954604058703,1580.4013957990342,45.02016203703704
de,118,mixed,3,45.02016203703704,1.3225128444652032,59.919831018518515,13.726965277777772,4.575655092592591,0.009898111761280292,0.35872165112369536,2688.0018246696927,45.02016203703704
de,118,monotonous,3,45.02016203703704,1.3302195235871088,60.37820370370371,14.185337962962969,4.728445987654323,0.009904571460688112,0.30924878498401004,2339.9183778188167,45.02016203703704
de,118,proportional,3,45.02016203703704,1.2886501634750116,58.399976851851854,12.20711111111111,4.069037037037037,0.00988976341151178,0.4695754228032182,3468.052921978994,45.02016203703704
de,118,full_power,4,45.02016203703704,1.3748248482017749,62.07211805555555,15.879252314814806,3.9698130787037016,0.009824656410023195,0.40917416461945144,4001.797191554315,45.02016203703704
de,118,mixed,4,45.02016203703704,1.329985987856142,60.365159722222224,14.17229398148148,3.54307349537037,0.009732685782581088,0.49950901088113264,4847.981873521137,45.02016203703704
de,118,monotonous,4,45.02016203703704,1.3680523120037367,61.85975694444444,15.666891203703699,3.9167228009259247,0.009716992796536553,0.43015978788628084,4196.949830667712,45.02016203703704
de,118,proportional,4,45.02016203703704,1.298225128444652,58.89088194444444,12.698016203703695,3.1745040509259237,0.00970150802211256,0.6000784528611723,5791.211084014099,45.02016203703704
de,119,fb_only,0,16.05873796296296,3.0788177339901477,49.19534722222222,0.0,,0.009721569837077004,,160.40590231177057,16.005037037037038
de,119,full_power,1,16.05873796296296,3.4685960591133007,55.99394675925925,6.798599537037035,6.798599537037035,0.007826816408550746,0.010000409313752616,152.60343099115093,16.005037037037038
de,119,mixed,1,16.05873796296296,3.562192118226601,56.77239351851852,7.577046296296302,7.577046296296302,0.009929291648332048,0.06718723904576406,321.4545749988413,16.005037037037038
de,119,monotonous,1,16.05873796296296,3.5474137931034484,56.46344907407407,7.268101851851853,7.268101851851853,0.009776852107383664,0.07936824428549166,347.5159608655939,16.005037037037038
de,119,proportional,1,16.05873796296296,3.5782019704433496,57.1685,7.973152777777784,7.973152777777784,0.009745231107487737,0.04321410256303876,262.1765978864366,16.005037037037038
de,119,full_power,2,16.05873796296296,4.051108374384237,64.55855092592593,15.36320370370371,7.681601851851855,0.00998826150913035,0.009982170173739013,211.64265735583425,16.005037037037038
de,119,mixed,2,16.05873796296296,3.83128078817734,62.88870833333333,13.693361111111109,6.8466805555555545,0.009851368797562125,0.2010619680655023,1105.9303393231119,16.005037037037038
de,119,monotonous,2,16.05873796296296,3.8232758620689653,62.71861574074074,13.52326851851852,6.76163425925926,0.009967153048678257,0.18633333965920185,1038.7340549841663,16.005037037037038
de,119,proportional,2,16.05873796296296,3.7426108374384235,61.26953472222222,12.0741875,6.03709375,0.00983728055074275,0.3243865011069262,1684.336592280953,16.005037037037038
de,119,full_power,3,16.05873796296296,4.315270935960591,68.85618518518518,19.660837962962965,6.553612654320989,0.009914136482920971,0.1673074467985185,1341.093062536169,16.005037037037038
de,119,mixed,3,16.05873796296296,4.065886699507389,64.8683125,15.672965277777784,5.2243217592592615,0.009972662323804277,0.37492418832921076,2803.265365803756,16.005037037037038
de,119,monotonous,3,16.05873796296296,4.119458128078818,66.01964583333333,16.82429861111111,5.608099537037037,0.009720110238473436,0.2990392205119558,2265.0198528979568,16.005037037037038
de,119,proportional,3,16.05873796296296,3.8023399014778323,62.27702083333333,13.081673611111114,4.360557870370371,0.009806802289232856,0.5245967298140005,3853.9240222032777,16.005037037037038
de,119,full_power,4,16.05873796296296,4.315270935960591,68.85618518518518,19.660837962962965,4.915209490740741,0.009914136482920971,0.3837253451356109,3764.4618907207687,16.005037037037038
de,119,mixed,4,16.05873796296296,4.102832512315271,65.70692129629629,16.51157407407407,4.127893518518517,0.009746592714364542,0.5010789127172467,4862.943296725658,16.005037037037038
de,119,monotonous,4,16.05873796296296,4.301108374384237,68.44579398148147,19.250446759259255,4.812611689814814,0.009702474009229634,0.40832138998286366,3991.778744751481,16.005037037037038
de,119,proportional,4,16.05873796296296,3.809729064039409,62.461465277777776,13.266118055555559,3.3165295138888897,0.009717782945115164,0.6368014838689078,6136.088543220231,16.005037037037038
