time,soc_fb,soc_fb_real
0,1,1
1,0.9999971,1
2,0.99999385,1
3,0.999990971,1
4,0.999988554,1
5,0.999986274,1
6,0.999984036,1
7,0.999981835,1
8,0.999979676,1
9,0.999977557,1
10,0.999975442,1
11,0.999973358,1
12,0.999971291,1
13,0.999969234,1
14,0.999967198,1
15,0.999965179,1
16,0.999963191,1
17,0.999961237,1
18,0.999959283,1
19,0.999957309,1
20,0.999955375,1
21,0.999953524,1
22,0.999951694,1
23,0.999949874,1
24,0.999948064,1
25,0.999946244,1
26,0.999944447,1
27,0.999942662,1
28,0.999940903,1
29,0.999939175,1
30,0.999937438,1
31,0.9999357,1
32,0.999933958,1
33,0.999932217,1
34,0.999930489,1
35,0.999928248,1
36,0.999925544,1
37,0.99992286,1
38,0.999917905,1
39,0.999908704,1
40,0.999897251,1
41,0.999884607,1
42,0.999871111,1
43,0.999857882,1
44,0.999844551,1
45,0.999830901,1
46,0.999817364,1
47,0.999804122,1
48,0.999790387,1
49,0.999775638,1
50,0.999760818,1
51,0.999745762,1
52,0.999729782,1
53,0.999713819,1
54,0.999703458,1
55,0.999698823,1
56,0.999690632,1
57,0.999678258,1
58,0.999665894,1
59,0.999653037,1
60,0.999639545,1
61,0.999626257,1
62,0.999613238,1
63,0.999600673,1
64,0.999588704,1
65,0.999577986,1
66,0.999570011,1
67,0.999564379,1
68,0.999560196,1
69,0.999560232,1
70,0.99956181,1
71,0.999560124,1
72,0.999557328,1
73,0.999554276,1
74,0.999549235,1
75,0.999543486,1
76,0.999540187,1
77,0.999538552,1
78,0.999536939,1
79,0.999535356,1
80,0.999533769,1
81,0.999532183,1
82,0.99953059,1
83,0.999528996,1
84,0.999527393,1
85,0.999525786,1
86,0.999524189,1
87,0.999522606,1
88,0.999521012,1
89,0.999519409,1
90,0.999517836,1
91,0.999516273,1
92,0.999514689,1
93,0.999513096,1
94,0.999511502,1
95,0.999509919,1
96,0.999508356,1
97,0.999506783,1
98,0.99950519,1
99,0.999503575,1
100,0.999501961,1
101,0.999500364,1
102,0.999498757,1
103,0.999497163,1
104,0.999495601,1
105,0.999494028,1
106,0.999492414,1
107,0.999490799,1
108,0.999489226,1
109,0.999487664,1
110,0.999486101,1
111,0.999484511,1
112,0.999482921,1
113,0.999481348,1
114,0.999479774,1
115,0.999478212,1
116,0.999476639,1
117,0.999475052,1
118,0.999473455,1
119,0.999471861,1
120,0.999470278,1
121,0.999468684,1
122,0.999467101,1
123,0.999465538,1
124,0.999463986,1
125,0.999462423,1
126,0.99946085,1
127,0.999459287,1
128,0.999457714,1
129,0.999456152,1
130,0.999454599,1
131,0.999453037,1
132,0.999451484,1
133,0.999449932,1
134,0.999448369,1
135,0.999446806,1
136,0.999445223,1
137,0.999443629,1
138,0.999442043,1
139,0.999440446,1
140,0.999438852,1
141,0.999437279,1
142,0.999435696,1
143,0.999434085,1
144,0.999432484,1
145,0.999430891,1
146,0.999429297,1
147,0.999427714,1
148,0.99942611,1
149,0.999424489,1
150,0.999422858,1
151,0.999421202,1
152,0.999419537,1
153,0.999417841,1
154,0.999416154,1
155,0.999414468,1
156,0.999412762,1
157,0.999411065,1
158,0.999409358,1
159,0.999407641,1
160,0.999405924,1
161,0.999404238,1
162,0.999402552,1
163,0.999400866,1
164,0.99939919,1
165,0.999397484,1
166,0.999395777,1
167,0.999393556,1
168,0.999390349,1
169,0.999386709,1
170,0.999382241,1
171,0.999375892,1
172,0.999364453,1
173,0.99934573,1
174,0.999322674,1
175,0.999298618,1
176,0.999275396,1
177,0.999253709,1
178,0.999233818,1
179,0.999219496,1
180,0.999211388,1
181,0.999204561,1
182,0.999196963,1
183,0.999190037,1
184,0.999181827,1
185,0.9991523,1
186,0.999100292,1
187,0.999070433,1
188,0.999065995,1
189,0.999062758,1
190,0.999063922,1
191,0.999044138,1
192,0.998937963,1
193,0.998702533,1
194,0.998368442,1
195,0.997991657,1
196,0.997526419,1
197,0.997072146,1
198,0.996881544,1
199,0.996871808,1
200,0.996811631,1
201,0.996678143,1
202,0.996532311,1
203,0.996392963,1
204,0.996258219,1
205,0.996126546,1
206,0.996002907,1
207,0.995938976,1
208,0.995936394,1
209,0.995939424,1
210,0.995938308,1
211,0.995936619,1
212,0.995934448,1
213,0.995932065,1
214,0.995929743,1
215,0.99592749,1
216,0.995925687,1
217,0.99592248,1
218,0.995919192,1
219,0.995916999,1
220,0.995911645,1
221,0.995866626,1
222,0.995748975,1
223,0.995580651,1
224,0.995485406,1
225,0.995486175,1
226,0.995491547,1
227,0.995489706,1
228,0.995468163,1
229,0.995342245,1
230,0.995068656,1
231,0.994681582,1
232,0.994177215,1
233,0.993601119,1
234,0.993016885,1
235,0.992435089,1
236,0.991855291,1
237,0.9913631,1
238,0.99115789,1
239,0.991153724,1
240,0.991148612,1
241,0.99115767,1
242,0.99118456,1
243,0.991197958,1
244,0.991196458,1
245,0.991194387,1
246,0.991191855,1
247,0.991189681,1
248,0.991001402,1
249,0.99052117,1
250,0.989939145,1
251,0.989463655,1
252,0.989267022,1
253,0.989261354,1
254,0.989265126,1
255,0.989263676,1
256,0.989262266,1
257,0.989260788,1
258,0.989256768,1
259,0.989251728,1
260,0.989248759,1
261,0.98924632,1
262,0.989243912,1
263,0.989241544,1
264,0.989239277,1
265,0.989237164,1
266,0.989235057,1
267,0.989233001,1
268,0.989231265,1
269,0.989230856,1
270,0.989207976,1
271,0.989090284,1
272,0.98889191,1
273,0.988632281,1
274,0.988203883,1
275,0.987639142,1
276,0.987056524,1
277,0.986474252,1
278,0.985895302,1
279,0.985404122,1
280,0.985077446,1
281,0.984824297,1
282,0.984399153,1
283,0.983820749,1
284,0.983288535,1
285,0.982792683,1
286,0.98235078,1
287,0.982041013,1
288,0.98184742,1
289,0.981675619,1
290,0.981431738,1
291,0.981117292,1
292,0.980795759,1
293,0.980503783,1
294,0.980228834,1
295,0.979939396,1
296,0.97965936,1
297,0.979410543,1
298,0.979177885,1
299,0.978960555,1
300,0.978755891,1
301,0.97856114,1
302,0.978380244,1
303,0.978206073,1
304,0.978049134,1
305,0.977935584,1
306,0.977823517,1
307,0.977641183,1
308,0.977405472,1
309,0.977162959,1
310,0.976942286,1
311,0.976756673,1
312,0.97658166,1
313,0.976400212,1
314,0.97622264,1
315,0.976086144,1
316,0.976033087,1
317,0.976055555,1
318,0.976080531,1
319,0.97607609,1
320,0.976069479,1
321,0.976065008,1
322,0.976062229,1
323,0.9760595,1
324,0.976056781,1
325,0.976054034,1
326,0.976051399,1
327,0.976048983,1
328,0.975871315,1
329,0.975404578,1
330,0.974823642,1
331,0.974239578,1
332,0.973654108,1
333,0.973067312,1
334,0.972478056,1
335,0.971890856,1
336,0.971304028,1
337,0.970761303,1
338,0.970314264,1
339,0.9699169,1
340,0.969520048,1
341,0.96912298,1
342,0.968726947,1
343,0.96833112,1
344,0.96793296,1
345,0.967535079,1
346,0.967138168,1
347,0.966741794,1
348,0.96634558,1
349,0.965948727,1
350,0.965550425,1
351,0.965156628,0.986666667
352,0.964792259,0.98
353,0.964489282,0.98
354,0.964231239,0.98
355,0.963941102,0.98
356,0.963576457,0.98
357,0.963178366,0.98
358,0.962781485,0.98
359,0.962384458,0.98
360,0.961997454,0.98
361,0.961702128,0.98
362,0.961503933,0.98
363,0.961324875,0.98
364,0.961155615,0.98
365,0.960999006,0.98
366,0.960850635,0.98
367,0.960704026,0.98
368,0.960537199,0.98
369,0.960342131,0.98
370,0.960133482,0.98
371,0.959904632,0.98
372,0.959660644,0.98
373,0.959415457,0.98
374,0.959170117,0.98
375,0.958925415,0.98
376,0.958686373,0.98
377,0.95846376,0.98
378,0.958254587,0.98
379,0.958057267,0.98
380,0.957896701,0.98
381,0.95773993,0.98
382,0.957541996,0.98
383,0.957332047,0.98
384,0.957129927,0.98
385,0.956943931,0.98
386,0.956819584,0.98
387,0.956585143,0.98
388,0.956176133,0.98
389,0.955723413,0.98
390,0.95525488,0.98
391,0.954825958,0.98
392,0.954432889,0.98
393,0.954069215,0.98
394,0.95377861,0.973333333
395,0.953587349,0.97
396,0.953462425,0.97
397,0.9533538,0.97
398,0.953240277,0.97
399,0.953123641,0.97
400,0.953059243,0.97
401,0.953079091,0.97
402,0.953101539,0.97
403,0.953095698,0.97
404,0.953091938,0.97
405,0.953089253,0.97
406,0.953086889,0.97
407,0.953084957,0.97
408,0.953083136,0.97
409,0.953081344,0.97
410,0.953079565,0.97
411,0.953077785,0.97
412,0.953076013,0.97
413,0.953074229,0.97
414,0.953072455,0.97
415,0.953070685,0.97
416,0.953068904,0.97
417,0.953067068,0.97
418,0.953065263,0.97
419,0.953063478,0.97
420,0.953061662,0.97
421,0.953059812,0.97
422,0.953057851,0.97
423,0.953055903,0.97
424,0.953053914,0.97
425,0.95305143,0.97
426,0.953048538,0.97
427,0.953045697,0.97
428,0.953042272,0.97
429,0.953037149,0.97
430,0.952979988,0.97
431,0.952648932,0.97
432,0.952077448,0.97
433,0.951604559,0.97
434,0.951367567,0.97
435,0.951313595,0.97
436,0.951318082,0.97
437,0.951317047,0.97
438,0.951315286,0.97
439,0.951313491,0.97
440,0.951311675,0.97
441,0.951309152,0.97
442,0.95129619,0.97
443,0.951265482,0.97
444,0.951199474,0.97
445,0.951070016,0.97
446,0.950893994,0.97
447,0.950757598,0.97
448,0.950705459,0.97
449,0.950693205,0.97
450,0.950697838,0.97
451,0.950704751,0.97
452,0.950702671,0.97
453,0.950700358,0.97
454,0.950697661,0.97
455,0.950694762,0.97
456,0.95067598,0.97
457,0.95037931,0.97
458,0.949804437,0.97
459,0.949246383,0.97
460,0.948801076,0.97
461,0.948499284,0.97
462,0.948301908,0.97
463,0.948161915,0.97
464,0.948103085,0.97
465,0.948104995,0.97
466,0.948102105,0.97
467,0.948083618,0.97
468,0.94799279,0.97
469,0.947816594,0.97
470,0.947566451,0.97
471,0.9472743,0.97
472,0.947023957,0.97
473,0.946876545,0.97
474,0.946806444,0.97
475,0.946779023,0.97
476,0.946780997,0.97
477,0.946777531,0.97
478,0.94670419,0.97
479,0.946496583,0.97
480,0.946094485,0.97
481,0.945552505,0.97
482,0.944991533,0.97
483,0.944422296,0.97
484,0.943851526,0.97
485,0.943281891,0.97
486,0.942803519,0.97
487,0.942498745,0.97
488,0.942295351,0.9625
489,0.942143586,0.96
490,0.942026001,0.96
491,0.94191405,0.96
492,0.941821534,0.96
493,0.94169437,0.96
494,0.941481371,0.96
495,0.941223841,0.96
496,0.940955616,0.96
497,0.940754672,0.96
498,0.940656565,0.96
499,0.940600141,0.96
500,0.940554763,0.96
501,0.940494703,0.96
502,0.940394472,0.96
503,0.940299616,0.96
504,0.940174593,0.96
505,0.939900151,0.96
506,0.939529295,0.96
507,0.939167618,0.96
508,0.938823122,0.96
509,0.938508663,0.96
510,0.938244078,0.96
511,0.938022682,0.96
512,0.937869896,0.96
513,0.937792046,0.96
514,0.937727782,0.96
515,0.9376243,0.96
516,0.937474325,0.96
517,0.937320864,0.96
518,0.937237,0.96
519,0.937167626,0.96
520,0.937006881,0.96
521,0.936769888,0.96
522,0.93647548,0.96
523,0.936220286,0.96
524,0.936051979,0.96
525,0.935883538,0.96
526,0.93567701,0.96
527,0.935443396,0.96
528,0.93520616,0.96
529,0.934992738,0.96
530,0.934826056,0.96
531,0.934674942,0.96
532,0.934502702,0.96
533,0.934308844,0.96
534,0.934114648,0.96
535,0.933932262,0.96
536,0.933732443,0.96
537,0.933489319,0.96
538,0.933220824,0.96
539,0.932947242,0.96
540,0.932706192,0.96
541,0.932516478,0.96
542,0.932352447,0.96
543,0.932181237,0.96
544,0.931989207,0.96
545,0.931807886,0.96
546,0.931651414,0.96
547,0.931504013,0.96
548,0.931358333,0.96
549,0.931212958,0.96
550,0.931067375,0.9525
551,0.930921167,0.95
552,0.930766446,0.95
553,0.930589743,0.95
554,0.930398524,0.95
555,0.930206436,0.95
556,0.930013725,0.95
557,0.929820879,0.95
558,0.92964073,0.95
559,0.929487906,0.95
560,0.929369805,0.95
561,0.929257026,0.95
562,0.929107573,0.95
563,0.928931835,0.95
564,0.928740503,0.95
565,0.928535402,0.95
566,0.928328441,0.95
567,0.928122496,0.95
568,0.927919055,0.95
569,0.927785239,0.95
570,0.927775263,0.95
571,0.927833464,0.95
572,0.927821484,0.95
573,0.927642004,0.95
574,0.927298918,0.95
575,0.926865051,0.95
576,0.926470839,0.95
577,0.926159325,0.95
578,0.925889815,0.95
579,0.925650415,0.95
580,0.925434861,0.95
581,0.925229653,0.95
582,0.925050981,0.95
583,0.924915251,0.95
584,0.924816076,0.95
585,0.924735897,0.95
586,0.924659944,0.95
587,0.924584473,0.95
588,0.924509266,0.95
589,0.924434498,0.95
590,0.924360486,0.95
591,0.924286933,0.95
592,0.924213673,0.95
593,0.924141088,0.95
594,0.924069129,0.95
595,0.92399285,0.95
596,0.92390893,0.95
597,0.923820775,0.95
598,0.923718695,0.95
599,0.923603078,0.95
600,0.923486599,0.95
601,0.923369204,0.95
602,0.923249942,0.95
603,0.923129666,0.95
604,0.923008558,0.95
605,0.922886446,0.95
606,0.922763938,0.95
607,0.922640842,0.95
608,0.922515758,0.95
609,0.922387619,0.95
610,0.922258395,0.95
611,0.922129191,0.95
612,0.921999501,0.95
613,0.921869377,0.95
614,0.921738698,0.95
615,0.921606115,0.95
616,0.921471495,0.95
617,0.921336752,0.95
618,0.921202199,0.95
619,0.921067282,0.95
620,0.920932027,0.95
621,0.920795144,0.95
622,0.920656952,0.95
623,0.920518946,0.95
624,0.920380863,0.95
625,0.920242497,0.95
626,0.920104313,0.95
627,0.919964757,0.95
628,0.919820245,0.93
629,0.919672378,0.93
630,0.919524414,0.93
631,0.919376434,0.93
632,0.919228524,0.93
633,0.919080696,0.93
634,0.918943643,0.93
635,0.918842677,0.93
636,0.918800555,0.93
637,0.918809825,0.93
638,0.918875189,0.93
639,0.918979096,0.93
640,0.919083204,0.93
641,0.919193874,0.93
642,0.919313703,0.93
643,0.91939549,0.93
644,0.919417911,0.93
645,0.9194205,0.93
646,0.919352629,0.93
647,0.919152023,0.93
648,0.918922328,0.93
649,0.91872713,0.93
650,0.918533538,0.93
651,0.918338683,0.93
652,0.918141356,0.93
653,0.91795015,0.93
654,0.917766354,0.93
655,0.917593097,0.93
656,0.917465452,0.93
657,0.917416867,0.93
658,0.917413957,0.93
659,0.917402278,0.93
660,0.917385967,0.93
661,0.917393213,0.93
662,0.917423401,0.93
663,0.917479004,0.93
664,0.91745535,0.93
665,0.917315949,0.93
666,0.917219555,0.93
667,0.917084015,0.93
668,0.916841493,0.93
669,0.916581841,0.93
670,0.91630198,0.93
671,0.916016032,0.93
672,0.915820826,0.93
673,0.915809449,0.93
674,0.915903166,0.93
675,0.916066279,0.93
676,0.916290725,0.93
677,0.916515004,0.93
678,0.91674512,0.93
679,0.916975878,0.93
680,0.91719009,0.93
681,0.917382205,0.93
682,0.917554693,0.93
683,0.917708627,0.93
684,0.917842394,0.93
685,0.917939425,0.93
686,0.917971545,0.93
687,0.917956336,0.93
688,0.917913159,0.93
689,0.917833809,0.93
690,0.917733986,0.93
691,0.917653276,0.93
692,0.917602082,0.93
693,0.917555466,0.93
694,0.917508206,0.93
695,0.91748411,0.93
696,0.91748404,0.93
697,0.917486441,0.93
698,0.917463545,0.93
699,0.917354664,0.93
700,0.917216429,0.93
701,0.917002918,0.93
702,0.916543646,0.93
703,0.915944356,0.93
704,0.915345109,0.93
705,0.91474927,0.93
706,0.914155261,0.93
707,0.913570663,0.93
708,0.913171323,0.93
709,0.912916344,0.93
710,0.912643927,0.93
711,0.912436223,0.93
712,0.91228464,0.93
713,0.912181347,0.93
714,0.912147966,0.93
715,0.912145226,0.93
716,0.912152298,0.93
717,0.912166855,0.93
718,0.912181566,0.93
719,0.912194439,0.93
720,0.912242763,0.93
721,0.912359939,0.93
722,0.912524505,0.93
723,0.912701977,0.93
724,0.912874819,0.93
725,0.913023822,0.93
726,0.913081922,0.93
727,0.913082461,0.93
728,0.913087124,0.93
729,0.91304361,0.93
730,0.912887873,0.93
731,0.912636588,0.93
732,0.912401665,0.93
733,0.912304935,0.93
734,0.912280628,0.93
735,0.912206604,0.93
736,0.912133748,0.93
737,0.912090663,0.93
738,0.912041572,0.93
739,0.911949967,0.93
740,0.911822032,0.93
741,0.911690257,0.93
742,0.911574646,0.93
743,0.911526048,0.93
744,0.911640517,0.93
745,0.911858145,0.93
746,0.912049206,0.93
747,0.912202779,0.93
748,0.912314429,0.93
749,0.91238365,0.93
750,0.912419444,0.93
751,0.912431875,0.93
752,0.912432731,0.93
753,0.912430492,0.93
754,0.912427862,0.93
755,0.912425061,0.93
756,0.912421754,0.93
757,0.912417684,0.93
758,0.912412642,0.93
759,0.912408052,0.93
760,0.912404518,0.93
761,0.912401073,0.93
762,0.912397706,0.93
763,0.912394319,0.93
764,0.912390935,0.93
765,0.91238747,0.93
766,0.912383986,0.93
767,0.912380608,0.93
768,0.91237729,0.93
769,0.912373906,0.93
770,0.912370491,0.93
771,0.912367015,0.93
772,0.912363433,0.93
773,0.912359911,0.93
774,0.912356486,0.93
775,0.912352991,0.93
776,0.912349444,0.93
777,0.912345928,0.93
778,0.912342405,0.93
779,0.912338963,0.93
780,0.912335557,0.93
781,0.912332061,0.93
782,0.912328565,0.93
783,0.912325079,0.93
784,0.912321523,0.93
785,0.912318036,0.93
786,0.91231463,0.93
787,0.912311173,0.93
788,0.912307697,0.93
789,0.912304341,0.93
790,0.912301015,0.93
791,0.912297669,0.93
792,0.912294243,0.93
793,0.912290705,0.93
794,0.912287232,0.93
795,0.912283859,0.93
796,0.912280442,0.93
797,0.912276954,0.93
798,0.912273427,0.93
799,0.912269872,0.93
800,0.912266358,0.93
801,0.912262901,0.93
802,0.912259494,0.93
803,0.912256087,0.93
804,0.912252592,0.93
805,0.912246403,0.93
806,0.91222065,0.93
807,0.912171573,0.93
808,0.912117414,0.93
809,0.912087732,0.93
810,0.912085911,0.93
811,0.912088996,0.93
812,0.912089889,0.93
813,0.91208795,0.93
814,0.912085398,0.93
815,0.912080942,0.93
816,0.912074565,0.93
817,0.912054024,0.93
818,0.911941581,0.93
819,0.911749799,0.93
820,0.911588425,0.93
821,0.911399,0.93
822,0.911057188,0.93
823,0.910544136,0.93
824,0.909948995,0.93
825,0.909353741,0.93
826,0.90888113,0.93
827,0.908617316,0.93
828,0.908459471,0.93
829,0.908316518,0.93
830,0.908176514,0.93
831,0.908096148,0.92
832,0.908066076,0.92
833,0.907995139,0.92
834,0.907857089,0.92
835,0.907648043,0.92
836,0.907407002,0.92
837,0.907223411,0.92
838,0.907128136,0.92
839,0.907072725,0.92
840,0.907006983,0.92
841,0.906911818,0.92
842,0.906809568,0.92
843,0.906722058,0.92
844,0.90662644,0.92
845,0.906511862,0.92
846,0.906401425,0.92
847,0.906282767,0.92
848,0.906141977,0.92
849,0.906033209,0.92
850,0.905944264,0.92
851,0.90590241,0.92
852,0.906019313,0.92
853,0.906198595,0.92
854,0.90630993,0.92
855,0.90636434,0.92
856,0.906381398,0.92
857,0.906382135,0.92
858,0.90638002,0.92
859,0.906377398,0.92
860,0.906374855,0.92
861,0.906352939,0.92
862,0.906232689,0.92
863,0.90596757,0.92
864,0.905564504,0.92
865,0.905032052,0.92
866,0.904439372,0.92
867,0.903842395,0.92
868,0.903245394,0.92
869,0.902663262,0.92
870,0.90218137,0.92
871,0.902052728,0.92
872,0.902236041,0.92
873,0.902451596,0.92
874,0.902502632,0.92
875,0.902288069,0.92
876,0.901883789,0.92
877,0.901398282,0.92
878,0.901068044,0.92
879,0.900946537,0.92
880,0.900938152,0.92
881,0.901085034,0.92
882,0.901309638,0.92
883,0.90150135,0.92
884,0.901652505,0.92
885,0.901676618,0.92
886,0.901386748,0.92
887,0.900878571,0.92
888,0.900371876,0.92
889,0.899837418,0.92
890,0.899340813,0.92
891,0.89894176,0.92
892,0.898695889,0.92
893,0.898465575,0.92
894,0.898171594,0.92
895,0.897992765,0.92
896,0.897901993,0.92
897,0.897797337,0.92
898,0.897645459,0.92
899,0.897464014,0.92
900,0.897266497,0.92
901,0.897110405,0.92
902,0.897035852,0.92
903,0.897038981,0.92
904,0.897093594,0.92
905,0.89716472,0.92
906,0.897228443,0.92
907,0.89727586,0.92
908,0.897265007,0.92
909,0.897181653,0.92
910,0.897118812,0.92
911,0.897113009,0.92
912,0.897122264,0.92
913,0.897161523,0.92
914,0.897308715,0.92
915,0.897521849,0.92
916,0.897694058,0.92
917,0.897822866,0.92
918,0.897909679,0.92
919,0.897956185,0.92
920,0.897968957,0.92
921,0.897965428,0.92
922,0.897959109,0.92
923,0.89795468,0.92
924,0.897952271,0.92
925,0.897949933,0.92
926,0.897947375,0.92
927,0.897944376,0.92
928,0.897941158,0.92
929,0.897937779,0.92
930,0.897884469,0.92
931,0.897789496,0.92
932,0.897740021,0.92
933,0.897706794,0.92
934,0.897648898,0.92
935,0.897580686,0.92
936,0.89753027,0.92
937,0.897511449,0.92
938,0.897498183,0.92
939,0.897504087,0.92
940,0.897482115,0.92
941,0.897364106,0.92
942,0.897175483,0.92
943,0.896978091,0.92
944,0.896760837,0.92
945,0.896581242,0.92
946,0.896341761,0.9125
947,0.895856272,0.91
948,0.895258164,0.91
949,0.89465959,0.91
950,0.894060444,0.91
951,0.893461606,0.91
952,0.89286282,0.91
953,0.892263761,0.91
954,0.891664515,0.91
955,0.891065159,0.91
956,0.890511425,0.91
957,0.890059359,0.91
958,0.889660931,0.91
959,0.889262355,0.91
960,0.888863688,0.91
961,0.888464511,0.91
962,0.888064828,0.91
963,0.887664297,0.91
964,0.887264686,0.91
965,0.886864786,0.91
966,0.886463465,0.91
967,0.8860634,0.91
968,0.885665363,0.91
969,0.885266586,0.91
970,0.884867042,0.91
971,0.88446882,0.9025
972,0.884071251,0.9
973,0.883672042,0.9
974,0.883272503,0.9
975,0.882873255,0.9
976,0.882474131,0.9
977,0.88207568,0.9
978,0.88167619,0.9
979,0.881312467,0.9
980,0.88103178,0.9
981,0.880810845,0.9
982,0.880787124,0.9
983,0.88099223,0.9
984,0.881242842,0.9
985,0.881493343,0.9
986,0.881742453,0.9
987,0.881991688,0.9
988,0.882198742,0.9
989,0.882238882,0.9
990,0.882151713,0.9
991,0.882060516,0.9
992,0.881967044,0.9
993,0.881871279,0.9
994,0.881774662,0.9
995,0.88167813,0.9
996,0.88158185,0.9
997,0.88148583,0.9
998,0.881392174,0.9
999,0.881317533,0.9
1000,0.881228832,0.9
1001,0.88110093,0.9
1002,0.880962329,0.9
1003,0.880822533,0.9
1004,0.880683385,0.9
1005,0.880542704,0.9
1006,0.880402189,0.9
1007,0.880263218,0.9
1008,0.880132562,0.9
1009,0.880032474,0.9
1010,0.880048927,0.9
1011,0.880228396,0.9
1012,0.880476499,0.9
1013,0.880723409,0.9
1014,0.880966148,0.9
1015,0.881201366,0.9
1016,0.881414976,0.9
1017,0.881581451,0.9
1018,0.881689619,0.9
1019,0.881745017,0.9
1020,0.88175911,0.9
1021,0.881721341,0.9
1022,0.881587912,0.9
1023,0.88132072,0.9
1024,0.880930569,0.9
1025,0.880419724,0.9
1026,0.879829165,0.9
1027,0.879230048,0.9
1028,0.878633725,0.9
1029,0.878038208,0.9
1030,0.877465919,0.9
1031,0.876925581,0.9
1032,0.876400522,0.9
1033,0.875933196,0.9
1034,0.875569133,0.9
1035,0.875323389,0.9
1036,0.875211664,0.9
1037,0.875217321,0.9
1038,0.875296423,0.9
1039,0.875380748,0.9
1040,0.875432109,0.9
1041,0.875449088,0.9
1042,0.875371318,0.9
1043,0.875146328,0.9
1044,0.874839676,0.9
1045,0.874567536,0.9
1046,0.874436894,0.9
1047,0.874493864,0.9
1048,0.87467831,0.9
1049,0.874901226,0.9
1050,0.875089936,0.9
1051,0.875143965,0.9
1052,0.874919764,0.9
1053,0.874512254,0.9
1054,0.874141133,0.9
1055,0.873958346,0.9
1056,0.874032683,0.9
1057,0.874220937,0.9
1058,0.874384222,0.9
1059,0.874460572,0.9
1060,0.87446784,0.9
1061,0.874316913,0.9
1062,0.873865726,0.9
1063,0.873263167,0.9
1064,0.872662761,0.9
1065,0.872113921,0.89
1066,0.87170707,0.89
1067,0.871379438,0.89
1068,0.871025018,0.89
1069,0.87067268,0.89
1070,0.870309419,0.89
1071,0.869886154,0.89
1072,0.869425945,0.89
1073,0.868960701,0.89
1074,0.868502039,0.89
1075,0.868189919,0.89
1076,0.868099109,0.89
1077,0.868010586,0.89
1078,0.867796701,0.89
1079,0.867538121,0.89
1080,0.867282199,0.89
1081,0.867031854,0.89
1082,0.866839089,0.89
1083,0.866707058,0.89
1084,0.866568148,0.89
1085,0.866419034,0.89
1086,0.866280034,0.89
1087,0.866181675,0.89
1088,0.866115238,0.89
1089,0.866001734,0.89
1090,0.865800324,0.89
1091,0.865491162,0.89
1092,0.865078928,0.89
1093,0.864612177,0.89
1094,0.864141877,0.89
1095,0.863775904,0.89
1096,0.863431493,0.89
1097,0.863182055,0.89
1098,0.863095936,0.89
1099,0.862933116,0.89
1100,0.86259573,0.89
1101,0.862108628,0.89
1102,0.861550391,0.89
1103,0.860974267,0.875
1104,0.860449529,0.87
1105,0.860068137,0.87
1106,0.859784176,0.87
1107,0.859524096,0.87
1108,0.859315651,0.87
1109,0.859176208,0.87
1110,0.85908986,0.87
1111,0.859031528,0.87
1112,0.859007338,0.87
1113,0.859005732,0.87
1114,0.859015036,0.87
1115,0.859035366,0.87
1116,0.859075932,0.87
1117,0.859218628,0.87
1118,0.859447511,0.87
1119,0.859678369,0.87
1120,0.859909114,0.87
1121,0.860139531,0.87
1122,0.860344303,0.87
1123,0.86049599,0.87
1124,0.86061364,0.87
1125,0.860719514,0.87
1126,0.86088659,0.87
1127,0.861125243,0.87
1128,0.861366972,0.89
1129,0.861606728,0.89
1130,0.861835226,0.89
1131,0.861989479,0.89
1132,0.862041641,0.89
1133,0.862051799,0.89
1134,0.862056812,0.89
1135,0.862053605,0.89
1136,0.861994864,0.89
1137,0.86180846,0.89
1138,0.861528606,0.89
1139,0.861218672,0.89
1140,0.860885062,0.87
1141,0.860531729,0.87
1142,0.860162315,0.87
1143,0.859774588,0.87
1144,0.859361177,0.87
1145,0.858995323,0.87
1146,0.858705521,0.87
1147,0.858440313,0.87
1148,0.858208725,0.87
1149,0.858066514,0.87
1150,0.857991169,0.87
1151,0.85791848,0.87
1152,0.857845874,0.87
1153,0.857773579,0.87
1154,0.857707147,0.87
1155,0.857669057,0.87
1156,0.857645695,0.87
1157,0.85757426,0.87
1158,0.857433722,0.87
1159,0.857287976,0.87
1160,0.857197456,0.87
1161,0.857250511,0.87
1162,0.857453559,0.87
1163,0.857693611,0.87
1164,0.857931823,0.87
1165,0.858166892,0.87
1166,0.858314735,0.87
1167,0.858229353,0.87
1168,0.857826648,0.87
1169,0.85742916,0.87
1170,0.857213983,0.87
1171,0.857135931,0.87
1172,0.857221132,0.87
1173,0.857387402,0.87
1174,0.857516278,0.87
1175,0.857380714,0.87
1176,0.857005898,0.87
1177,0.856488263,0.87
1178,0.855886112,0.87
1179,0.85528251,0.87
1180,0.854679913,0.87
1181,0.854205372,0.87
1182,0.854003462,0.87
1183,0.854050167,0.87
1184,0.854239707,0.87
1185,0.85446381,0.87
1186,0.85462006,0.87
1187,0.854413089,0.87
1188,0.853859667,0.87
1189,0.853260791,0.87
1190,0.85266086,0.87
1191,0.852058917,0.87
1192,0.851458382,0.87
1193,0.850858439,0.87
1194,0.850301076,0.87
1195,0.849846555,0.87
1196,0.849479916,0.87
1197,0.849264179,0.86
1198,0.849296543,0.86
1199,0.849495992,0.8675
1200,0.849718752,0.87
1201,0.849773739,0.87
1202,0.849601249,0.87
1203,0.849481957,0.87
1204,0.849459044,0.87
1205,0.84929725,0.87
1206,0.848963059,0.8625
1207,0.848561567,0.86
1208,0.848159889,0.86
1209,0.847759087,0.86
1210,0.847359677,0.86
1211,0.84696117,0.86
1212,0.846560659,0.86
1213,0.846159871,0.86
1214,0.845758916,0.86
1215,0.845413547,0.86
1216,0.845256654,0.86
1217,0.845370519,0.86
1218,0.845561613,0.86
1219,0.845664342,0.86
1220,0.845732674,0.86
1221,0.845783169,0.86
1222,0.845803613,0.86
1223,0.845784731,0.86
1224,0.845617027,0.86
1225,0.845266883,0.86
1226,0.844865078,0.86
1227,0.844492552,0.86
1228,0.844179959,0.86
1229,0.843898697,0.86
1230,0.843577634,0.86
1231,0.843209979,0.86
1232,0.842944272,0.86
1233,0.842855577,0.86
1234,0.842953393,0.86
1235,0.843182039,0.86
1236,0.843421036,0.86
1237,0.843655325,0.86
1238,0.843885269,0.86
1239,0.84405669,0.86
1240,0.844075403,0.86
1241,0.844101123,0.86
1242,0.844252437,0.86
1243,0.844390332,0.86
1244,0.844373255,0.86
1245,0.844134847,0.86
1246,0.843683942,0.86
1247,0.843101453,0.86
1248,0.842498089,0.86
1249,0.841895468,0.86
1250,0.841294427,0.86
1251,0.840696591,0.86
1252,0.840100099,0.86
1253,0.839503197,0.86
1254,0.839171727,0.86
1255,0.83924946,0.86
1256,0.839452738,0.86
1257,0.839620563,0.86
1258,0.839748318,0.86
1259,0.839816488,0.86
1260,0.839689336,0.86
1261,0.839297619,0.86
1262,0.838811782,0.86
1263,0.838478868,0.86
1264,0.838185769,0.86
1265,0.837849847,0.86
1266,0.837419812,0.86
1267,0.836831329,0.85
1268,0.836238508,0.85
1269,0.835696367,0.85
1270,0.835528,0.85
1271,0.835584887,0.85
1272,0.835526268,0.85
1273,0.83545862,0.85
1274,0.83540783,0.85
1275,0.83532765,0.85
1276,0.83519414,0.85
1277,0.835045476,0.85
1278,0.834895256,0.85
1279,0.834748711,0.85
1280,0.8346685,0.85
1281,0.834618901,0.85
1282,0.834485723,0.85
1283,0.834298151,0.85
1284,0.834110148,0.85
1285,0.833920527,0.85
1286,0.833745808,0.85
1287,0.833712454,0.85
1288,0.833873983,0.85
1289,0.834097494,0.85
1290,0.834214498,0.85
1291,0.834224585,0.85
1292,0.834219204,0.85
1293,0.834102079,0.85
1294,0.833848597,0.85
1295,0.833656468,0.85
1296,0.833565533,0.85
1297,0.833352955,0.85
1298,0.832936622,0.85
1299,0.83240496,0.85
1300,0.831828919,0.85
1301,0.831251445,0.85
1302,0.830701075,0.85
1303,0.830178635,0.85
1304,0.829656987,0.85
1305,0.82913566,0.85
1306,0.82864147,0.85
1307,0.828226669,0.85
1308,0.827811715,0.85
1309,0.827291001,0.85
1310,0.826766738,0.85
1311,0.826330207,0.85
1312,0.825931309,0.85
1313,0.825530513,0.85
1314,0.825130148,0.84
1315,0.824731451,0.84
1316,0.824330416,0.84
1317,0.823928196,0.84
1318,0.823528475,0.84
1319,0.823132202,0.84
1320,0.822761987,0.84
1321,0.822505922,0.84
1322,0.822350798,0.84
1323,0.822332728,0.84
1324,0.822504265,0.84
1325,0.822741499,0.84
1326,0.822979433,0.84
1327,0.823056118,0.84
1328,0.822832992,0.84
1329,0.822450141,0.84
1330,0.822048037,0.84
1331,0.821647303,0.84
1332,0.821248445,0.84
1333,0.820848836,0.84
1334,0.820447744,0.84
1335,0.820046587,0.84
1336,0.819646012,0.84
1337,0.81924639,0.84
1338,0.818849582,0.84
1339,0.818452922,0.84
1340,0.818054207,0.84
1341,0.817655248,0.84
1342,0.817257864,0.84
1343,0.816861407,0.84
1344,0.816464503,0.84
1345,0.816068029,0.84
1346,0.815671939,0.84
1347,0.815275528,0.84
1348,0.814878322,0.84
1349,0.814481337,0.84
1350,0.814083579,0.84
1351,0.813686359,0.82
1352,0.813290003,0.82
1353,0.812893317,0.82
1354,0.812495856,0.82
1355,0.812098225,0.82
1356,0.81170198,0.82
1357,0.811306592,0.82
1358,0.810912864,0.82
1359,0.810517655,0.82
1360,0.810119076,0.82
1361,0.80972115,0.82
1362,0.809324134,0.82
1363,0.80892693,0.82
1364,0.808530304,0.82
1365,0.808131785,0.82
1366,0.807733163,0.82
1367,0.807336184,0.82
1368,0.806939011,0.82
1369,0.806543792,0.82
1370,0.806149859,0.82
1371,0.805754613,0.82
1372,0.80535861,0.82
1373,0.804960859,0.82
1374,0.804562644,0.82
1375,0.80416568,0.82
1376,0.803769349,0.82
1377,0.803374965,0.82
1378,0.802980658,0.82
1379,0.802584269,0.82
1380,0.802187255,0.8125
1381,0.801790318,0.81
1382,0.801392793,0.81
1383,0.80099639,0.81
1384,0.80060057,0.81
1385,0.800203194,0.81
1386,0.799805998,0.81
1387,0.799410635,0.81
1388,0.799014192,0.81
1389,0.798615276,0.81
1390,0.7982176,0.81
1391,0.797821517,0.81
1392,0.797383181,0.81
1393,0.796850601,0.81
1394,0.796298898,0.81
1395,0.795818068,0.81
1396,0.795379254,0.81
1397,0.794983451,0.81
1398,0.794808039,0.81
1399,0.794784379,0.81
1400,0.79472611,0.81
1401,0.794635049,0.81
1402,0.794511153,0.81
1403,0.794382594,0.81
1404,0.794270285,0.81
1405,0.794181837,0.81
1406,0.79411809,0.81
1407,0.794099402,0.81
1408,0.794061414,0.81
1409,0.793957435,0.81
1410,0.793834634,0.81
1411,0.793711265,0.81
1412,0.793559255,0.81
1413,0.793345907,0.81
1414,0.793097415,0.81
1415,0.792835544,0.81
1416,0.792560447,0.81
1417,0.79231849,0.81
1418,0.792179859,0.81
1419,0.792158277,0.81
1420,0.79231098,0.81
1421,0.792570246,0.81
1422,0.792810134,0.81
1423,0.793049143,0.81
1424,0.793287215,0.81
1425,0.793524117,0.81
1426,0.793759266,0.81
1427,0.7939923,0.81
1428,0.79422326,0.81
1429,0.794450335,0.81
1430,0.794667469,0.81
1431,0.794770103,0.81
1432,0.794659792,0.81
1433,0.794412388,0.81
1434,0.794134964,0.81
1435,0.793895741,0.81
1436,0.793897635,0.81
1437,0.794028955,0.81
1438,0.794055518,0.81
1439,0.794062194,0.81
1440,0.794148483,0.81
1441,0.794335626,0.81
1442,0.794549594,0.81
1443,0.794756796,0.81
1444,0.794955018,0.81
1445,0.795136681,0.81
1446,0.795295359,0.81
1447,0.795427272,0.81
1448,0.795498269,0.81
1449,0.795340505,0.81
1450,0.795022311,0.81
1451,0.794887547,0.81
1452,0.794970777,0.81
1453,0.795116173,0.81
1454,0.795259817,0.81
1455,0.795381452,0.81
1456,0.795468391,0.81
1457,0.795501983,0.81
1458,0.795469114,0.81
1459,0.795255799,0.81
1460,0.794798778,0.81
1461,0.794219858,0.81
1462,0.793614738,0.81
1463,0.79300904,0.81
1464,0.792405199,0.81
1465,0.79180302,0.81
1466,0.791201055,0.81
1467,0.790598467,0.81
1468,0.789995188,0.8
1469,0.78946407,0.8
1470,0.789033826,0.8
1471,0.788631359,0.8
1472,0.788230255,0.8
1473,0.787830525,0.8
1474,0.787431003,0.8
1475,0.787030904,0.8
1476,0.786629185,0.8
1477,0.786227843,0.8
1478,0.785828718,0.8
1479,0.785444085,0.8
1480,0.78518405,0.8
1481,0.785101246,0.8
1482,0.785147856,0.8
1483,0.785083815,0.8
1484,0.784804275,0.8
1485,0.784619552,0.8
1486,0.784467746,0.8
1487,0.784194373,0.8
1488,0.78395069,0.8
1489,0.783815654,0.8
1490,0.783692136,0.8
1491,0.783489701,0.8
1492,0.783282086,0.8
1493,0.78307021,0.8
1494,0.782919092,0.8
1495,0.782842423,0.8
1496,0.782611422,0.8
1497,0.782225252,0.8
1498,0.781852656,0.8
1499,0.781587659,0.8
1500,0.781466123,0.8
1501,0.781435864,0.8
1502,0.78142323,0.8
1503,0.781400653,0.8
1504,0.781382902,0.8
1505,0.781379704,0.8
1506,0.781382592,0.8
1507,0.78131574,0.8
1508,0.781162329,0.8
1509,0.781015071,0.8
1510,0.780934299,0.8
1511,0.780827447,0.8
1512,0.78054001,0.8
1513,0.780138482,0.8
1514,0.779736407,0.8
1515,0.779333331,0.8
1516,0.778931127,0.8
1517,0.778532159,0.79
1518,0.778131883,0.79
1519,0.777730155,0.79
1520,0.777329161,0.79
1521,0.776928177,0.79
1522,0.776527918,0.79
1523,0.776128867,0.79
1524,0.775729003,0.79
1525,0.775329173,0.79
1526,0.774930307,0.79
1527,0.774674317,0.79
1528,0.774574793,0.79
1529,0.774493001,0.79
1530,0.774414879,0.79
1531,0.774461617,0.79
1532,0.774667165,0.79
1533,0.774746604,0.79
1534,0.774740257,0.79
1535,0.774798228,0.79
1536,0.774740135,0.79
1537,0.774554806,0.79
1538,0.774325103,0.79
1539,0.774071126,0.79
1540,0.773877211,0.79
1541,0.773866197,0.79
1542,0.773976192,0.79
1543,0.774148367,0.79
1544,0.774386678,0.79
1545,0.77462754,0.79
1546,0.774869086,0.79
1547,0.775059881,0.79
1548,0.775035115,0.79
1549,0.774841665,0.79
1550,0.774673377,0.79
1551,0.774575396,0.79
1552,0.774542083,0.79
1553,0.774538136,0.79
1554,0.774585934,0.79
1555,0.774680176,0.79
1556,0.774734435,0.79
1557,0.774730546,0.79
1558,0.774683238,0.79
1559,0.774581159,0.79
1560,0.774465579,0.79
1561,0.774408136,0.79
1562,0.774398956,0.79
1563,0.774398859,0.79
1564,0.774448215,0.79
1565,0.774524718,0.79
1566,0.774573829,0.79
1567,0.774666942,0.79
1568,0.774861815,0.79
1569,0.775105717,0.79
1570,0.77534736,0.79
1571,0.775585705,0.79
1572,0.775826447,0.79
1573,0.776053041,0.79
1574,0.776238644,0.79
1575,0.776383735,0.79
1576,0.776496025,0.79
1577,0.776577131,0.79
1578,0.776593224,0.79
1579,0.776441203,0.79
1580,0.776168859,0.79
1581,0.775797819,0.79
1582,0.775339579,0.79
1583,0.774906495,0.79
1584,0.774470412,0.79
1585,0.7739766,0.79
1586,0.773410011,0.79
1587,0.772803077,0.79
1588,0.772190849,0.79
1589,0.771583425,0.79
1590,0.770977259,0.79
1591,0.770370341,0.79
1592,0.769765213,0.79
1593,0.769202113,0.79
1594,0.768742091,0.79
1595,0.768347975,0.79
1596,0.768031297,0.79
1597,0.767772218,0.79
1598,0.767487931,0.79
1599,0.767194312,0.79
1600,0.766888182,0.79
1601,0.766569119,0.78
1602,0.766253392,0.78
1603,0.76594296,0.78
1604,0.765674623,0.78
1605,0.765506347,0.78
1606,0.765390379,0.78
1607,0.76526498,0.78
1608,0.765122364,0.78
1609,0.76496554,0.78
1610,0.764811083,0.78
1611,0.764630305,0.78
1612,0.764419167,0.78
1613,0.764248194,0.78
1614,0.764074012,0.78
1615,0.763845968,0.78
1616,0.763639799,0.78
1617,0.763542683,0.78
1618,0.763528601,0.78
1619,0.763512155,0.78
1620,0.763486972,0.78
1621,0.763345249,0.78
1622,0.763159952,0.78
1623,0.762952603,0.78
1624,0.762608646,0.78
1625,0.762217502,0.78
1626,0.761823188,0.78
1627,0.761427259,0.78
1628,0.761028725,0.78
1629,0.760630182,0.78
1630,0.760230226,0.78
1631,0.759869943,0.78
1632,0.759596415,0.78
1633,0.75932785,0.78
1634,0.759007819,0.78
1635,0.758659781,0.78
1636,0.758281546,0.78
1637,0.757886649,0.78
1638,0.757489694,0.78
1639,0.757213206,0.78
1640,0.757085194,0.78
1641,0.757016191,0.78
1642,0.75693662,0.78
1643,0.75677638,0.78
1644,0.756545506,0.78
1645,0.756356116,0.78
1646,0.756211682,0.78
1647,0.756143074,0.78
1648,0.756162756,0.78
1649,0.756160194,0.78
1650,0.756093024,0.78
1651,0.755961951,0.78
1652,0.755860617,0.78
1653,0.755650893,0.78
1654,0.7553865,0.76
1655,0.755281017,0.76
1656,0.755226047,0.76
1657,0.755169262,0.76
1658,0.755122725,0.76
1659,0.755093691,0.76
1660,0.755122547,0.76
1661,0.755189325,0.76
1662,0.755253945,0.76
1663,0.755312449,0.76
1664,0.755364851,0.76
1665,0.755391003,0.76
1666,0.755389263,0.76
1667,0.75536447,0.76
1668,0.755303039,0.76
1669,0.755170555,0.76
1670,0.754955941,0.76
1671,0.754770031,0.76
1672,0.754637607,0.76
1673,0.754490987,0.76
1674,0.754335131,0.76
1675,0.754149844,0.76
1676,0.753970126,0.76
1677,0.753909167,0.76
1678,0.753924103,0.76
1679,0.753822735,0.76
1680,0.75341855,0.76
1681,0.753036795,0.76
1682,0.752807899,0.76
1683,0.75251452,0.76
1684,0.7522598,0.76
1685,0.752132366,0.76
1686,0.752054998,0.76
1687,0.751957686,0.76
1688,0.751884389,0.76
1689,0.751769886,0.76
1690,0.751557371,0.76
1691,0.751359045,0.76
1692,0.751225076,0.76
1693,0.751147083,0.76
1694,0.75107992,0.76
1695,0.750976128,0.76
1696,0.750913833,0.76
1697,0.750890369,0.76
1698,0.750873948,0.76
1699,0.750861436,0.76
1700,0.750854793,0.76
1701,0.750848585,0.76
1702,0.750842521,0.76
1703,0.750827919,0.76
1704,0.75067759,0.76
1705,0.750442162,0.76
1706,0.750297257,0.76
1707,0.750230962,0.76
1708,0.750235252,0.76
1709,0.750278192,0.76
1710,0.75031513,0.76
1711,0.75035709,0.76
1712,0.750389305,0.76
1713,0.750359088,0.76
1714,0.750267913,0.76
1715,0.75015792,0.76
1716,0.750049336,0.76
1717,0.749947089,0.76
1718,0.74987225,0.76
1719,0.749827342,0.76
1720,0.749765098,0.76
1721,0.749643941,0.76
1722,0.7494169,0.76
1723,0.749165081,0.76
1724,0.748964532,0.76
1725,0.748797215,0.76
1726,0.748698996,0.76
1727,0.74868657,0.76
1728,0.748810976,0.76
1729,0.749020957,0.76
1730,0.749213456,0.76
1731,0.74938067,0.76
1732,0.749519841,0.76
1733,0.749534247,0.76
1734,0.749458166,0.76
1735,0.749241273,0.76
1736,0.748745993,0.76
1737,0.748357888,0.76
1738,0.748241677,0.76
1739,0.748075903,0.76
1740,0.747795237,0.76
1741,0.747612967,0.76
1742,0.747567932,0.76
1743,0.747538837,0.76
1744,0.747488924,0.76
1745,0.747459195,0.76
1746,0.747514837,0.76
1747,0.747629896,0.76
1748,0.747760632,0.76
1749,0.747938739,0.76
1750,0.74813979,0.76
1751,0.748335959,0.76
1752,0.748540421,0.76
1753,0.7487236,0.76
1754,0.748876244,0.76
1755,0.749005025,0.76
1756,0.74912582,0.76
1757,0.749253155,0.76
1758,0.749393014,0.76
1759,0.74957154,0.76
1760,0.749779743,0.76
1761,0.749967201,0.76
1762,0.750144162,0.76
1763,0.750353315,0.76
1764,0.75058652,0.76
1765,0.750820036,0.76
1766,0.751052414,0.76
1767,0.751282353,0.76
1768,0.751512394,0.76
1769,0.751730698,0.76
1770,0.751944999,0.76
1771,0.752128144,0.76
1772,0.752282743,0.76
1773,0.752482503,0.76
1774,0.75271463,0.76
1775,0.752946539,0.76
1776,0.753177156,0.76
1777,0.753403581,0.76
1778,0.75361497,0.76
1779,0.753799331,0.76
1780,0.753936985,0.76
1781,0.75379395,0.76
1782,0.753287492,0.76
1783,0.752668088,0.76
1784,0.752053232,0.76
1785,0.75143776,0.76
1786,0.750820997,0.76
1787,0.750204825,0.76
1788,0.749588456,0.76
1789,0.748973644,0.76
1790,0.74836016,0.76
1791,0.747794977,0.76
1792,0.747334012,0.76
1793,0.746929303,0.76
1794,0.746524702,0.76
1795,0.746121611,0.76
1796,0.74571775,0.76
1797,0.745325278,0.76
1798,0.744976279,0.76
1799,0.744681394,0.76
1800,0.744417688,0.76
1801,0.744166021,0.76
1802,0.743918898,0.76
1803,0.743671709,0.76
1804,0.743426401,0.76
1805,0.743187125,0.75
1806,0.743034541,0.75
1807,0.743084386,0.75
1808,0.743278836,0.75
1809,0.74350288,0.76
1810,0.743728413,0.76
1811,0.743915262,0.76
1812,0.743983625,0.76
1813,0.743848464,0.76
1814,0.74351828,0.76
1815,0.743113957,0.75
1816,0.742709581,0.75
1817,0.742305188,0.75
1818,0.74190292,0.75
1819,0.741500335,0.75
1820,0.741094884,0.75
1821,0.740690075,0.75
1822,0.740287515,0.75
1823,0.739884849,0.75
1824,0.739481077,0.75
1825,0.73907735,0.75
1826,0.738675155,0.75
1827,0.738273425,0.75
1828,0.73787084,0.75
1829,0.737466902,0.75
1830,0.737062897,0.75
1831,0.73666056,0.75
1832,0.736258157,0.75
1833,0.735856854,0.75
1834,0.735455982,0.75
1835,0.735052666,0.75
1836,0.734649392,0.75
1837,0.734245744,0.75
1838,0.733841753,0.75
1839,0.733439119,0.75
1840,0.733035753,0.75
1841,0.732632882,0.75
1842,0.732230649,0.75
1843,0.731828881,0.75
1844,0.731426816,0.7425
1845,0.731024382,0.74
1846,0.730622706,0.74
1847,0.730220533,0.74
1848,0.729820119,0.74
1849,0.729420512,0.74
1850,0.729018759,0.74
1851,0.728616674,0.74
1852,0.728215653,0.74
1853,0.727814118,0.74
1854,0.727408975,0.74
1855,0.727005724,0.74
1856,0.726604835,0.74
1857,0.72631514,0.74
1858,0.726293498,0.74
1859,0.726468787,0.74
1860,0.726677386,0.74
1861,0.726860303,0.74
1862,0.727003639,0.74
1863,0.727097256,0.74
1864,0.727060965,0.74
1865,0.726740414,0.74
1866,0.726245197,0.74
1867,0.725699271,0.74
1868,0.725090134,0.74
1869,0.724476982,0.74
1870,0.723863078,0.74
1871,0.723248266,0.74
1872,0.722632962,0.74
1873,0.722064292,0.74
1874,0.721633628,0.74
1875,0.721342745,0.74
1876,0.721075301,0.74
1877,0.720763586,0.74
1878,0.720458811,0.74
1879,0.720160569,0.74
1880,0.719839735,0.73
1881,0.719517759,0.73
1882,0.719238608,0.73
1883,0.719006099,0.73
1884,0.718793081,0.73
1885,0.71861177,0.73
1886,0.718488797,0.73
1887,0.718421005,0.73
1888,0.718358772,0.73
1889,0.718297356,0.73
1890,0.718246513,0.73
1891,0.718123574,0.73
1892,0.717861331,0.73
1893,0.717514478,0.73
1894,0.717124935,0.73
1895,0.716708072,0.73
1896,0.71629024,0.73
1897,0.715871914,0.73
1898,0.71544636,0.73
1899,0.714974889,0.73
1900,0.714435206,0.73
1901,0.713871368,0.73
1902,0.713336987,0.73
1903,0.712894445,0.73
1904,0.712616866,0.73
1905,0.712541495,0.73
1906,0.712559385,0.73
1907,0.712559214,0.73
1908,0.712546636,0.73
1909,0.712494319,0.73
1910,0.712426784,0.73
1911,0.712378113,0.73
1912,0.712309909,0.73
1913,0.71222541,0.73
1914,0.712155334,0.73
1915,0.71205543,0.73
1916,0.711926326,0.73
1917,0.711806748,0.73
1918,0.71169141,0.73
1919,0.711585108,0.73
1920,0.711443092,0.73
1921,0.71117369,0.73
1922,0.710797482,0.73
1923,0.710374317,0.73
1924,0.70983906,0.73
1925,0.709217694,0.73
1926,0.708594892,0.73
1927,0.707973758,0.71
1928,0.707350649,0.71
1929,0.706729157,0.71
1930,0.706106018,0.71
1931,0.70548214,0.71
1932,0.704863622,0.71
1933,0.704303828,0.71
1934,0.703848597,0.71
1935,0.703441935,0.71
1936,0.703036287,0.71
1937,0.702629714,0.71
1938,0.702223875,0.71
1939,0.701833449,0.71
1940,0.701584273,0.71
1941,0.70148193,0.71
1942,0.70139816,0.71
1943,0.701327277,0.71
1944,0.701359693,0.71
1945,0.701542583,0.71
1946,0.701783303,0.71
1947,0.702020162,0.71
1948,0.702257525,0.71
1949,0.702495321,0.71
1950,0.702732858,0.71
1951,0.702969871,0.71
1952,0.703205571,0.71
1953,0.703437907,0.71
1954,0.703662899,0.71
1955,0.703868641,0.71
1956,0.704023756,0.71
1957,0.703969133,0.71
1958,0.703689011,0.71
1959,0.703319332,0.71
1960,0.702911712,0.71
1961,0.702504793,0.71
1962,0.702098413,0.71
1963,0.701690423,0.71
1964,0.701282952,0.71
1965,0.700874923,0.71
1966,0.700464438,0.71
1967,0.700055987,0.71
1968,0.699649194,0.71
1969,0.699242225,0.71
1970,0.698836009,0.71
1971,0.698430683,0.71
1972,0.698026074,0.71
1973,0.697621506,0.71
1974,0.697355016,0.71
1975,0.697319277,0.71
1976,0.697368051,0.71
1977,0.697392444,0.71
1978,0.697386471,0.71
1979,0.697323109,0.71
1980,0.697163983,0.71
1981,0.696903909,0.71
1982,0.696587384,0.71
1983,0.696221297,0.7
1984,0.695843986,0.7
1985,0.695544679,0.7
1986,0.695296266,0.7
1987,0.695054551,0.7
1988,0.694857728,0.7
1989,0.694633605,0.7
1990,0.694335052,0.7
1991,0.69399248,0.7
1992,0.693635666,0.7
1993,0.693412624,0.7
1994,0.693309185,0.7
1995,0.693215189,0.7
1996,0.693136169,0.7
1997,0.693078092,0.7
1998,0.693016166,0.7
1999,0.69292373,0.7
2000,0.692816824,0.7
2001,0.692765595,0.7
2002,0.692820579,0.7
2003,0.692930597,0.7
2004,0.6930278,0.7
2005,0.693074396,0.7
2006,0.693074134,0.7
2007,0.693060462,0.7
2008,0.693033503,0.7
2009,0.692987613,0.7
2010,0.692901171,0.7
2011,0.692783814,0.7
2012,0.692665267,0.7
2013,0.692547752,0.7
2014,0.69243289,0.7
2015,0.692325151,0.7
2016,0.692223746,0.7
2017,0.692125977,0.7
2018,0.692025001,0.7
2019,0.691893582,0.7
2020,0.691713689,0.7
2021,0.691487166,0.7
2022,0.691224519,0.7
2023,0.690955485,0.7
2024,0.690757844,0.7
2025,0.690648905,0.7
2026,0.690511251,0.7
2027,0.690266198,0.7
2028,0.689954117,0.7
2029,0.689724476,0.7
2030,0.689599902,0.7
2031,0.689488188,0.7
2032,0.689380017,0.7
2033,0.689275142,0.7
2034,0.689170785,0.7
2035,0.688977349,0.7
2036,0.688712807,0.7
2037,0.688536897,0.7
2038,0.68846835,0.7
2039,0.688508573,0.7
2040,0.688619804,0.7
2041,0.688711571,0.7
2042,0.688764292,0.7
2043,0.688774187,0.7
2044,0.68870776,0.7
2045,0.688551427,0.7
2046,0.688323538,0.7
2047,0.687985074,0.7
2048,0.687491336,0.7
2049,0.686887747,0.7
2050,0.6862567,0.7
2051,0.685627095,0.7
2052,0.685001022,0.7
2053,0.68437247,0.69
2054,0.683740494,0.69
2055,0.683106568,0.69
2056,0.68246799,0.69
2057,0.681827365,0.69
2058,0.68126834,0.69
2059,0.680825188,0.69
2060,0.680414911,0.69
2061,0.680004416,0.69
2062,0.679595363,0.69
2063,0.679207748,0.69
2064,0.67890693,0.69
2065,0.678834858,0.69
2066,0.678960935,0.69
2067,0.678991768,0.69
2068,0.678766102,0.69
2069,0.678384431,0.69
2070,0.677971447,0.69
2071,0.677560374,0.69
2072,0.677150068,0.69
2073,0.676740103,0.69
2074,0.676330636,0.69
2075,0.675920156,0.69
2076,0.675536324,0.69
2077,0.67518939,0.69
2078,0.674833919,0.69
2079,0.674439014,0.69
2080,0.674024146,0.69
2081,0.673640657,0.69
2082,0.673367365,0.69
2083,0.67320992,0.6825
2084,0.673172171,0.68
2085,0.67328396,0.68
2086,0.673392498,0.69
2087,0.673415788,0.69
2088,0.673402947,0.69
2089,0.6732837,0.69
2090,0.673171349,0.68
2091,0.672964885,0.68
2092,0.672560778,0.68
2093,0.672146239,0.68
2094,0.671731918,0.68
2095,0.671317567,0.68
2096,0.670904534,0.68
2097,0.670491663,0.68
2098,0.670079695,0.68
2099,0.669669443,0.68
2100,0.66925991,0.68
2101,0.668847725,0.68
2102,0.668434475,0.68
2103,0.668024551,0.68
2104,0.66764045,0.68
2105,0.667390912,0.68
2106,0.66728412,0.68
2107,0.667223766,0.68
2108,0.667132967,0.68
2109,0.667011642,0.68
2110,0.666978807,0.68
2111,0.66698413,0.68
2112,0.666809002,0.68
2113,0.666451017,0.68
2114,0.666032605,0.68
2115,0.665777793,0.68
2116,0.665741209,0.68
2117,0.665737272,0.68
2118,0.665733504,0.68
2119,0.665852408,0.68
2120,0.666089905,0.68
2121,0.666324786,0.68
2122,0.666553968,0.68
2123,0.666708142,0.68
2124,0.666741885,0.68
2125,0.666659401,0.68
2126,0.666578098,0.68
2127,0.66660239,0.68
2128,0.666668837,0.68
2129,0.666720011,0.68
2130,0.66678107,0.68
2131,0.666870552,0.68
2132,0.666927811,0.68
2133,0.666936078,0.68
2134,0.666923944,0.68
2135,0.666907543,0.68
2136,0.666901912,0.68
2137,0.666967252,0.68
2138,0.667142776,0.68
2139,0.667373551,0.68
2140,0.667609456,0.68
2141,0.667844744,0.68
2142,0.668079402,0.68
2143,0.668313529,0.68
2144,0.66854715,0.68
2145,0.66877987,0.68
2146,0.669012167,0.68
2147,0.669244144,0.68
2148,0.669474314,0.68
2149,0.669701873,0.68
2150,0.669925791,0.68
2151,0.670138231,0.68
2152,0.670318066,0.68
2153,0.670443006,0.68
2154,0.670520871,0.68
2155,0.670543048,0.68
2156,0.670402341,0.68
2157,0.670050283,0.68
2158,0.66953521,0.68
2159,0.668917098,0.68
2160,0.668269099,0.68
2161,0.667658139,0.68
2162,0.667148959,0.68
2163,0.666609573,0.68
2164,0.665969196,0.68
2165,0.665323804,0.68
2166,0.664680667,0.68
2167,0.664035577,0.68
2168,0.663383191,0.68
2169,0.662810733,0.68
2170,0.662358708,0.68
2171,0.661941422,0.68
2172,0.661524679,0.68
2173,0.66111059,0.68
2174,0.660697587,0.68
2175,0.660282448,0.68
2176,0.659867295,0.68
2177,0.659451075,0.67
2178,0.659034468,0.67
2179,0.658620429,0.67
2180,0.658207159,0.67
2181,0.657792877,0.67
2182,0.657379914,0.67
2183,0.65696869,0.67
2184,0.65655427,0.67
2185,0.656139654,0.67
2186,0.655726047,0.67
2187,0.655312688,0.67
2188,0.655121713,0.67
2189,0.655238542,0.67
2190,0.655365888,0.67
2191,0.65541697,0.67
2192,0.655491287,0.67
2193,0.655563869,0.67
2194,0.655551347,0.67
2195,0.655386508,0.67
2196,0.655057907,0.67
2197,0.654658722,0.67
2198,0.654256027,0.67
2199,0.653846205,0.67
2200,0.653432677,0.67
2201,0.653016548,0.67
2202,0.652598445,0.67
2203,0.652181709,0.67
2204,0.651765909,0.67
2205,0.651350691,0.67
2206,0.650935237,0.67
2207,0.650520146,0.67
2208,0.650161994,0.67
2209,0.649848535,0.67
2210,0.64957074,0.67
2211,0.649399091,0.67
2212,0.649265017,0.67
2213,0.649163563,0.67
2214,0.649154941,0.67
2215,0.649122981,0.67
2216,0.648958481,0.67
2217,0.648761537,0.67
2218,0.648594264,0.67
2219,0.648452736,0.67
2220,0.648366559,0.65
2221,0.64830603,0.65
2222,0.648270894,0.65
2223,0.648232783,0.65
2224,0.648174051,0.65
2225,0.648097404,0.65
2226,0.647891278,0.65
2227,0.647627934,0.65
2228,0.647435556,0.65
2229,0.6472959,0.65
2230,0.647236803,0.65
2231,0.647222525,0.65
2232,0.647205683,0.65
2233,0.647194988,0.65
2234,0.647213464,0.65
2235,0.647285543,0.65
2236,0.647393441,0.65
2237,0.647491273,0.65
2238,0.64754808,0.65
2239,0.647564079,0.65
2240,0.647549764,0.65
2241,0.647470451,0.65
2242,0.647353505,0.65
2243,0.647224132,0.65
2244,0.647027727,0.65
2245,0.646858185,0.65
2246,0.646727723,0.65
2247,0.646556599,0.65
2248,0.646377381,0.65
2249,0.646218108,0.65
2250,0.646136455,0.65
2251,0.646094127,0.65
2252,0.645915973,0.65
2253,0.645457193,0.65
2254,0.644831633,0.65
2255,0.644232758,0.65
2256,0.64378573,0.65
2257,0.643461428,0.65
2258,0.643239807,0.65
2259,0.643146921,0.65
2260,0.643110961,0.65
2261,0.643040806,0.65
2262,0.642844408,0.65
2263,0.642585774,0.65
2264,0.642363269,0.65
2265,0.642259677,0.65
2266,0.642244738,0.65
2267,0.642242844,0.65
2268,0.642242613,0.65
2269,0.642233947,0.65
2270,0.642224545,0.65
2271,0.642220592,0.65
2272,0.642216637,0.65
2273,0.642190125,0.65
2274,0.64205875,0.65
2275,0.641667114,0.65
2276,0.641073542,0.65
2277,0.640718742,0.65
2278,0.640696455,0.65
2279,0.640815372,0.65
2280,0.640997866,0.65
2281,0.641132824,0.65
2282,0.641150073,0.65
2283,0.640938814,0.65
2284,0.640429296,0.65
2285,0.64008266,0.65
2286,0.640074318,0.65
2287,0.640092841,0.65
2288,0.640025263,0.65
2289,0.639813778,0.65
2290,0.63949208,0.65
2291,0.639046063,0.65
2292,0.638586534,0.65
2293,0.638291429,0.65
2294,0.638190846,0.65
2295,0.638217125,0.65
2296,0.638357538,0.65
2297,0.63856065,0.65
2298,0.638729051,0.65
2299,0.638861244,0.65
2300,0.638961298,0.65
2301,0.638853898,0.65
2302,0.638569664,0.65
2303,0.638274492,0.65
2304,0.637773697,0.65
2305,0.637091967,0.65
2306,0.636486451,0.65
2307,0.636261877,0.64
2308,0.636397867,0.65
2309,0.636512569,0.65
2310,0.636539615,0.65
2311,0.63655417,0.65
2312,0.636568664,0.65
2313,0.636589093,0.65
2314,0.636690744,0.65
2315,0.636839397,0.65
2316,0.636952464,0.65
2317,0.637050371,0.65
2318,0.637113875,0.65
2319,0.63714112,0.65
2320,0.63716324,0.65
2321,0.637204065,0.65
2322,0.637265675,0.65
2323,0.637329855,0.65
2324,0.637422976,0.65
2325,0.637579834,0.65
2326,0.637786228,0.65
2327,0.6380116,0.65
2328,0.638236586,0.65
2329,0.638461381,0.65
2330,0.638685538,0.65
2331,0.638908848,0.65
2332,0.639132091,0.65
2333,0.639351923,0.65
2334,0.639559876,0.65
2335,0.639701029,0.65
2336,0.639806979,0.65
2337,0.639892974,0.65
2338,0.639936166,0.65
2339,0.639993056,0.65
2340,0.640088649,0.65
2341,0.640232626,0.65
2342,0.640428868,0.65
2343,0.640653684,0.65
2344,0.640875201,0.65
2345,0.641089926,0.65
2346,0.641284275,0.65
2347,0.641437921,0.65
2348,0.641476216,0.65
2349,0.641154605,0.65
2350,0.640513583,0.65
2351,0.639824732,0.65
2352,0.639136588,0.65
2353,0.638446747,0.65
2354,0.637757832,0.65
2355,0.6370702,0.65
2356,0.636384718,0.65
2357,0.635698976,0.65
2358,0.6350104,0.65
2359,0.634403764,0.65
2360,0.633928835,0.6425
2361,0.633501219,0.64
2362,0.633072123,0.64
2363,0.632643776,0.64
2364,0.632217253,0.64
2365,0.631789806,0.64
2366,0.631360318,0.64
2367,0.630932117,0.64
2368,0.63050503,0.64
2369,0.630078448,0.64
2370,0.629654315,0.64
2371,0.629229736,0.64
2372,0.62880103,0.64
2373,0.628398048,0.64
2374,0.628282922,0.64
2375,0.628465095,0.64
2376,0.628683496,0.64
2377,0.628900688,0.64
2378,0.629117173,0.64
2379,0.629300434,0.64
2380,0.629321515,0.64
2381,0.629057999,0.64
2382,0.628633678,0.64
2383,0.628204654,0.64
2384,0.62777706,0.64
2385,0.627349282,0.64
2386,0.626922368,0.64
2387,0.626496593,0.64
2388,0.626070735,0.64
2389,0.62564719,0.64
2390,0.625222831,0.64
2391,0.62479803,0.64
2392,0.624371599,0.64
2393,0.623942603,0.64
2394,0.623515356,0.64
2395,0.623090016,0.64
2396,0.622664135,0.64
2397,0.622236662,0.64
2398,0.621808825,0.63
2399,0.621382171,0.63
2400,0.620956414,0.63
2401,0.620529057,0.63
2402,0.620101774,0.63
2403,0.619675926,0.63
2404,0.61925011,0.63
2405,0.61882364,0.63
2406,0.618398294,0.63
2407,0.617973837,0.63
2408,0.617547421,0.63
2409,0.61711988,0.63
2410,0.616694621,0.63
2411,0.616269629,0.63
2412,0.615844148,0.63
2413,0.61541775,0.63
2414,0.614989746,0.63
2415,0.614561482,0.63
2416,0.614132293,0.63
2417,0.613704854,0.63
2418,0.613280034,0.63
2419,0.612853878,0.63
2420,0.612424836,0.63
2421,0.611998021,0.63
2422,0.611572688,0.63
2423,0.611144932,0.63
2424,0.610716333,0.63
2425,0.610270325,0.63
2426,0.610130129,0.62
2427,0.610325019,0.63
2428,0.610522983,0.63
2429,0.6106957,0.63
2430,0.610832442,0.63
2431,0.610924117,0.63
2432,0.610828305,0.63
2433,0.610443429,0.63
2434,0.609921959,0.63
2435,0.609298297,0.62
2436,0.608581032,0.62
2437,0.60786697,0.62
2438,0.607152115,0.62
2439,0.606435086,0.62
2440,0.60572354,0.62
2441,0.605013707,0.62
2442,0.604301881,0.62
2443,0.603588978,0.62
2444,0.602965896,0.62
2445,0.602486633,0.62
2446,0.602061139,0.62
2447,0.601635889,0.62
2448,0.601211403,0.62
2449,0.60078379,0.62
2450,0.600366888,0.62
2451,0.600029241,0.62
2452,0.599757339,0.62
2453,0.599486211,0.62
2454,0.599211241,0.62
2455,0.598910374,0.62
2456,0.598572149,0.62
2457,0.598196375,0.62
2458,0.597796801,0.62
2459,0.597392884,0.62
2460,0.596974576,0.62
2461,0.596545214,0.6
2462,0.596117382,0.6
2463,0.595689985,0.6
2464,0.595262447,0.6
2465,0.594835424,0.6
2466,0.594410223,0.6
2467,0.593986764,0.6
2468,0.593562683,0.6
2469,0.593137803,0.6
2470,0.592714515,0.6
2471,0.592291765,0.6
2472,0.591868379,0.6
2473,0.591448807,0.6
2474,0.591032453,0.6
2475,0.590616017,0.6
2476,0.590195785,0.6
2477,0.589772448,0.6
2478,0.589355859,0.6
2479,0.589004138,0.6
2480,0.588739972,0.6
2481,0.588547889,0.6
2482,0.588393515,0.6
2483,0.588188726,0.6
2484,0.587861992,0.6
2485,0.587448305,0.6
2486,0.587024987,0.6
2487,0.586601902,0.6
2488,0.586178302,0.6
2489,0.585755852,0.6
2490,0.585334998,0.6
2491,0.584913241,0.6
2492,0.584493262,0.59
2493,0.58407557,0.59
2494,0.583657595,0.59
2495,0.583189997,0.59
2496,0.582648387,0.59
2497,0.582110879,0.59
2498,0.58174707,0.59
2499,0.58165596,0.59
2500,0.581786376,0.59
2501,0.581929028,0.59
2502,0.581958532,0.59
2503,0.58195577,0.59
2504,0.581953062,0.59
2505,0.582033783,0.59
2506,0.582228912,0.59
2507,0.582453999,0.59
2508,0.582679105,0.59
2509,0.582904845,0.59
2510,0.583130276,0.59
2511,0.583354486,0.59
2512,0.583576725,0.59
2513,0.583798394,0.59
2514,0.584017898,0.59
2515,0.584226707,0.59
2516,0.584402959,0.6
2517,0.584504799,0.6
2518,0.584391067,0.6
2519,0.583912588,0.59
2520,0.583234283,0.59
2521,0.582555048,0.59
2522,0.581874884,0.59
2523,0.581196241,0.59
2524,0.580521111,0.59
2525,0.57984799,0.59
2526,0.579173256,0.59
2527,0.578497459,0.59
2528,0.577912781,0.59
2529,0.577456415,0.59
2530,0.577037984,0.59
2531,0.576638337,0.59
2532,0.576376376,0.59
2533,0.5762465,0.59
2534,0.576115881,0.59
2535,0.575914358,0.59
2536,0.575580241,0.59
2537,0.575165524,0.59
2538,0.574745208,0.59
2539,0.574327653,0.59
2540,0.573913256,0.59
2541,0.573498568,0.59
2542,0.573083269,0.59
2543,0.572665854,0.59
2544,0.572249198,0.59
2545,0.57183523,0.59
2546,0.571421628,0.58
2547,0.571006842,0.58
2548,0.570591725,0.58
2549,0.570177867,0.58
2550,0.569820496,0.58
2551,0.569584649,0.58
2552,0.569373491,0.58
2553,0.569039491,0.58
2554,0.568626436,0.58
2555,0.56833016,0.58
2556,0.568179571,0.58
2557,0.568104081,0.58
2558,0.568096807,0.58
2559,0.568211231,0.58
2560,0.568329631,0.58
2561,0.568306435,0.58
2562,0.568121955,0.58
2563,0.567772423,0.58
2564,0.567616055,0.58
2565,0.567695568,0.58
2566,0.567678389,0.58
2567,0.567721788,0.58
2568,0.567879296,0.58
2569,0.567961712,0.58
2570,0.567984866,0.58
2571,0.567976507,0.58
2572,0.567954932,0.58
2573,0.567927949,0.58
2574,0.567756334,0.58
2575,0.567401357,0.58
2576,0.566998548,0.58
2577,0.566594792,0.58
2578,0.566189351,0.58
2579,0.565750339,0.58
2580,0.56530969,0.58
2581,0.564896857,0.58
2582,0.564484906,0.58
2583,0.564049179,0.58
2584,0.563608942,0.58
2585,0.563332772,0.58
2586,0.563242356,0.58
2587,0.563216087,0.58
2588,0.563213593,0.58
2589,0.563214576,0.58
2590,0.563240425,0.58
2591,0.563312293,0.58
2592,0.563409126,0.58
2593,0.563499296,0.58
2594,0.563564061,0.58
2595,0.563585269,0.58
2596,0.563513653,0.58
2597,0.563317887,0.58
2598,0.563046818,0.58
2599,0.56272703,0.58
2600,0.562275415,0.58
2601,0.561676997,0.58
2602,0.561098891,0.58
2603,0.560648854,0.58
2604,0.560283653,0.58
2605,0.559887446,0.58
2606,0.55939296,0.57
2607,0.558866572,0.57
2608,0.558363,0.57
2609,0.557920313,0.57
2610,0.557550827,0.57
2611,0.557204817,0.57
2612,0.556862442,0.57
2613,0.556565325,0.57
2614,0.556336762,0.57
2615,0.556145636,0.57
2616,0.556046362,0.57
2617,0.556048982,0.57
2618,0.55606906,0.57
2619,0.556086601,0.57
2620,0.556092491,0.57
2621,0.555989603,0.57
2622,0.555701196,0.57
2623,0.555272715,0.57
2624,0.554937759,0.57
2625,0.554810199,0.57
2626,0.554775809,0.57
2627,0.554773583,0.57
2628,0.554771318,0.57
2629,0.554767378,0.57
2630,0.5547628,0.57
2631,0.554665391,0.57
2632,0.554334369,0.57
2633,0.553973569,0.57
2634,0.553797525,0.57
2635,0.55363535,0.57
2636,0.553345956,0.57
2637,0.553058473,0.57
2638,0.552869587,0.57
2639,0.552727656,0.57
2640,0.552651822,0.57
2641,0.552626037,0.57
2642,0.55260403,0.57
2643,0.552553077,0.57
2644,0.552473946,0.57
2645,0.552414587,0.57
2646,0.552372293,0.57
2647,0.552318702,0.57
2648,0.55218554,0.57
2649,0.551995107,0.57
2650,0.551861197,0.57
2651,0.551567451,0.57
2652,0.550995706,0.57
2653,0.55034869,0.57
2654,0.54969897,0.57
2655,0.549050727,0.57
2656,0.54840645,0.57
2657,0.547763393,0.56
2658,0.547117653,0.56
2659,0.546568146,0.56
2660,0.546140912,0.56
2661,0.54577884,0.56
2662,0.545486818,0.56
2663,0.545258852,0.56
2664,0.545105138,0.56
2665,0.544984061,0.56
2666,0.544877249,0.56
2667,0.544860585,0.56
2668,0.544905705,0.56
2669,0.544912331,0.56
2670,0.544865855,0.56
2671,0.544762781,0.56
2672,0.544654318,0.56
2673,0.544563874,0.56
2674,0.544395523,0.56
2675,0.544145986,0.56
2676,0.543894944,0.56
2677,0.543652155,0.56
2678,0.543438592,0.56
2679,0.543308255,0.56
2680,0.543252297,0.56
2681,0.543247885,0.56
2682,0.543288112,0.56
2683,0.543386418,0.56
2684,0.543550481,0.56
2685,0.543710003,0.56
2686,0.543845224,0.56
2687,0.54403139,0.56
2688,0.544197631,0.56
2689,0.544198891,0.56
2690,0.544053738,0.56
2691,0.543917158,0.56
2692,0.543853648,0.56
2693,0.543821219,0.56
2694,0.543788069,0.56
2695,0.543742352,0.56
2696,0.543712849,0.56
2697,0.543655043,0.56
2698,0.543526748,0.56
2699,0.543410461,0.56
2700,0.543362392,0.56
2701,0.543430993,0.56
2702,0.54362381,0.56
2703,0.543854081,0.56
2704,0.544084263,0.56
2705,0.544314295,0.56
2706,0.544543948,0.56
2707,0.54477291,0.56
2708,0.545001846,0.56
2709,0.545230414,0.56
2710,0.54545719,0.56
2711,0.54568334,0.56
2712,0.545908874,0.56
2713,0.54613099,0.56
2714,0.546346434,0.56
2715,0.546552159,0.56
2716,0.546738485,0.56
2717,0.546891718,0.56
2718,0.547000203,0.56
2719,0.54701968,0.56
2720,0.546904223,0.56
2721,0.546567485,0.56
2722,0.546015646,0.56
2723,0.545384323,0.56
2724,0.54473958,0.56
2725,0.544154753,0.56
2726,0.543687653,0.56
2727,0.543229992,0.56
2728,0.542717641,0.56
2729,0.542149665,0.56
2730,0.541518483,0.56
2731,0.540872964,0.56
2732,0.540228568,0.56
2733,0.539589513,0.56
2734,0.539054763,0.56
2735,0.538662988,0.56
2736,0.538283816,0.56
2737,0.537883465,0.56
2738,0.537498346,0.56
2739,0.537127929,0.56
2740,0.536765005,0.56
2741,0.536402145,0.56
2742,0.536027006,0.56
2743,0.535647486,0.56
2744,0.535266759,0.54
2745,0.534907333,0.54
2746,0.534592583,0.54
2747,0.5342562,0.54
2748,0.533867143,0.54
2749,0.533461944,0.54
2750,0.533056697,0.54
2751,0.532652497,0.54
2752,0.532329356,0.54
2753,0.532166409,0.54
2754,0.532123786,0.54
2755,0.532133409,0.54
2756,0.532213169,0.54
2757,0.532290462,0.54
2758,0.532292284,0.54
2759,0.532232925,0.54
2760,0.532110654,0.54
2761,0.531866892,0.54
2762,0.531496278,0.54
2763,0.531101009,0.54
2764,0.530703102,0.54
2765,0.530303103,0.54
2766,0.529900646,0.54
2767,0.529498278,0.54
2768,0.529095821,0.54
2769,0.528692116,0.54
2770,0.528288889,0.54
2771,0.527886194,0.54
2772,0.527484366,0.54
2773,0.52708173,0.54
2774,0.5266779,0.54
2775,0.526274641,0.54
2776,0.525873391,0.54
2777,0.525625412,0.54
2778,0.525531494,0.54
2779,0.525469506,0.54
2780,0.525360221,0.54
2781,0.525156456,0.54
2782,0.524991378,0.54
2783,0.52490418,0.54
2784,0.524852426,0.54
2785,0.524840621,0.54
2786,0.52484725,0.54
2787,0.524844122,0.54
2788,0.524773224,0.54
2789,0.524513528,0.54
2790,0.52421081,0.53
2791,0.523985846,0.53
2792,0.523843709,0.53
2793,0.523800467,0.53
2794,0.523752686,0.53
2795,0.523714734,0.53
2796,0.5237586,0.53
2797,0.523866219,0.53
2798,0.523975679,0.53
2799,0.524045918,0.53
2800,0.524024438,0.53
2801,0.523986748,0.53
2802,0.523987934,0.53
2803,0.523963232,0.53
2804,0.523857601,0.53
2805,0.523575728,0.53
2806,0.523246312,0.53
2807,0.523095103,0.53
2808,0.522991197,0.53
2809,0.522760849,0.53
2810,0.522560038,0.53
2811,0.522509245,0.53
2812,0.522515699,0.53
2813,0.522503574,0.53
2814,0.52235447,0.53
2815,0.521988254,0.53
2816,0.521562884,0.53
2817,0.521235142,0.53
2818,0.520977736,0.53
2819,0.520741729,0.53
2820,0.520577326,0.53
2821,0.52046251,0.53
2822,0.5203667,0.53
2823,0.520290182,0.53
2824,0.520177533,0.53
2825,0.520054672,0.53
2826,0.519976065,0.53
2827,0.519949836,0.53
2828,0.519935094,0.53
2829,0.519855078,0.53
2830,0.519774858,0.53
2831,0.519760183,0.53
2832,0.51975986,0.53
2833,0.519761538,0.53
2834,0.51976457,0.53
2835,0.519799332,0.53
2836,0.519847164,0.53
2837,0.519874985,0.53
2838,0.519874299,0.53
2839,0.519832182,0.53
2840,0.51983537,0.53
2841,0.519904457,0.53
2842,0.519971965,0.53
2843,0.520037931,0.53
2844,0.52011677,0.53
2845,0.520210223,0.53
2846,0.520279173,0.53
2847,0.52031127,0.53
2848,0.520325164,0.53
2849,0.520323196,0.53
2850,0.520305813,0.53
2851,0.520277876,0.53
2852,0.5202525,0.53
2853,0.520237704,0.53
2854,0.520231289,0.53
2855,0.520226088,0.53
2856,0.520220849,0.53
2857,0.520215472,0.53
2858,0.520209945,0.53
2859,0.52020428,0.53
2860,0.520198966,0.53
2861,0.520203169,0.53
2862,0.520222939,0.53
2863,0.520237431,0.53
2864,0.520236215,0.53
2865,0.520227327,0.53
2866,0.520208589,0.53
2867,0.520182031,0.53
2868,0.520153237,0.53
2869,0.520126002,0.53
2870,0.520101101,0.53
2871,0.520077297,0.53
2872,0.520061324,0.53
2873,0.52005273,0.53
2874,0.520046717,0.53
2875,0.520043044,0.53
2876,0.52003952,0.53
2877,0.520035445,0.53
2878,0.520030118,0.53
2879,0.520024411,0.53
2880,0.520018156,0.53
2881,0.520001823,0.53
2882,0.519975876,0.53
2883,0.519959581,0.53
2884,0.519955616,0.53
2885,0.519952402,0.53
2886,0.519947572,0.53
2887,0.519942696,0.53
2888,0.519938212,0.53
2889,0.519934404,0.53
2890,0.519930328,0.53
2891,0.519903412,0.53
2892,0.519839955,0.53
2893,0.519764622,0.53
2894,0.519660547,0.53
2895,0.519510545,0.53
2896,0.519360965,0.53
2897,0.519251986,0.53
2898,0.519126272,0.53
2899,0.518893972,0.53
2900,0.518541372,0.53
2901,0.51807848,0.53
2902,0.517585923,0.53
2903,0.517209048,0.53
2904,0.517032645,0.53
2905,0.517065285,0.53
2906,0.517227508,0.53
2907,0.51741126,0.53
2908,0.51757879,0.53
2909,0.517727476,0.53
2910,0.517856018,0.53
2911,0.517959226,0.53
2912,0.51799129,0.53
2913,0.51790765,0.53
2914,0.517733755,0.53
2915,0.517396581,0.53
2916,0.51702601,0.53
2917,0.516796719,0.53
2918,0.516604497,0.53
2919,0.516407186,0.53
2920,0.516208085,0.53
2921,0.516091358,0.53
2922,0.516075309,0.53
2923,0.516083965,0.53
2924,0.516122802,0.53
2925,0.516224016,0.53
2926,0.516367163,0.53
2927,0.51650654,0.53
2928,0.516635543,0.53
2929,0.516733656,0.53
2930,0.516793774,0.53
2931,0.516843141,0.53
2932,0.516892852,0.53
2933,0.516963283,0.53
2934,0.517069402,0.53
2935,0.51719604,0.53
2936,0.517337974,0.53
2937,0.517521105,0.53
2938,0.517736029,0.53
2939,0.5179509,0.53
2940,0.51816311,0.53
2941,0.518372699,0.53
2942,0.518578463,0.53
2943,0.518774865,0.53
2944,0.518981876,0.53
2945,0.519204285,0.53
2946,0.519416573,0.53
2947,0.519622988,0.53
2948,0.519810397,0.53
2949,0.519942488,0.53
2950,0.520052996,0.53
2951,0.520223072,0.53
2952,0.520443509,0.53
2953,0.520666562,0.53
2954,0.520887917,0.53
2955,0.52110539,0.53
2956,0.52131599,0.53
2957,0.52150566,0.53
2958,0.521641079,0.53
2959,0.521605243,0.53
2960,0.521324843,0.53
2961,0.520809373,0.53
2962,0.520171081,0.53
2963,0.519532252,0.53
2964,0.51889415,0.53
2965,0.518258211,0.53
2966,0.517621159,0.53
2967,0.516983495,0.53
2968,0.516344767,0.53
2969,0.515706494,0.53
2970,0.515151238,0.53
2971,0.514710511,0.53
2972,0.514304189,0.53
2973,0.513898658,0.53
2974,0.513492678,0.53
2975,0.513086133,0.53
2976,0.512679247,0.53
2977,0.512273944,0.53
2978,0.511870445,0.53
2979,0.51147686,0.53
2980,0.511140736,0.52
2981,0.510863907,0.52
2982,0.510606977,0.52
2983,0.510360352,0.52
2984,0.51012111,0.52
2985,0.50992572,0.52
2986,0.509847328,0.52
2987,0.509938721,0.52
2988,0.510126911,0.52
2989,0.510308544,0.52
2990,0.510438264,0.52
2991,0.510482796,0.52
2992,0.51043317,0.52
2993,0.510180168,0.52
2994,0.509774284,0.52
2995,0.509369707,0.52
2996,0.508965699,0.52
2997,0.508562194,0.52
2998,0.508158944,0.52
2999,0.507755501,0.52
3000,0.507352972,0.52
3001,0.506951834,0.52
3002,0.50655068,0.52
3003,0.506148306,0.52
3004,0.505745883,0.52
3005,0.50534526,0.52
3006,0.504944618,0.52
3007,0.504542845,0.52
3008,0.504139565,0.52
3009,0.503736645,0.52
3010,0.503335154,0.52
3011,0.502935229,0.52
3012,0.502536376,0.52
3013,0.50213598,0.52
3014,0.501736563,0.52
3015,0.501337765,0.52
3016,0.500936702,0.52
3017,0.500534956,0.52
3018,0.500134334,0.5175
3019,0.499733749,0.51
3020,0.499334325,0.51
3021,0.49893545,0.51
3022,0.49853497,0.51
3023,0.498134738,0.51
3024,0.497735084,0.51
3025,0.497335394,0.51
3026,0.496934592,0.51
3027,0.496535311,0.51
3028,0.496135698,0.51
3029,0.495735174,0.51
3030,0.49533786,0.51
3031,0.494840308,0.51
3032,0.494322816,0.51
3033,0.493979606,0.51
3034,0.493780093,0.51
3035,0.493630388,0.51
3036,0.493469045,0.51
3037,0.49334753,0.51
3038,0.493398679,0.51
3039,0.493577473,0.51
3040,0.49374955,0.51
3041,0.493900117,0.51
3042,0.494028498,0.51
3043,0.494133322,0.51
3044,0.494204283,0.51
3045,0.494215921,0.51
3046,0.494103468,0.51
3047,0.493795314,0.51
3048,0.493284833,0.51
3049,0.49267306,0.51
3050,0.49205361,0.51
3051,0.491437445,0.51
3052,0.490999444,0.51
3053,0.490783179,0.51
3054,0.490630628,0.51
3055,0.490495342,0.51
3056,0.49036077,0.51
3057,0.490226258,0.51
3058,0.490091619,0.51
3059,0.489956398,0.51
3060,0.489816662,0.51
3061,0.489682038,0.51
3062,0.489596194,0.51
3063,0.489564127,0.51
3064,0.489546368,0.51
3065,0.489528953,0.51
3066,0.489511635,0.51
3067,0.489494403,0.51
3068,0.489477075,0.51
3069,0.489429461,0.51
3070,0.489204011,0.51
3071,0.488806037,0.505
3072,0.488388075,0.49
3073,0.487968479,0.49
3074,0.487544599,0.49
3075,0.487122396,0.49
3076,0.486647634,0.49
3077,0.486113611,0.49
3078,0.485591145,0.49
3079,0.485227575,0.49
3080,0.485049733,0.49
3081,0.484861907,0.49
3082,0.48459416,0.49
3083,0.484280582,0.49
3084,0.483922332,0.49
3085,0.48353944,0.49
3086,0.48314458,0.49
3087,0.482776733,0.49
3088,0.482449065,0.49
3089,0.48214948,0.49
3090,0.481929412,0.49
3091,0.481778568,0.49
3092,0.481652039,0.49
3093,0.481534387,0.49
3094,0.481415375,0.49
3095,0.4812924,0.49
3096,0.481160545,0.49
3097,0.481003415,0.49
3098,0.480802922,0.49
3099,0.480574426,0.49
3100,0.480350725,0.49
3101,0.480150367,0.49
3102,0.479968758,0.49
3103,0.479778818,0.49
3104,0.479489878,0.49
3105,0.479152317,0.49
3106,0.478874247,0.49
3107,0.478629634,0.49
3108,0.478462349,0.49
3109,0.478376594,0.49
3110,0.478306112,0.49
3111,0.478183299,0.49
3112,0.47794714,0.49
3113,0.477623219,0.48
3114,0.477246851,0.48
3115,0.476832266,0.48
3116,0.476398873,0.48
3117,0.475936739,0.48
3118,0.475392099,0.48
3119,0.474785866,0.48
3120,0.474178663,0.48
3121,0.473571052,0.48
3122,0.472963935,0.48
3123,0.472365265,0.48
3124,0.471782243,0.48
3125,0.471212284,0.48
3126,0.470747064,0.48
3127,0.47048643,0.48
3128,0.47034704,0.48
3129,0.470216871,0.48
3130,0.4700665,0.48
3131,0.469884621,0.48
3132,0.469739844,0.48
3133,0.469734519,0.48
3134,0.469815493,0.48
3135,0.469898847,0.48
3136,0.470030769,0.48
3137,0.470234957,0.48
3138,0.470463002,0.48
3139,0.470689032,0.48
3140,0.470911259,0.48
3141,0.471132684,0.48
3142,0.471355729,0.48
3143,0.471577615,0.48
3144,0.471792961,0.48
3145,0.47198624,0.48
3146,0.472134276,0.48
3147,0.472200947,0.48
3148,0.472015423,0.48
3149,0.471512891,0.48
3150,0.47089345,0.48
3151,0.470274329,0.48
3152,0.469653892,0.48
3153,0.469032114,0.48
3154,0.468491014,0.48
3155,0.468061715,0.48
3156,0.46766303,0.48
3157,0.467263881,0.48
3158,0.46686317,0.48
3159,0.466463134,0.48
3160,0.466063625,0.48
3161,0.465663986,0.4775
3162,0.465265033,0.47
3163,0.464866612,0.47
3164,0.464628018,0.47
3165,0.464687245,0.47
3166,0.464753297,0.47
3167,0.464571434,0.47
3168,0.464228973,0.47
3169,0.463836294,0.47
3170,0.463436787,0.47
3171,0.463035535,0.47
3172,0.462636346,0.47
3173,0.462239789,0.47
3174,0.461843782,0.47
3175,0.461448825,0.47
3176,0.461052397,0.47
3177,0.460653746,0.47
3178,0.46025463,0.47
3179,0.459855926,0.47
3180,0.459463362,0.47
3181,0.459190368,0.47
3182,0.459084827,0.47
3183,0.459034906,0.47
3184,0.458979762,0.47
3185,0.458883246,0.47
3186,0.458717665,0.47
3187,0.458505062,0.47
3188,0.458317393,0.47
3189,0.458213544,0.47
3190,0.45815613,0.47
3191,0.458075448,0.47
3192,0.457954819,0.47
3193,0.457778309,0.47
3194,0.457546163,0.47
3195,0.457288358,0.47
3196,0.457018178,0.47
3197,0.456795432,0.47
3198,0.456765251,0.47
3199,0.456826629,0.47
3200,0.456791719,0.47
3201,0.456638912,0.47
3202,0.456364704,0.47
3203,0.456031326,0.47
3204,0.455682539,0.47
3205,0.455330893,0.47
3206,0.454981366,0.47
3207,0.454658035,0.47
3208,0.454382477,0.46
3209,0.454206161,0.46
3210,0.454124344,0.46
3211,0.454059783,0.46
3212,0.453995887,0.46
3213,0.453929439,0.46
3214,0.453882241,0.46
3215,0.453949473,0.46
3216,0.454099246,0.46
3217,0.454221065,0.46
3218,0.454303051,0.46
3219,0.454336005,0.46
3220,0.454248806,0.46
3221,0.45397779,0.46
3222,0.453532315,0.46
3223,0.452956103,0.46
3224,0.452335206,0.46
3225,0.451717048,0.46
3226,0.451270286,0.46
3227,0.45123712,0.46
3228,0.451444274,0.46
3229,0.451622935,0.46
3230,0.451741318,0.46
3231,0.451788028,0.46
3232,0.451787795,0.46
3233,0.451735532,0.46
3234,0.451550193,0.46
3235,0.451250321,0.46
3236,0.450868765,0.46
3237,0.450351803,0.46
3238,0.449741405,0.46
3239,0.449116908,0.46
3240,0.448497248,0.46
3241,0.44788089,0.46
3242,0.447260219,0.46
3243,0.446637076,0.46
3244,0.446097003,0.46
3245,0.445666695,0.46
3246,0.445267419,0.46
3247,0.444871732,0.46
3248,0.44447526,0.46
3249,0.444076747,0.46
3250,0.443681044,0.46
3251,0.44346114,0.46
3252,0.443539428,0.46
3253,0.443707726,0.46
3254,0.443607415,0.46
3255,0.443241388,0.46
3256,0.442845124,0.46
3257,0.442448236,0.45
3258,0.442048967,0.45
3259,0.441651144,0.45
3260,0.441254169,0.45
3261,0.440856138,0.45
3262,0.440457817,0.45
3263,0.440060051,0.45
3264,0.439662395,0.45
3265,0.439264681,0.45
3266,0.43886761,0.45
3267,0.438470811,0.45
3268,0.438072979,0.45
3269,0.437675458,0.45
3270,0.437278852,0.45
3271,0.436881722,0.45
3272,0.436484641,0.45
3273,0.436086296,0.45
3274,0.435687931,0.45
3275,0.435315265,0.45
3276,0.435083867,0.45
3277,0.434942437,0.45
3278,0.434774,0.45
3279,0.434602665,0.45
3280,0.434428725,0.45
3281,0.434254665,0.45
3282,0.434080739,0.45
3283,0.433912559,0.45
3284,0.433748435,0.45
3285,0.433581735,0.45
3286,0.43341214,0.45
3287,0.433241128,0.45
3288,0.433070477,0.45
3289,0.432895863,0.45
3290,0.432697999,0.45
3291,0.432455798,0.45
3292,0.432133214,0.45
3293,0.431743551,0.45
3294,0.431358426,0.43
3295,0.431065032,0.43
3296,0.430893553,0.43
3297,0.43085598,0.43
3298,0.430904389,0.43
3299,0.430924037,0.43
3300,0.430902576,0.43
3301,0.430843813,0.43
3302,0.43074196,0.43
3303,0.430621593,0.43
3304,0.430481233,0.43
3305,0.43030944,0.43
3306,0.430132939,0.43
3307,0.429973019,0.43
3308,0.429852861,0.43
3309,0.429796027,0.43
3310,0.4299132,0.43
3311,0.430156021,0.43
3312,0.430383678,0.43
3313,0.430610683,0.43
3314,0.430838074,0.43
3315,0.431065311,0.43
3316,0.431292436,0.43
3317,0.431519755,0.43
3318,0.431747386,0.45
3319,0.431975466,0.45
3320,0.432203904,0.45
3321,0.432432732,0.45
3322,0.432661369,0.45
3323,0.432890319,0.45
3324,0.43311992,0.45
3325,0.433349439,0.45
3326,0.433579151,0.45
3327,0.433808902,0.45
3328,0.434039115,0.45
3329,0.434269703,0.45
3330,0.434500276,0.45
3331,0.434730747,0.45
3332,0.434960836,0.45
3333,0.435190854,0.45
3334,0.435421129,0.45
3335,0.435651272,0.45
3336,0.435881392,0.45
3337,0.436111552,0.45
3338,0.436341323,0.45
3339,0.436570879,0.45
3340,0.436800147,0.45
3341,0.437028635,0.45
3342,0.437256521,0.45
3343,0.437483834,0.45
3344,0.437709897,0.45
3345,0.43793503,0.45
3346,0.438154104,0.45
3347,0.438307194,0.45
3348,0.438328031,0.45
3349,0.438155561,0.45
3350,0.437856484,0.45
3351,0.437805429,0.45
3352,0.438016917,0.45
3353,0.438236109,0.45
3354,0.43845263,0.45
3355,0.438666563,0.45
3356,0.438875887,0.45
3357,0.438987594,0.45
3358,0.438918295,0.45
3359,0.43871512,0.45
3360,0.43850179,0.45
3361,0.438476238,0.45
3362,0.438542024,0.45
3363,0.438542857,0.45
3364,0.438536409,0.45
3365,0.438526633,0.45
3366,0.438512637,0.45
3367,0.438510104,0.45
3368,0.43853716,0.45
3369,0.438553219,0.45
3370,0.438543261,0.45
3371,0.438534689,0.45
3372,0.438541894,0.45
3373,0.438638237,0.45
3374,0.438809525,0.45
3375,0.438953335,0.45
3376,0.439060051,0.45
3377,0.439152713,0.45
3378,0.439198587,0.45
3379,0.439173703,0.45
3380,0.438969852,0.45
3381,0.438597378,0.45
3382,0.438352831,0.45
3383,0.438303588,0.45
3384,0.438277128,0.45
3385,0.438166245,0.45
3386,0.437980213,0.45
3387,0.437750307,0.45
3388,0.437554217,0.45
3389,0.43746792,0.45
3390,0.437430538,0.45
3391,0.437389078,0.45
3392,0.437319826,0.45
3393,0.437218985,0.45
3394,0.43714177,0.45
3395,0.437178401,0.45
3396,0.437339713,0.45
3397,0.437531896,0.45
3398,0.437680722,0.45
3399,0.437785881,0.45
3400,0.437829051,0.45
3401,0.437672576,0.45
3402,0.437278971,0.45
3403,0.436786899,0.45
3404,0.436282579,0.45
3405,0.43578557,0.45
3406,0.435378826,0.45
3407,0.435131246,0.45
3408,0.435052468,0.45
3409,0.435166424,0.45
3410,0.43537538,0.45
3411,0.435528768,0.45
3412,0.435582574,0.45
3413,0.435624142,0.45
3414,0.435727243,0.45
3415,0.435819139,0.45
3416,0.435849326,0.45
3417,0.435847476,0.45
3418,0.435814323,0.45
3419,0.435652742,0.45
3420,0.435313182,0.45
3421,0.434806392,0.45
3422,0.434203879,0.45
3423,0.433663658,0.45
3424,0.43319264,0.45
3425,0.432691038,0.45
3426,0.43237438,0.45
3427,0.432402756,0.45
3428,0.432586144,0.45
3429,0.432796801,0.45
3430,0.43299315,0.45
3431,0.43315968,0.45
3432,0.433306314,0.45
3433,0.433473285,0.45
3434,0.433664607,0.45
3435,0.433846427,0.45
3436,0.434004778,0.45
3437,0.434107812,0.45
3438,0.434129286,0.45
3439,0.434139017,0.45
3440,0.434055661,0.45
3441,0.433639776,0.45
3442,0.433014624,0.45
3443,0.432738009,0.45
3444,0.43281821,0.45
3445,0.432634579,0.45
3446,0.432091717,0.45
3447,0.431465887,0.45
3448,0.430841175,0.45
3449,0.430271743,0.45
3450,0.429856653,0.45
3451,0.429616143,0.45
3452,0.429501949,0.45
3453,0.429331206,0.45
3454,0.428988156,0.45
3455,0.42864277,0.45
3456,0.428384037,0.43
3457,0.428180627,0.43
3458,0.427963261,0.43
3459,0.427556105,0.43
3460,0.427062974,0.43
3461,0.426589007,0.43
3462,0.426068984,0.43
3463,0.425553048,0.43
3464,0.425116176,0.43
3465,0.424801576,0.43
3466,0.42454723,0.43
3467,0.424297608,0.43
3468,0.424048186,0.43
3469,0.423805232,0.43
3470,0.423567465,0.43
3471,0.42333268,0.43
3472,0.423101981,0.43
3473,0.422859993,0.43
3474,0.422604926,0.43
3475,0.422445503,0.43
3476,0.422403749,0.43
3477,0.422438543,0.43
3478,0.42259774,0.43
3479,0.422822643,0.43
3480,0.422973291,0.43
3481,0.422839231,0.43
3482,0.422440977,0.43
3483,0.421991778,0.43
3484,0.421514859,0.43
3485,0.421009369,0.43
3486,0.420595987,0.43
3487,0.420373042,0.43
3488,0.420332545,0.43
3489,0.42044396,0.43
3490,0.420645461,0.43
3491,0.420866129,0.43
3492,0.421080052,0.43
3493,0.421285266,0.43
3494,0.421465131,0.43
3495,0.421502815,0.43
3496,0.421148083,0.43
3497,0.420522666,0.43
3498,0.419901063,0.43
3499,0.419281747,0.43
3500,0.418658771,0.43
3501,0.418034532,0.43
3502,0.41741052,0.43
3503,0.416932126,0.43
3504,0.416887805,0.43
3505,0.417118517,0.43
3506,0.417333741,0.43
3507,0.41741529,0.43
3508,0.417085561,0.43
3509,0.416468174,0.43
3510,0.415843242,0.42
3511,0.415297959,0.42
3512,0.414864158,0.42
3513,0.414671629,0.42
3514,0.414727071,0.42
3515,0.414812667,0.42
3516,0.414807473,0.42
3517,0.414562971,0.42
3518,0.414160449,0.42
3519,0.413757457,0.42
3520,0.413355929,0.42
3521,0.412955176,0.42
3522,0.412553683,0.42
3523,0.412152045,0.42
3524,0.411751627,0.42
3525,0.411367666,0.42
3526,0.411165483,0.42
3527,0.41126233,0.42
3528,0.411387741,0.42
3529,0.411341489,0.42
3530,0.411202974,0.42
3531,0.411037268,0.42
3532,0.410867867,0.42
3533,0.410697803,0.42
3534,0.410571645,0.42
3535,0.410582029,0.42
3536,0.410718499,0.42
3537,0.410900944,0.42
3538,0.411087098,0.42
3539,0.411246162,0.42
3540,0.411345683,0.42
3541,0.411371159,0.42
3542,0.411383162,0.42
3543,0.411429297,0.42
3544,0.411485152,0.42
3545,0.411462968,0.42
3546,0.411288855,0.42
3547,0.411012717,0.42
3548,0.410757521,0.42
3549,0.410602327,0.42
3550,0.410503909,0.42
3551,0.410403142,0.42
3552,0.410282946,0.42
3553,0.410062472,0.42
3554,0.409716775,0.42
3555,0.409323914,0.42
3556,0.408922526,0.42
3557,0.40851989,0.42
3558,0.408118499,0.42
3559,0.407718337,0.42
3560,0.407318526,0.42
3561,0.406916659,0.42
3562,0.406416538,0.42
3563,0.405811921,0.42
3564,0.405203568,0.42
3565,0.404605103,0.4175
3566,0.40408896,0.41
3567,0.403668149,0.41
3568,0.403266783,0.41
3569,0.402865997,0.41
3570,0.402466128,0.41
3571,0.402067204,0.41
3572,0.40166774,0.41
3573,0.401266524,0.41
3574,0.40086669,0.41
3575,0.400468882,0.41
3576,0.400069598,0.41
3577,0.399635439,0.41
3578,0.399308781,0.41
3579,0.39919075,0.41
3580,0.399196181,0.41
3581,0.39932293,0.41
3582,0.399490224,0.41
3583,0.399542629,0.41
3584,0.399479825,0.41
3585,0.399370917,0.41
3586,0.399200189,0.41
3587,0.398976284,0.41
3588,0.398732242,0.41
3589,0.398480133,0.41
3590,0.398228072,0.41
3591,0.397996017,0.41
3592,0.39780612,0.41
3593,0.397622323,0.41
3594,0.397490195,0.41
3595,0.397463879,0.41
3596,0.397472454,0.41
3597,0.397472934,0.41
3598,0.397466155,0.41
3599,0.39742226,0.41
3600,0.397284672,0.41
3601,0.39706506,0.41
3602,0.396790864,0.41
3603,0.396502268,0.41
3604,0.396257097,0.41
3605,0.3960385,0.41
3606,0.395821624,0.41
3607,0.395620888,0.41
3608,0.395456877,0.41
3609,0.395316846,0.41
3610,0.395205366,0.41
3611,0.395249564,0.41
3612,0.395448398,0.41
3613,0.395604992,0.41
3614,0.395757613,0.41
3615,0.395975371,0.41
3616,0.396103771,0.41
3617,0.395935786,0.41
3618,0.395832626,0.41
3619,0.396024746,0.41
3620,0.396238633,0.41
3621,0.396448671,0.41
3622,0.396534985,0.41
3623,0.396228384,0.41
3624,0.395624891,0.41
3625,0.394996035,0.41
3626,0.394366979,0.41
3627,0.393737617,0.41
3628,0.393119888,0.41
3629,0.392530342,0.4
3630,0.39196848,0.4
3631,0.391422447,0.4
3632,0.390889631,0.4
3633,0.390399083,0.4
3634,0.389969679,0.4
3635,0.3895673,0.4
3636,0.389164499,0.4
3637,0.388761959,0.4
3638,0.38836035,0.4
3639,0.387957421,0.4
3640,0.387575058,0.4
3641,0.387319934,0.4
3642,0.38723412,0.4
3643,0.387212836,0.4
3644,0.387189347,0.4
3645,0.387162188,0.4
3646,0.38713638,0.4
3647,0.387217609,0.4
3648,0.387421751,0.4
3649,0.387642159,0.4
3650,0.387858381,0.4
3651,0.388067631,0.4
3652,0.388268355,0.4
3653,0.388455349,0.4
3654,0.38861423,0.4
3655,0.38864251,0.4
3656,0.388399859,0.4
3657,0.387999987,0.4
3658,0.3875982,0.4
3659,0.387193915,0.4
3660,0.386791696,0.4
3661,0.386389554,0.4
3662,0.385986596,0.4
3663,0.385583994,0.4
3664,0.385181249,0.4
3665,0.384778156,0.4
3666,0.384375179,0.4
3667,0.383971554,0.4
3668,0.383569186,0.4
3669,0.383168736,0.4
3670,0.382766578,0.4
3671,0.382363923,0.4
3672,0.381960665,0.4
3673,0.381556981,0.4
3674,0.381155402,0.39
3675,0.380753757,0.39
3676,0.380350483,0.39
3677,0.379946063,0.39
3678,0.379541204,0.39
3679,0.37913614,0.39
3680,0.378732098,0.39
3681,0.378329917,0.39
3682,0.377928642,0.39
3683,0.3775265,0.39
3684,0.377088677,0.39
3685,0.376645843,0.39
3686,0.376238087,0.39
3687,0.375836645,0.39
3688,0.375435267,0.39
3689,0.375032487,0.39
3690,0.374629538,0.39
3691,0.374226895,0.39
3692,0.373821939,0.39
3693,0.373415008,0.39
3694,0.373009234,0.39
3695,0.372606346,0.39
3696,0.372202889,0.39
3697,0.371798656,0.39
3698,0.371362482,0.39
3699,0.370874473,0.39
3700,0.370368263,0.39
3701,0.369865657,0.37
3702,0.369370036,0.37
3703,0.368880507,0.37
3704,0.368394303,0.37
3705,0.367915499,0.37
3706,0.367448546,0.37
3707,0.366997139,0.37
3708,0.36670237,0.37
3709,0.36673363,0.37
3710,0.366952569,0.37
3711,0.367177573,0.37
3712,0.367401406,0.37
3713,0.367625407,0.37
3714,0.367848901,0.37
3715,0.368072059,0.37
3716,0.368295196,0.37
3717,0.368517944,0.37
3718,0.368740121,0.37
3719,0.368962054,0.37
3720,0.369183052,0.37
3721,0.369402865,0.37
3722,0.369621587,0.37
3723,0.369838676,0.39
3724,0.370053818,0.39
3725,0.370266055,0.39
3726,0.37047214,0.39
3727,0.370666398,0.39
3728,0.370841336,0.39
3729,0.370990921,0.39
3730,0.371112451,0.39
3731,0.371203431,0.39
3732,0.371265947,0.39
3733,0.371303479,0.39
3734,0.371316314,0.39
3735,0.371313588,0.39
3736,0.371306925,0.39
3737,0.371299923,0.39
3738,0.371293123,0.39
3739,0.371286003,0.39
3740,0.371215408,0.39
3741,0.370976258,0.39
3742,0.37052705,0.39
3743,0.369934618,0.39
3744,0.369300968,0.39
3745,0.368664159,0.39
3746,0.368026079,0.37
3747,0.367389383,0.37
3748,0.366755675,0.37
3749,0.366120365,0.37
3750,0.365483041,0.37
3751,0.364844943,0.37
3752,0.364312951,0.37
3753,0.36389679,0.37
3754,0.363490616,0.37
3755,0.363085006,0.37
3756,0.362677812,0.37
3757,0.362270485,0.37
3758,0.361864065,0.37
3759,0.361457684,0.37
3760,0.361051145,0.37
3761,0.360644432,0.37
3762,0.360239001,0.37
3763,0.360019998,0.37
3764,0.360119588,0.37
3765,0.360346447,0.37
3766,0.360565671,0.37
3767,0.36078233,0.37
3768,0.360995942,0.37
3769,0.361206811,0.37
3770,0.361414223,0.37
3771,0.36161362,0.37
3772,0.361796268,0.37
3773,0.361956412,0.37
3774,0.362095115,0.37
3775,0.362213379,0.37
3776,0.362310089,0.37
3777,0.362382249,0.37
3778,0.362429063,0.37
3779,0.362449747,0.37
3780,0.362449064,0.37
3781,0.362441341,0.37
3782,0.362433633,0.37
3783,0.362425897,0.37
3784,0.362418087,0.37
3785,0.362410164,0.37
3786,0.362402333,0.37
3787,0.362394659,0.37
3788,0.362386912,0.37
3789,0.362379092,0.37
3790,0.362371273,0.37
3791,0.362363418,0.37
3792,0.362355643,0.37
3793,0.362347948,0.37
3794,0.36234018,0.37
3795,0.362332439,0.37
3796,0.362324752,0.37
3797,0.362317056,0.37
3798,0.36230946,0.37
3799,0.362301891,0.37
3800,0.362294203,0.37
3801,0.362286472,0.37
3802,0.362278796,0.37
3803,0.362271143,0.37
3804,0.362263535,0.37
3805,0.362255928,0.37
3806,0.36224825,0.37
3807,0.362240518,0.37
3808,0.362232864,0.37
3809,0.362225264,0.37
3810,0.362217673,0.37
3811,0.362210036,0.37
3812,0.362202299,0.37
3813,0.362194571,0.37
3814,0.362186943,0.37
3815,0.362179323,0.37
3816,0.362171666,0.37
3817,0.362163939,0.37
3818,0.362156039,0.37
3819,0.36214819,0.37
3820,0.362139354,0.37
3821,0.362122119,0.37
3822,0.362091829,0.37
3823,0.36203058,0.37
3824,0.361837612,0.37
3825,0.361450841,0.37
3826,0.361130335,0.37
3827,0.361093615,0.37
3828,0.361181099,0.37
3829,0.361251903,0.37
3830,0.361299701,0.37
3831,0.36130392,0.37
3832,0.361204975,0.37
3833,0.361016749,0.37
3834,0.36088362,0.37
3835,0.360826081,0.37
3836,0.360712156,0.37
3837,0.360573413,0.37
3838,0.360518863,0.37
3839,0.360436403,0.37
3840,0.36011379,0.37
3841,0.359544598,0.37
3842,0.358897868,0.37
3843,0.35825446,0.37
3844,0.357609091,0.37
3845,0.357003182,0.37
3846,0.356672754,0.36
3847,0.356653478,0.36
3848,0.35676692,0.3625
3849,0.3569508,0.37
3850,0.357064302,0.37
3851,0.357072257,0.37
3852,0.35698033,0.37
3853,0.356834902,0.3675
3854,0.356763869,0.36
3855,0.35675698,0.36
3856,0.356763567,0.36
3857,0.356765754,0.36
3858,0.356812793,0.3625
3859,0.35688764,0.37
3860,0.356871126,0.37
3861,0.356692059,0.37
3862,0.356526782,0.36
3863,0.356543179,0.36
3864,0.356665719,0.36
3865,0.356810368,0.36
3866,0.356872848,0.37
3867,0.356844887,0.37
3868,0.356856278,0.37
3869,0.356918518,0.37
3870,0.356942045,0.37
3871,0.356919355,0.37
3872,0.356852253,0.37
3873,0.356750961,0.3675
3874,0.356639919,0.36
3875,0.356518945,0.36
3876,0.356416595,0.36
3877,0.356333129,0.36
3878,0.356258202,0.36
3879,0.356121958,0.36
3880,0.355964341,0.36
3881,0.355906049,0.36
3882,0.355950814,0.36
3883,0.356034428,0.36
3884,0.356075136,0.36
3885,0.356055613,0.36
3886,0.355957296,0.36
3887,0.355803408,0.36
3888,0.355638564,0.36
3889,0.355530538,0.36
3890,0.355489341,0.36
3891,0.355467894,0.36
3892,0.355498255,0.36
3893,0.355580192,0.36
3894,0.355652481,0.36
3895,0.355675617,0.36
3896,0.355656702,0.36
3897,0.35554685,0.36
3898,0.355290651,0.36
3899,0.354923436,0.36
3900,0.354527363,0.36
3901,0.354355981,0.36
3902,0.354400621,0.36
3903,0.354500936,0.36
3904,0.354641541,0.36
3905,0.354759851,0.36
3906,0.354800744,0.36
3907,0.354659009,0.36
3908,0.354286146,0.36
3909,0.353843327,0.36
3910,0.353601815,0.36
3911,0.353557359,0.36
3912,0.353559438,0.36
3913,0.353609718,0.36
3914,0.353686713,0.36
3915,0.353698975,0.36
3916,0.353653501,0.36
3917,0.353597701,0.36
3918,0.353559078,0.36
3919,0.35358703,0.36
3920,0.353653613,0.36
3921,0.353678931,0.36
3922,0.353643575,0.36
3923,0.353545301,0.36
3924,0.353335386,0.36
3925,0.352861949,0.36
3926,0.35220986,0.36
3927,0.351729477,0.36
3928,0.351494146,0.36
3929,0.351413473,0.36
3930,0.35140567,0.36
3931,0.351392223,0.36
3932,0.351271251,0.36
3933,0.351043384,0.36
3934,0.350875686,0.36
3935,0.35078078,0.36
3936,0.350715261,0.36
3937,0.350647944,0.36
3938,0.350528849,0.36
3939,0.350454269,0.36
3940,0.35045903,0.36
3941,0.350477256,0.36
3942,0.350498507,0.36
3943,0.350516246,0.36
3944,0.350532911,0.36
3945,0.350554361,0.36
3946,0.350610561,0.36
3947,0.350708004,0.36
3948,0.350830654,0.36
3949,0.350956533,0.36
3950,0.351048931,0.36
3951,0.351103519,0.36
3952,0.3511073,0.36
3953,0.350909634,0.36
3954,0.350409728,0.36
3955,0.349762337,0.36
3956,0.349109562,0.36
3957,0.348459263,0.36
3958,0.347806372,0.36
3959,0.347153436,0.36
3960,0.346499781,0.36
3961,0.345846733,0.36
3962,0.345195585,0.36
3963,0.344685415,0.3575
3964,0.344414031,0.35
3965,0.344342841,0.35
3966,0.344424928,0.35
3967,0.344343173,0.35
3968,0.343998135,0.35
3969,0.343585952,0.35
3970,0.343274361,0.35
3971,0.343168842,0.35
3972,0.343190766,0.35
3973,0.343332914,0.35
3974,0.343548507,0.35
3975,0.343753103,0.35
3976,0.34393784,0.35
3977,0.344082311,0.35
3978,0.344172607,0.35
3979,0.344212668,0.35
3980,0.344219038,0.35
3981,0.344212954,0.35
3982,0.344206453,0.35
3983,0.344199496,0.35
3984,0.344159983,0.35
3985,0.344039449,0.35
3986,0.343763423,0.35
3987,0.343272201,0.35
3988,0.34264353,0.35
3989,0.341985619,0.35
3990,0.341326506,0.35
3991,0.34067089,0.35
3992,0.340015637,0.35
3993,0.339442056,0.35
3994,0.338993108,0.35
3995,0.338583499,0.35
3996,0.338173487,0.35
3997,0.337773657,0.35
3998,0.337490819,0.35
3999,0.337419969,0.35
4000,0.337520066,0.35
4001,0.337710235,0.35
4002,0.337900391,0.35
4003,0.337923083,0.35
4004,0.337715848,0.35
4005,0.337363309,0.35
4006,0.336954003,0.35
4007,0.336543787,0.35
4008,0.336138737,0.35
4009,0.335922338,0.35
4010,0.336016346,0.35
4011,0.336216245,0.35
4012,0.336314292,0.35
4013,0.336150217,0.35
4014,0.33579165,0.35
4015,0.335417242,0.35
4016,0.335021533,0.35
4017,0.334609784,0.35
4018,0.33419737,0.35
4019,0.333782598,0.35
4020,0.333367098,0.35
4021,0.332952769,0.35
4022,0.332538816,0.3475
4023,0.332125682,0.34
4024,0.331713007,0.34
4025,0.331301567,0.34
4026,0.330910891,0.34
4027,0.33065131,0.34
4028,0.330563301,0.34
4029,0.330452201,0.34
4030,0.330268126,0.34
4031,0.330081773,0.34
4032,0.329793288,0.34
4033,0.32939578,0.34
4034,0.328980499,0.34
4035,0.328566599,0.34
4036,0.328153071,0.34
4037,0.327739245,0.34
4038,0.327326067,0.34
4039,0.326912699,0.34
4040,0.326498527,0.34
4041,0.32608396,0.34
4042,0.325669696,0.34
4043,0.325254415,0.34
4044,0.324813287,0.34
4045,0.324359677,0.34
4046,0.323918288,0.34
4047,0.32348056,0.34
4048,0.323047478,0.34
4049,0.322615276,0.34
4050,0.322182312,0.34
4051,0.321749124,0.34
4052,0.321320294,0.34
4053,0.320893842,0.335
4054,0.32046776,0.32
4055,0.320048871,0.32
4056,0.319631733,0.32
4057,0.319237427,0.32
4058,0.318893947,0.32
4059,0.318608894,0.32
4060,0.318372284,0.32
4061,0.318133099,0.32
4062,0.317865765,0.32
4063,0.317589554,0.32
4064,0.317314322,0.32
4065,0.317038897,0.32
4066,0.316759461,0.32
4067,0.31642014,0.32
4068,0.316087652,0.32
4069,0.31576352,0.32
4070,0.31536524,0.32
4071,0.314950216,0.32
4072,0.314539828,0.32
4073,0.314129521,0.32
4074,0.313740283,0.32
4075,0.313488451,0.32
4076,0.313361156,0.32
4077,0.313232573,0.32
4078,0.313075056,0.32
4079,0.312913411,0.32
4080,0.312764994,0.32
4081,0.312578466,0.32
4082,0.312306243,0.32
4083,0.311956209,0.32
4084,0.311560259,0.32
4085,0.311142423,0.32
4086,0.310718653,0.32
4087,0.310296828,0.32
4088,0.30987902,0.32
4089,0.309463345,0.32
4090,0.309048575,0.31
4091,0.308636046,0.31
4092,0.30822622,0.31
4093,0.307818418,0.31
4094,0.307409057,0.31
4095,0.30699941,0.31
4096,0.306592208,0.31
4097,0.306185083,0.31
4098,0.305778484,0.31
4099,0.30537351,0.31
4100,0.304969785,0.31
4101,0.304567422,0.31
4102,0.304165602,0.31
4103,0.303764243,0.31
4104,0.303365028,0.31
4105,0.302965054,0.31
4106,0.302564394,0.31
4107,0.302165064,0.31
4108,0.301765817,0.31
4109,0.301368375,0.31
4110,0.300973341,0.31
4111,0.300576181,0.31
4112,0.30017832,0.31
4113,0.299782558,0.31
4114,0.299387519,0.31
4115,0.298988639,0.31
4116,0.298588784,0.31
4117,0.298189293,0.3075
4118,0.297788746,0.3
4119,0.297392289,0.3
4120,0.296998091,0.3
4121,0.296605972,0.3
4122,0.296212652,0.3
4123,0.29581651,0.3
4124,0.295423972,0.3
4125,0.295033848,0.3
4126,0.29466941,0.3
4127,0.294628509,0.3
4128,0.294867679,0.3
4129,0.295089233,0.3
4130,0.295310409,0.3
4131,0.295531492,0.3
4132,0.295752672,0.3
4133,0.295973378,0.3
4134,0.296192929,0.3
4135,0.296287449,0.3
4136,0.296176882,0.3
4137,0.295954478,0.3
4138,0.295686366,0.3
4139,0.295393188,0.3
4140,0.295126457,0.3
4141,0.295037475,0.3
4142,0.295061161,0.3
4143,0.295056343,0.3
4144,0.29516151,0.3
4145,0.295377487,0.3
4146,0.295471137,0.3
4147,0.295140576,0.3
4148,0.294495103,0.3
4149,0.293840822,0.3
4150,0.29320804,0.3
4151,0.292604772,0.3
4152,0.292023708,0.3
4153,0.29145954,0.3
4154,0.290908912,0.3
4155,0.290374455,0.3
4156,0.289853732,0.3
4157,0.289369998,0.3
4158,0.288986845,0.3
4159,0.288855585,0.3
4160,0.288901511,0.3
4161,0.288926445,0.3
4162,0.288886982,0.3
4163,0.288751438,0.3
4164,0.288513493,0.3
4165,0.288190971,0.3
4166,0.287821396,0.3
4167,0.287427526,0.3
4168,0.28702501,0.3
4169,0.28661917,0.3
4170,0.286214058,0.3
4171,0.285809041,0.3
4172,0.285403224,0.3
4173,0.285172143,0.3
4174,0.285258416,0.3
4175,0.285482175,0.3
4176,0.285701094,0.3
4177,0.285919299,0.3
4178,0.286136404,0.3
4179,0.286352074,0.3
4180,0.286566275,0.3
4181,0.286778521,0.3
4182,0.286987722,0.3
4183,0.287193701,0.3
4184,0.28739506,0.3
4185,0.287581423,0.3
4186,0.287738475,0.3
4187,0.287802136,0.3
4188,0.287582832,0.3
4189,0.287156303,0.3
4190,0.28672849,0.3
4191,0.286299549,0.3
4192,0.28587212,0.3
4193,0.285553801,0.3
4194,0.285443806,0.3
4195,0.285449091,0.3
4196,0.285476379,0.3
4197,0.28550559,0.3
4198,0.285490737,0.3
4199,0.285424375,0.3
4200,0.285413364,0.3
4201,0.285489578,0.3
4202,0.285499514,0.3
4203,0.285374619,0.3
4204,0.285143689,0.3
4205,0.284808438,0.3
4206,0.284494301,0.3
4207,0.284244125,0.3
4208,0.284038159,0.2975
4209,0.283899646,0.29
4210,0.283793845,0.29
4211,0.283726298,0.29
4212,0.283775375,0.29
4213,0.283939929,0.29
4214,0.284114423,0.2925
4215,0.284259015,0.3
4216,0.284368045,0.3
4217,0.284427462,0.3
4218,0.284291987,0.3
4219,0.283808966,0.2975
4220,0.28307268,0.29
4221,0.282278879,0.29
4222,0.281491814,0.29
4223,0.280703978,0.29
4224,0.280068322,0.29
4225,0.279623553,0.29
4226,0.279247231,0.29
4227,0.278952566,0.29
4228,0.278710194,0.29
4229,0.278459295,0.29
4230,0.278195894,0.29
4231,0.277949446,0.29
4232,0.277734802,0.29
4233,0.277528109,0.29
4234,0.277437388,0.29
4235,0.277488268,0.29
4236,0.277540385,0.29
4237,0.277565147,0.29
4238,0.277591553,0.29
4239,0.277656094,0.29
4240,0.27778308,0.29
4241,0.277952113,0.29
4242,0.27813258,0.29
4243,0.278292725,0.29
4244,0.278405809,0.29
4245,0.278453898,0.29
4246,0.27845454,0.29
4247,0.278445019,0.29
4248,0.278437016,0.29
4249,0.278429104,0.29
4250,0.278421233,0.29
4251,0.278413444,0.29
4252,0.278405709,0.29
4253,0.278397809,0.29
4254,0.278389837,0.29
4255,0.278381982,0.29
4256,0.278374181,0.29
4257,0.278366461,0.29
4258,0.278358698,0.29
4259,0.278350027,0.29
4260,0.278271917,0.29
4261,0.278027628,0.29
4262,0.277549138,0.29
4263,0.276858362,0.29
4264,0.276078888,0.29
4265,0.275288268,0.29
4266,0.274499593,0.29
4267,0.273678419,0.29
4268,0.272826093,0.29
4269,0.271979885,0.29
4270,0.27113641,0.29
4271,0.270291665,0.29
4272,0.269639356,0.29
4273,0.269188643,0.2875
4274,0.268747846,0.28
4275,0.268307292,0.28
4276,0.267866989,0.28
4277,0.267428342,0.28
4278,0.26698873,0.28
4279,0.266546359,0.28
4280,0.266105157,0.28
4281,0.265663801,0.28
4282,0.265221758,0.28
4283,0.26478038,0.28
4284,0.264338236,0.28
4285,0.263895515,0.28
4286,0.263450957,0.28
4287,0.263006085,0.28
4288,0.262564847,0.28
4289,0.262123983,0.28
4290,0.261681742,0.28
4291,0.261239246,0.28
4292,0.260795779,0.28
4293,0.260350031,0.28
4294,0.259902973,0.28
4295,0.25945769,0.28
4296,0.259019691,0.28
4297,0.258582045,0.28
4298,0.258137154,0.28
4299,0.257693502,0.28
4300,0.257251105,0.28
4301,0.256807571,0.28
4302,0.256368703,0.26
4303,0.255936394,0.26
4304,0.255506706,0.26
4305,0.255079095,0.26
4306,0.254653792,0.26
4307,0.254223354,0.26
4308,0.253789447,0.26
4309,0.253363493,0.26
4310,0.252941982,0.26
4311,0.252519835,0.26
4312,0.252098683,0.26
4313,0.251679152,0.26
4314,0.251263935,0.26
4315,0.250851369,0.26
4316,0.250437225,0.26
4317,0.250020232,0.26
4318,0.249606231,0.26
4319,0.249194588,0.26
4320,0.248781805,0.26
4321,0.248372224,0.26
4322,0.247963823,0.26
4323,0.247554149,0.26
4324,0.247142938,0.26
4325,0.246734524,0.26
4326,0.246328097,0.26
4327,0.245922396,0.26
4328,0.245518062,0.26
4329,0.245114385,0.26
4330,0.244711171,0.2575
4331,0.244308355,0.25
4332,0.243908378,0.25
4333,0.243507962,0.25
4334,0.243107295,0.25
4335,0.242707597,0.25
4336,0.242309889,0.25
4337,0.241915091,0.25
4338,0.241549237,0.25
4339,0.241259486,0.25
4340,0.241123413,0.25
4341,0.241123946,0.25
4342,0.241139175,0.25
4343,0.241116425,0.25
4344,0.241006142,0.25
4345,0.240790407,0.25
4346,0.240513258,0.25
4347,0.240205532,0.25
4348,0.239886135,0.25
4349,0.239563717,0.25
4350,0.239240642,0.25
4351,0.238903882,0.25
4352,0.238552583,0.25
4353,0.238205074,0.25
4354,0.237867276,0.25
4355,0.237530329,0.25
4356,0.237180523,0.25
4357,0.236810097,0.25
4358,0.236428115,0.25
4359,0.23604503,0.25
4360,0.235661638,0.25
4361,0.235279108,0.25
4362,0.234897755,0.25
4363,0.234515915,0.25
4364,0.234133095,0.25
4365,0.233750017,0.25
4366,0.233367236,0.25
4367,0.232985028,0.2475
4368,0.232603217,0.24
4369,0.232222366,0.24
4370,0.231841455,0.24
4371,0.231468728,0.24
4372,0.231124405,0.24
4373,0.23080574,0.24
4374,0.230496099,0.24
4375,0.230198979,0.24
4376,0.22991028,0.24
4377,0.229621472,0.24
4378,0.229341693,0.24
4379,0.22910216,0.24
4380,0.229109031,0.24
4381,0.229328501,0.24
4382,0.229545465,0.24
4383,0.229762368,0.24
4384,0.229979745,0.24
4385,0.230197056,0.24
4386,0.23041321,0.24
4387,0.230628459,0.24
4388,0.230843166,0.24
4389,0.23105692,0.24
4390,0.231269334,0.24
4391,0.231480206,0.24
4392,0.231689379,0.24
4393,0.231893493,0.24
4394,0.232092288,0.2425
4395,0.232284824,0.25
4396,0.232456647,0.25
4397,0.232591731,0.25
4398,0.232681966,0.25
4399,0.232721746,0.25
4400,0.232725902,0.25
4401,0.232719602,0.25
4402,0.232711771,0.25
4403,0.232702411,0.25
4404,0.232692569,0.25
4405,0.232684138,0.25
4406,0.232676295,0.25
4407,0.232668525,0.25
4408,0.232660727,0.25
4409,0.232653,0.25
4410,0.232645255,0.25
4411,0.232637374,0.25
4412,0.232629481,0.25
4413,0.232621714,0.25
4414,0.232614041,0.25
4415,0.232606411,0.25
4416,0.232598737,0.25
4417,0.232590953,0.25
4418,0.232583243,0.25
4419,0.232575658,0.25
4420,0.232568063,0.25
4421,0.232560414,0.25
4422,0.232552713,0.25
4423,0.232513847,0.25
4424,0.232340564,0.25
4425,0.231942796,0.2475
4426,0.231387585,0.24
4427,0.230966104,0.24
4428,0.230709305,0.24
4429,0.230302771,0.24
4430,0.22955861,0.24
4431,0.228621234,0.24
4432,0.227683859,0.24
4433,0.226746484,0.24
4434,0.225809109,0.24
4435,0.224871733,0.24
4436,0.223928646,0.24
4437,0.223221799,0.24
4438,0.22276595,0.24
4439,0.222319396,0.24
4440,0.221873337,0.24
4441,0.221426851,0.24
4442,0.220981543,0.24
4443,0.220535078,0.24
4444,0.220086431,0.24
4445,0.219637527,0.24
4446,0.219188739,0.24
4447,0.218743309,0.24
4448,0.218297938,0.24
4449,0.21785076,0.24
4450,0.217405399,0.24
4451,0.21696033,0.23
4452,0.216516538,0.23
4453,0.216143121,0.23
4454,0.215837536,0.23
4455,0.21553125,0.23
4456,0.2152681,0.23
4457,0.21505986,0.23
4458,0.21491089,0.23
4459,0.214811875,0.23
4460,0.214714982,0.23
4461,0.214617752,0.23
4462,0.214488142,0.23
4463,0.21431218,0.23
4464,0.214122286,0.23
4465,0.213946779,0.23
4466,0.213790399,0.23
4467,0.213604101,0.23
4468,0.213345769,0.23
4469,0.212987485,0.23
4470,0.212554045,0.23
4471,0.212107501,0.23
4472,0.211690103,0.23
4473,0.211371344,0.23
4474,0.211191508,0.23
4475,0.211103789,0.23
4476,0.211037662,0.23
4477,0.210966237,0.23
4478,0.210886369,0.23
4479,0.210849046,0.23
4480,0.210964771,0.23
4481,0.211183125,0.23
4482,0.211395587,0.23
4483,0.211605641,0.23
4484,0.211810237,0.23
4485,0.211992574,0.23
4486,0.212099722,0.23
4487,0.211930396,0.23
4488,0.211403475,0.23
4489,0.21061152,0.23
4490,0.20971605,0.23
4491,0.208837555,0.23
4492,0.207946073,0.23
4493,0.20735241,0.23
4494,0.207302041,0.23
4495,0.207476491,0.23
4496,0.207621521,0.23
4497,0.207634285,0.23
4498,0.207464436,0.23
4499,0.207298055,0.23
4500,0.207287823,0.23
4501,0.207383045,0.23
4502,0.207493542,0.23
4503,0.207584316,0.23
4504,0.207563423,0.23
4505,0.20711038,0.23
4506,0.206276629,0.23
4507,0.205568119,0.23
4508,0.205205552,0.23
4509,0.205053059,0.23
4510,0.204923212,0.23
4511,0.204759076,0.23
4512,0.204551344,0.23
4513,0.204315138,0.23
4514,0.204066057,0.23
4515,0.203788102,0.23
4516,0.203384581,0.225
4517,0.202773732,0.21
4518,0.202015856,0.21
4519,0.201242665,0.21
4520,0.200510608,0.21
4521,0.199812406,0.21
4522,0.199203565,0.21
4523,0.198701978,0.21
4524,0.198173822,0.21
4525,0.197638069,0.21
4526,0.197264796,0.21
4527,0.197010132,0.21
4528,0.196679422,0.21
4529,0.196190174,0.21
4530,0.195630424,0.21
4531,0.195077329,0.21
4532,0.194574949,0.21
4533,0.194130029,0.21
4534,0.193695939,0.21
4535,0.193260891,0.21
4536,0.192828174,0.21
4537,0.192396902,0.21
4538,0.191964732,0.21
4539,0.191531001,0.21
4540,0.191096198,0.21
4541,0.190662569,0.21
4542,0.190230491,0.2075
4543,0.189798144,0.2
4544,0.189369236,0.2
4545,0.189005566,0.2
4546,0.188784383,0.2
4547,0.188648425,0.2
4548,0.188503514,0.2
4549,0.188296176,0.2
4550,0.188093169,0.2
4551,0.188129951,0.2
4552,0.188349839,0.2
4553,0.188565546,0.2
4554,0.188779729,0.2
4555,0.188992872,0.2
4556,0.189201192,0.2
4557,0.189403757,0.2
4558,0.189599395,0.2
4559,0.18977671,0.2
4560,0.189895023,0.2
4561,0.189769973,0.2
4562,0.189391069,0.2
4563,0.188954546,0.2
4564,0.188522277,0.2
4565,0.188096934,0.2
4566,0.187668758,0.2
4567,0.187243092,0.2
4568,0.186816435,0.2
4569,0.186383685,0.2
4570,0.185950989,0.2
4571,0.185516279,0.2
4572,0.185083308,0.2
4573,0.184652521,0.2
4574,0.184220737,0.2
4575,0.183789178,0.2
4576,0.183359955,0.2
4577,0.182928704,0.2
4578,0.18249637,0.2
4579,0.182064686,0.2
4580,0.181632427,0.2
4581,0.181204315,0.2
4582,0.180803127,0.2
4583,0.180470975,0.2
4584,0.180292067,0.2
4585,0.180325592,0.2
4586,0.180500569,0.2
4587,0.180709691,0.2
4588,0.180913781,0.2
4589,0.181110103,0.2
4590,0.18127885,0.2
4591,0.181393756,0.2
4592,0.181391594,0.2
4593,0.181254404,0.2
4594,0.181011131,0.2
4595,0.180644523,0.2
4596,0.180316307,0.2
4597,0.180266218,0.2
4598,0.180363454,0.2
4599,0.180413553,0.2
4600,0.180406668,0.2
4601,0.180358253,0.2
4602,0.180325681,0.2
4603,0.180314957,0.2
4604,0.180304121,0.2
4605,0.18029368,0.2
4606,0.180294281,0.2
4607,0.180315726,0.2
4608,0.180339166,0.2
4609,0.180337075,0.2
4610,0.180149216,0.2
4611,0.179610736,0.2
4612,0.178854596,0.2
4613,0.17806489,0.2
4614,0.177322083,0.1975
4615,0.176819835,0.19
4616,0.176449996,0.19
4617,0.17613521,0.19
4618,0.176086229,0.19
4619,0.176190971,0.19
4620,0.176300833,0.19
4621,0.176444533,0.19
4622,0.176610714,0.19
4623,0.176737086,0.19
4624,0.176600286,0.19
4625,0.176273227,0.19
4626,0.176034145,0.19
4627,0.175541592,0.19
4628,0.174751697,0.19
4629,0.174159042,0.19
4630,0.17386021,0.19
4631,0.173484428,0.19
4632,0.17310083,0.19
4633,0.172833329,0.19
4634,0.172591113,0.19
4635,0.17239874,0.19
4636,0.172239312,0.19
4637,0.172108756,0.19
4638,0.171942876,0.19
4639,0.171878745,0.19
4640,0.171949566,0.19
4641,0.172046825,0.19
4642,0.172144163,0.19
4643,0.172261497,0.19
4644,0.172382422,0.19
4645,0.172415999,0.19
4646,0.172399431,0.19
4647,0.172404418,0.19
4648,0.172386074,0.19
4649,0.172040885,0.19
4650,0.171572775,0.19
4651,0.171372777,0.19
4652,0.171095941,0.19
4653,0.170590349,0.19
4654,0.17008202,0.19
4655,0.169792041,0.19
4656,0.16959399,0.19
4657,0.169303956,0.19
4658,0.168933957,0.19
4659,0.168538611,0.19
4660,0.168337447,0.19
4661,0.168285546,0.19
4662,0.168176302,0.19
4663,0.167940083,0.19
4664,0.167717701,0.19
4665,0.167523198,0.19
4666,0.167187285,0.19
4667,0.167046966,0.19
4668,0.167104071,0.19
4669,0.167054466,0.19
4670,0.166931926,0.19
4671,0.16670631,0.19
4672,0.16647357,0.19
4673,0.166348641,0.19
4674,0.166228573,0.19
4675,0.166172127,0.19
4676,0.16623556,0.19
4677,0.166246446,0.19
4678,0.16614422,0.19
4679,0.165874956,0.19
4680,0.165589124,0.19
4681,0.165405937,0.1875
4682,0.165191804,0.18
4683,0.165000502,0.18
4684,0.164861565,0.18
4685,0.164711243,0.18
4686,0.164622283,0.18
4687,0.164597598,0.18
4688,0.164476317,0.18
4689,0.164235469,0.18
4690,0.163981852,0.18
4691,0.163668696,0.18
4692,0.163314121,0.18
4693,0.163094824,0.18
4694,0.162940303,0.18
4695,0.162777711,0.18
4696,0.162650684,0.18
4697,0.162551369,0.18
4698,0.162529679,0.18
4699,0.162561306,0.18
4700,0.162584158,0.18
4701,0.162582001,0.18
4702,0.162559437,0.18
4703,0.162522459,0.18
4704,0.162385244,0.18
4705,0.162257782,0.18
4706,0.162237689,0.18
4707,0.162243317,0.18
4708,0.162242394,0.18
4709,0.162224568,0.18
4710,0.162199662,0.18
4711,0.162157002,0.18
4712,0.161953699,0.18
4713,0.161395865,0.18
4714,0.160712798,0.18
4715,0.160371709,0.18
4716,0.160319303,0.18
4717,0.160322753,0.18
4718,0.160365413,0.18
4719,0.160431349,0.18
4720,0.160506232,0.18
4721,0.160562795,0.18
4722,0.160589715,0.18
4723,0.160591444,0.18
4724,0.160584333,0.18
4725,0.160577151,0.18
4726,0.160569935,0.18
4727,0.160562646,0.18
4728,0.160555372,0.18
4729,0.160548052,0.18
4730,0.160540516,0.18
4731,0.160533042,0.18
4732,0.160525747,0.18
4733,0.160518308,0.18
4734,0.160510806,0.18
4735,0.160503517,0.18
4736,0.160496299,0.18
4737,0.16048907,0.18
4738,0.160481947,0.18
4739,0.160474835,0.18
4740,0.160467652,0.18
4741,0.160460431,0.18
4742,0.16045321,0.18
4743,0.160445998,0.18
4744,0.160438785,0.18
4745,0.16043159,0.18
4746,0.160424466,0.18
4747,0.160417386,0.18
4748,0.160410315,0.18
4749,0.160403225,0.18
4750,0.160396108,0.18
4751,0.160389008,0.18
4752,0.160381926,0.18
4753,0.160374843,0.18
4754,0.160367779,0.18
4755,0.160360722,0.18
4756,0.160353665,0.18
4757,0.160346563,0.18
4758,0.160339335,0.18
4759,0.160332008,0.18
4760,0.16032469,0.18
4761,0.160317523,0.18
4762,0.160310473,0.18
4763,0.160303405,0.18
4764,0.160296346,0.18
4765,0.160289277,0.18
4766,0.160282171,0.18
4767,0.160275084,0.18
4768,0.160268041,0.18
4769,0.160261013,0.18
4770,0.16025402,0.18
4771,0.160247075,0.18
4772,0.16024012,0.18
4773,0.16023313,0.18
4774,0.160226112,0.18
4775,0.160219121,0.18
4776,0.160212138,0.18
4777,0.160205164,0.18
4778,0.16019819,0.18
4779,0.160191216,0.18
4780,0.160184277,0.18
4781,0.160177348,0.18
4782,0.160170427,0.18
4783,0.160163523,0.18
4784,0.16015661,0.18
4785,0.160149658,0.18
4786,0.16014267,0.18
4787,0.160135703,0.18
4788,0.160128736,0.18
4789,0.16012176,0.18
4790,0.160114797,0.18
4791,0.160107826,0.18
4792,0.160100875,0.18
4793,0.160093978,0.18
4794,0.160087109,0.18
4795,0.160080218,0.18
4796,0.1600733,0.18
4797,0.160066286,0.18
4798,0.160059299,0.18
4799,0.160052391,0.18
4800,0.160045466,0.18
4801,0.160038592,0.18
4802,0.160031763,0.18
4803,0.160024927,0.18
4804,0.160018074,0.18
4805,0.160011202,0.18
4806,0.160004345,0.18
4807,0.159997505,0.18
4808,0.159990677,0.18
4809,0.159983858,0.18
4810,0.159977039,0.18
4811,0.159970217,0.18
4812,0.159963395,0.18
4813,0.159956585,0.18
4814,0.159949811,0.18
4815,0.159943036,0.18
4816,0.159936243,0.18
4817,0.159929473,0.18
4818,0.159922722,0.18
4819,0.159915946,0.18
4820,0.159909188,0.18
4821,0.159902485,0.18
4822,0.159895799,0.18
4823,0.159889131,0.18
4824,0.159882463,0.18
4825,0.159875796,0.18
4826,0.159869109,0.18
4827,0.159862422,0.18
4828,0.159855753,0.18
4829,0.159849002,0.18
4830,0.159842288,0.18
4831,0.159835691,0.18
4832,0.159829093,0.18
4833,0.159822487,0.18
4834,0.159815863,0.18
4835,0.159809247,0.18
4836,0.15980265,0.18
4837,0.159796043,0.18
4838,0.159789424,0.18
4839,0.159782804,0.18
4840,0.159776196,0.18
4841,0.159769597,0.18
4842,0.159763023,0.18
4843,0.159756457,0.18
4844,0.159749876,0.18
4845,0.159743313,0.18
4846,0.15973675,0.18
4847,0.159730178,0.18
4848,0.159723633,0.18
4849,0.159717088,0.18
4850,0.159710543,0.18
4851,0.159704016,0.18
4852,0.159697444,0.18
4853,0.159690781,0.18
4854,0.159684162,0.18
4855,0.159677508,0.18
4856,0.15967079,0.18
4857,0.159664127,0.18
4858,0.159656789,0.18
4859,0.159647384,0.18
4860,0.159638177,0.18
4861,0.159631118,0.18
4862,0.159624599,0.18
4863,0.159618088,0.18
4864,0.159611601,0.18
4865,0.159605115,0.18
4866,0.15959864,0.18
4867,0.159592157,0.18
4868,0.159585637,0.18
4869,0.159579107,0.18
4870,0.159572577,0.18
4871,0.159565661,0.18
4872,0.159506905,0.18
4873,0.159353716,0.18
4874,0.159208499,0.18
4875,0.159115615,0.18
4876,0.158980345,0.18
4877,0.158772669,0.18
4878,0.158471021,0.18
4879,0.157900307,0.18
4880,0.157126876,0.18
4881,0.156357813,0.18
4882,0.155593537,0.18
4883,0.155091075,0.18
4884,0.154836449,0.18
4885,0.154606638,0.18
4886,0.154271795,0.18
4887,0.153836008,0.18
4888,0.153531738,0.18
4889,0.153388769,0.1775
4890,0.153262087,0.17
4891,0.153134019,0.17
4892,0.153004302,0.17
4893,0.152839107,0.17
4894,0.152759796,0.17
4895,0.15271686,0.17
4896,0.152624545,0.17
4897,0.152582163,0.17
4898,0.152660931,0.17
4899,0.152791961,0.17
4900,0.152892283,0.17
4901,0.152907906,0.17
4902,0.152766004,0.17
4903,0.15256129,0.17
4904,0.152256757,0.17
4905,0.151653852,0.17
4906,0.150901613,0.17
4907,0.150156079,0.17
4908,0.149408743,0.17
4909,0.148710227,0.17
4910,0.148192504,0.17
4911,0.147832318,0.17
4912,0.147607695,0.17
4913,0.147534972,0.17
4914,0.147559924,0.17
4915,0.147664966,0.17
4916,0.147758101,0.17
4917,0.14780877,0.17
4918,0.14789025,0.17
4919,0.147966513,0.17
4920,0.147979436,0.17
4921,0.147934033,0.17
4922,0.147724354,0.17
4923,0.147221114,0.17
4924,0.146513147,0.17
4925,0.145764729,0.17
4926,0.145191981,0.17
4927,0.144869055,0.17
4928,0.144680346,0.17
4929,0.144612912,0.17
4930,0.144622306,0.17
4931,0.144642112,0.17
4932,0.14440016,0.17
4933,0.143912396,0.17
4934,0.143581165,0.17
4935,0.143537556,0.17
4936,0.143678906,0.17
4937,0.143874248,0.17
4938,0.1440732,0.17
4939,0.144261238,0.17
4940,0.144431384,0.17
4941,0.144566572,0.17
4942,0.144652013,0.17
4943,0.144569802,0.17
4944,0.144197714,0.17
4945,0.143812853,0.17
4946,0.143718555,0.17
4947,0.143764539,0.17
4948,0.143804416,0.17
4949,0.143859588,0.17
4950,0.143930059,0.17
4951,0.144005306,0.17
4952,0.144064669,0.17
4953,0.144076713,0.17
4954,0.144050374,0.17
4955,0.144029248,0.17
4956,0.143970669,0.17
4957,0.143786631,0.17
4958,0.143320302,0.17
4959,0.142624712,0.17
4960,0.141896698,0.17
4961,0.141160426,0.17
4962,0.140425914,0.17
4963,0.139690951,0.17
4964,0.138950776,0.165
4965,0.138215532,0.15
4966,0.13748074,0.15
4967,0.136891891,0.15
4968,0.136463663,0.15
4969,0.136042072,0.15
4970,0.13561736,0.15
4971,0.135192339,0.15
4972,0.134769313,0.15
4973,0.134348491,0.15
4974,0.1339276,0.15
4975,0.133505265,0.15
4976,0.133083684,0.15
4977,0.132660944,0.15
4978,0.132260745,0.15
4979,0.131880829,0.15
4980,0.131477146,0.15
4981,0.131054998,0.15
4982,0.130635522,0.15
4983,0.130215523,0.15
4984,0.129794262,0.15
4985,0.129373527,0.15
4986,0.128951363,0.15
4987,0.128528997,0.15
4988,0.128108126,0.15
4989,0.127695532,0.15
4990,0.127291016,0.1475
4991,0.127065587,0.14
4992,0.127090493,0.14
4993,0.127146244,0.14
4994,0.12709212,0.14
4995,0.126896415,0.14
4996,0.126630535,0.14
4997,0.126366626,0.14
4998,0.126102924,0.14
4999,0.12583912,0.14
5000,0.125576504,0.14
5001,0.12531399,0.14
5002,0.125050463,0.14
5003,0.124787732,0.14
5004,0.124525182,0.14
5005,0.124262318,0.14
5006,0.123998554,0.14
5007,0.123734386,0.14
5008,0.123471019,0.14
5009,0.123207593,0.14
5010,0.122943485,0.14
5011,0.122679713,0.14
5012,0.12241501,0.14
5013,0.122150311,0.14
5014,0.121887727,0.14
5015,0.121625294,0.14
5016,0.121361877,0.14
5017,0.121151135,0.14
5018,0.121127493,0.14
5019,0.121194808,0.14
5020,0.121182974,0.14
5021,0.121027312,0.14
5022,0.120763513,0.14
5023,0.120499695,0.14
5024,0.120255021,0.14
5025,0.120009549,0.14
5026,0.119745804,0.14
5027,0.119504662,0.14
5028,0.119374657,0.14
5029,0.119343885,0.14
5030,0.11932263,0.14
5031,0.119378178,0.14
5032,0.119541211,0.14
5033,0.119735131,0.14
5034,0.119928724,0.14
5035,0.120112934,0.14
5036,0.120262095,0.14
5037,0.120296564,0.14
5038,0.120140897,0.14
5039,0.119884184,0.14
5040,0.119628472,0.14
5041,0.119464584,0.14
5042,0.119485031,0.14
5043,0.119560977,0.14
5044,0.119535575,0.14
5045,0.119440132,0.14
5046,0.119386699,0.14
5047,0.11938671,0.14
5048,0.119275723,0.14
5049,0.11903426,0.14
5050,0.118777907,0.14
5051,0.118520486,0.14
5052,0.118262466,0.14
5053,0.11800192,0.14
5054,0.117737926,0.14
5055,0.117475155,0.14
5056,0.117213491,0.14
5057,0.116949887,0.14
5058,0.116687439,0.14
5059,0.116474328,0.14
5060,0.116428417,0.14
5061,0.116561593,0.14
5062,0.116743775,0.14
5063,0.11689305,0.14
5064,0.116864843,0.14
5065,0.1166433,0.14
5066,0.116383798,0.14
5067,0.116125037,0.1375
5068,0.115863401,0.13
5069,0.115598976,0.13
5070,0.115336135,0.13
5071,0.115074849,0.13
5072,0.114813241,0.13
5073,0.114550367,0.13
5074,0.114287144,0.13
5075,0.114025823,0.13
5076,0.113765004,0.13
5077,0.113530438,0.13
5078,0.113415708,0.13
5079,0.11331567,0.13
5080,0.113179801,0.13
5081,0.113138322,0.13
5082,0.113166494,0.13
5083,0.113285619,0.13
5084,0.113440262,0.13
5085,0.113495775,0.13
5086,0.113428219,0.13
5087,0.113392205,0.13
5088,0.1134188,0.13
5089,0.113320279,0.13
5090,0.113095145,0.13
5091,0.112838341,0.13
5092,0.112580806,0.13
5093,0.112321545,0.13
5094,0.11205999,0.13
5095,0.111796946,0.13
5096,0.111533904,0.13
5097,0.11126977,0.13
5098,0.111005674,0.13
5099,0.110742526,0.13
5100,0.110478999,0.13
5101,0.110253728,0.13
5102,0.110109538,0.13
5103,0.110053786,0.13
5104,0.109941198,0.13
5105,0.109699554,0.13
5106,0.109433434,0.13
5107,0.109170706,0.13
5108,0.109099953,0.13
5109,0.109097211,0.13
5110,0.10892619,0.13
5111,0.108686244,0.13
5112,0.108423761,0.13
5113,0.108265035,0.13
5114,0.108295555,0.13
5115,0.108406457,0.13
5116,0.108394113,0.13
5117,0.108273002,0.13
5118,0.108188892,0.13
5119,0.108139503,0.13
5120,0.107996111,0.13
5121,0.107744715,0.13
5122,0.107487768,0.13
5123,0.10730156,0.13
5124,0.107208747,0.13
5125,0.107113792,0.13
5126,0.106943517,0.13
5127,0.106706011,0.13
5128,0.106518854,0.13
5129,0.106328226,0.13
5130,0.106063978,0.13
5131,0.105801735,0.13
5132,0.105540663,0.13
5133,0.105279064,0.13
5134,0.105016211,0.1275
5135,0.1047528,0.12
5136,0.104499736,0.12
5137,0.104246894,0.12
5138,0.103983837,0.12
5139,0.103721947,0.12
5140,0.103485991,0.12
5141,0.103253107,0.12
5142,0.103073535,0.12
5143,0.103061634,0.12
5144,0.103045819,0.12
5145,0.102981139,0.12
5146,0.102888842,0.12
5147,0.10267315,0.12
5148,0.102411956,0.12
5149,0.102149994,0.12
5150,0.101888034,0.12
5151,0.101646744,0.12
5152,0.10158768,0.12
5153,0.101715265,0.12
5154,0.101844748,0.12
5155,0.101861802,0.12
5156,0.101746066,0.12
5157,0.101535421,0.12
5158,0.101274497,0.12
5159,0.101015198,0.12
5160,0.100755798,0.12
5161,0.100495456,0.12
5162,0.100235072,0.12
5163,0.0999751691,0.12
5164,0.0997127908,0.12
5165,0.0994494357,0.12
5166,0.0991857004,0.12
5167,0.0989221404,0.12
5168,0.0986593873,0.12
5169,0.0983980686,0.12
5170,0.098134391,0.12
5171,0.097867875,0.12
5172,0.0976050172,0.12
5173,0.0973425515,0.12
5174,0.0970804185,0.12
5175,0.0968183275,0.12
5176,0.0965554367,0.12
5177,0.0964467221,0.12
5178,0.0965595359,0.12
5179,0.096724505,0.12
5180,0.0968509702,0.12
5181,0.0969134357,0.12
5182,0.0968888297,0.12
5183,0.0967554419,0.12
5184,0.0965303314,0.12
5185,0.0962759099,0.12
5186,0.0960199363,0.12
5187,0.0957633531,0.12
5188,0.0955057688,0.12
5189,0.0952468811,0.12
5190,0.0949886112,0.12
5191,0.0947290614,0.12
5192,0.0944672433,0.12
5193,0.0942025803,0.115
5194,0.093936787,0.1
5195,0.0936735685,0.1
5196,0.0934099319,0.1
5197,0.0932604151,0.1
5198,0.0933112664,0.1
5199,0.0933658513,0.1
5200,0.0933355438,0.1
5201,0.0933335176,0.1
5202,0.0932467433,0.1
5203,0.0930124076,0.1
5204,0.0927462277,0.1
5205,0.0924803391,0.1
5206,0.0922162816,0.1
5207,0.0919533813,0.1
5208,0.0916898776,0.1
5209,0.0914239724,0.1
5210,0.091158636,0.1
5211,0.0908954315,0.1
5212,0.090647821,0.1
5213,0.0904971299,0.1
5214,0.0904339163,0.1
5215,0.0903828193,0.1
5216,0.0903414243,0.1
5217,0.0901897062,0.1
5218,0.0899250411,0.1
5219,0.0896792821,0.1
5220,0.0896126639,0.1
5221,0.0897564413,0.1
5222,0.0899500881,0.1
5223,0.0901415303,0.1
5224,0.0903209811,0.1
5225,0.0904797478,0.1
5226,0.0906160396,0.1
5227,0.0907295842,0.1
5228,0.0907677769,0.1
5229,0.0906400471,0.1
5230,0.0904636268,0.1
5231,0.0904123036,0.1
5232,0.0904196849,0.1
5233,0.0904155214,0.1
5234,0.0904166798,0.1
5235,0.0903781585,0.1
5236,0.0902079719,0.1
5237,0.0899480016,0.1
5238,0.0896865272,0.1
5239,0.0895146946,0.1
5240,0.0894775754,0.1
5241,0.0893853749,0.1
5242,0.0891587075,0.1
5243,0.0888985952,0.1
5244,0.0886381256,0.1
5245,0.088377937,0.1
5246,0.0881197333,0.1
5247,0.0878607118,0.1
5248,0.0876001422,0.1
5249,0.0873399104,0.1
5250,0.0870786236,0.1
5251,0.0868143982,0.1
5252,0.0865513185,0.1
5253,0.0864635452,0.1
5254,0.0865978238,0.1
5255,0.0867737261,0.1
5256,0.0869276607,0.1
5257,0.0870514428,0.1
5258,0.0871462423,0.1
5259,0.087141785,0.1
5260,0.0869681817,0.1
5261,0.0867111395,0.1
5262,0.0864526623,0.1
5263,0.0861926151,0.1
5264,0.0859310012,0.1
5265,0.0856676954,0.1
5266,0.0854038353,0.1
5267,0.0851409564,0.1
5268,0.0848776339,0.1
5269,0.0846119574,0.1
5270,0.0843443081,0.1
5271,0.0840750831,0.1
5272,0.0838077102,0.1
5273,0.0835417412,0.1
5274,0.0832751642,0.1
5275,0.0830083109,0.1
5276,0.0827419495,0.0975
5277,0.0825226462,0.09
5278,0.0823499611,0.09
5279,0.0821788449,0.09
5280,0.0820075844,0.09
5281,0.0818353243,0.09
5282,0.081663156,0.09
5283,0.0814908761,0.09
5284,0.0813180403,0.09
5285,0.0811454518,0.09
5286,0.0809737227,0.09
5287,0.0808013958,0.09
5288,0.0806274439,0.09
5289,0.0804539621,0.09
5290,0.0802812457,0.09
5291,0.080108482,0.09
5292,0.0799360939,0.09
5293,0.0797639624,0.09
5294,0.0795922695,0.09
5295,0.0794735546,0.09
5296,0.0795053401,0.09
5297,0.0796339347,0.09
5298,0.0797598152,0.09
5299,0.079884963,0.09
5300,0.0800120604,0.09
5301,0.0801214619,0.09
5302,0.0801891822,0.09
5303,0.0802110559,0.09
5304,0.0801737845,0.09
5305,0.0800717353,0.09
5306,0.0799526779,0.09
5307,0.0798292088,0.09
5308,0.0797503653,0.09
5309,0.07971393,0.09
5310,0.0796980663,0.09
5311,0.0797034851,0.09
5312,0.0796759959,0.09
5313,0.0796343874,0.09
5314,0.0796069613,0.09
5315,0.0795973921,0.09
5316,0.0795928709,0.09
5317,0.0795882428,0.09
5318,0.0795832424,0.09
5319,0.0795780291,0.09
5320,0.0795727975,0.09
5321,0.0795675654,0.09
5322,0.0795622854,0.09
5323,0.0795569871,0.09
5324,0.0795517183,0.09
5325,0.0795425801,0.09
5326,0.0794827396,0.09
5327,0.0793842677,0.09
5328,0.0793347674,0.09
5329,0.0792853682,0.09
5330,0.0791653398,0.09
5331,0.0790560666,0.09
5332,0.0789396428,0.09
5333,0.0787871385,0.09
5334,0.0786682021,0.09
5335,0.0785356756,0.09
5336,0.0783688016,0.09
5337,0.0782032237,0.09
5338,0.0780374755,0.09
5339,0.0778855876,0.09
5340,0.0777882567,0.09
5341,0.0777730452,0.09
5342,0.0778086036,0.09
5343,0.0778547308,0.09
5344,0.077926589,0.09
5345,0.078013613,0.09
5346,0.0780767359,0.09
5347,0.0781044055,0.09
5348,0.0781048985,0.09
5349,0.0780985268,0.09
5350,0.0780904216,0.09
5351,0.0780818277,0.09
5352,0.0780748336,0.09
5353,0.0780684162,0.09
5354,0.0780600683,0.09
5355,0.0779989581,0.09
5356,0.0778629899,0.09
5357,0.0777018553,0.09
5358,0.0775386511,0.09
5359,0.0773748013,0.09
5360,0.0772106722,0.09
5361,0.0770459004,0.09
5362,0.0768805474,0.09
5363,0.0767143588,0.09
5364,0.0765478871,0.09
5365,0.076381231,0.09
5366,0.0762142296,0.09
5367,0.0760470127,0.09
5368,0.0758790272,0.09
5369,0.0757107661,0.09
5370,0.0755426176,0.09
5371,0.0753742218,0.09
5372,0.0752058068,0.09
5373,0.0750374143,0.09
5374,0.0748689488,0.09
5375,0.0746993277,0.09
5376,0.0745284091,0.09
5377,0.0743568503,0.09
5378,0.0741849714,0.09
5379,0.0740131627,0.09
5380,0.0738424759,0.09
5381,0.0736711272,0.09
5382,0.0734983551,0.09
5383,0.0733254483,0.09
5384,0.0731526945,0.09
5385,0.0729800037,0.09
5386,0.0728066242,0.09
5387,0.0726328158,0.09
5388,0.07245884,0.09
5389,0.0722849137,0.0875
5390,0.0721111901,0.08
5391,0.0719372381,0.08
5392,0.0717627265,0.08
5393,0.071587803,0.08
5394,0.0714130611,0.08
5395,0.0712388553,0.08
5396,0.0710641783,0.08
5397,0.0708901165,0.08
5398,0.0707167082,0.08
5399,0.0705421743,0.08
5400,0.0703679557,0.08
5401,0.0701943844,0.08
5402,0.070021391,0.08
5403,0.0699253564,0.08
5404,0.069979483,0.08
5405,0.0701075072,0.08
5406,0.0702350002,0.08
5407,0.0703621655,0.08
5408,0.0704723848,0.08
5409,0.0704406054,0.08
5410,0.070275988,0.08
5411,0.0701052538,0.08
5412,0.0699364041,0.08
5413,0.0697666137,0.08
5414,0.0695951138,0.08
5415,0.0694238157,0.08
5416,0.069253312,0.08
5417,0.0690820299,0.08
5418,0.0689099959,0.08
5419,0.0687374741,0.08
5420,0.0685640029,0.08
5421,0.0683908765,0.08
5422,0.0682163116,0.08
5423,0.068041451,0.08
5424,0.0678688419,0.08
5425,0.0676961519,0.08
5426,0.0675218763,0.08
5427,0.0673470308,0.08
5428,0.0671725552,0.08
5429,0.0669981368,0.08
5430,0.0668244648,0.08
5431,0.0666504227,0.08
5432,0.0664756108,0.08
5433,0.0663009968,0.08
5434,0.066127802,0.08
5435,0.0659544983,0.08
5436,0.0657806529,0.08
5437,0.0656085419,0.08
5438,0.0654374832,0.08
5439,0.0653739517,0.08
5440,0.0654582858,0.08
5441,0.0655826822,0.08
5442,0.0657077278,0.08
5443,0.0658311786,0.08
5444,0.0659560875,0.08
5445,0.0660851218,0.08
5446,0.0662141674,0.08
5447,0.0663422426,0.08
5448,0.066459776,0.08
5449,0.0665241459,0.08
5450,0.0664506622,0.08
5451,0.0662832789,0.08
5452,0.0661387809,0.08
5453,0.0661228706,0.08
5454,0.0661979446,0.08
5455,0.06622703,0.08
5456,0.0661578652,0.08
5457,0.0660071161,0.08
5458,0.0658427625,0.08
5459,0.0656781411,0.08
5460,0.0655121725,0.08
5461,0.0653459466,0.08
5462,0.065179832,0.08
5463,0.0650136382,0.08
5464,0.0648466251,0.08
5465,0.0646778377,0.08
5466,0.0645077231,0.08
5467,0.0643371404,0.08
5468,0.0641658577,0.08
5469,0.0639946496,0.08
5470,0.0638233305,0.08
5471,0.0636514908,0.08
5472,0.0634789834,0.08
5473,0.0633053547,0.08
5474,0.0631320006,0.08
5475,0.062959736,0.08
5476,0.0627870242,0.08
5477,0.0626132273,0.08
5478,0.0624374909,0.08
5479,0.0622605245,0.08
5480,0.0620833187,0.08
5481,0.0619057825,0.08
5482,0.0617291287,0.08
5483,0.0615532839,0.08
5484,0.0613771659,0.0775
5485,0.0612006753,0.07
5486,0.0610281204,0.07
5487,0.0609931997,0.07
5488,0.0611054554,0.07
5489,0.0612314839,0.07
5490,0.0613523983,0.0725
5491,0.0613841283,0.08
5492,0.0612730804,0.0766666667
5493,0.0611029983,0.07
5494,0.0609332249,0.07
5495,0.0607633151,0.07
5496,0.0605936632,0.07
5497,0.0604238392,0.07
5498,0.0602529608,0.07
5499,0.0600814343,0.07
5500,0.0599098201,0.07
5501,0.0597915043,0.07
5502,0.0598232629,0.07
5503,0.059947154,0.07
5504,0.0600321626,0.07
5505,0.059979598,0.07
5506,0.0598170644,0.07
5507,0.0596481093,0.07
5508,0.0594790974,0.07
5509,0.0593096875,0.07
5510,0.0591401718,0.07
5511,0.0589700082,0.07
5512,0.0588004263,0.07
5513,0.0586311067,0.07
5514,0.0584607974,0.07
5515,0.0582901619,0.07
5516,0.0581193663,0.07
5517,0.0579485995,0.07
5518,0.0577785788,0.07
5519,0.0576356974,0.07
5520,0.0575398995,0.07
5521,0.0574253791,0.07
5522,0.0572604837,0.07
5523,0.0570859202,0.07
5524,0.0569139198,0.07
5525,0.0567404062,0.07
5526,0.0565657408,0.07
5527,0.056408692,0.07
5528,0.0563525284,0.07
5529,0.0563852301,0.07
5530,0.0564435357,0.07
5531,0.0565381622,0.07
5532,0.0566490249,0.07
5533,0.0567619956,0.07
5534,0.0568562621,0.07
5535,0.056904629,0.07
5536,0.0568823492,0.07
5537,0.0568286005,0.07
5538,0.0568402042,0.07
5539,0.056928747,0.07
5540,0.0570078304,0.07
5541,0.0569529232,0.07
5542,0.0567908214,0.07
5543,0.0566219491,0.07
5544,0.0564524576,0.07
5545,0.0562823889,0.07
5546,0.0561121329,0.07
5547,0.0559417142,0.07
5548,0.0557713581,0.07
5549,0.0556011315,0.07
5550,0.055443858,0.07
5551,0.0554280721,0.07
5552,0.0555391549,0.07
5553,0.0556256039,0.07
5554,0.0556075448,0.07
5555,0.0554749044,0.07
5556,0.055309515,0.07
5557,0.0551432207,0.07
5558,0.0549748497,0.07
5559,0.0548058902,0.07
5560,0.0546365703,0.07
5561,0.0544659265,0.07
5562,0.0542951334,0.07
5563,0.0541244106,0.07
5564,0.0539536561,0.07
5565,0.0537823833,0.07
5566,0.0536116415,0.07
5567,0.0534403846,0.07
5568,0.0532666271,0.07
5569,0.053092929,0.07
5570,0.0529196261,0.07
5571,0.0527463455,0.07
5572,0.0525721731,0.07
5573,0.0524478091,0.07
5574,0.0524738459,0.07
5575,0.0525997496,0.07
5576,0.0527247327,0.07
5577,0.0528083709,0.07
5578,0.0527643687,0.07
5579,0.0526151488,0.07
5580,0.0525607793,0.07
5581,0.0526291942,0.07
5582,0.0526814212,0.07
5583,0.0526917769,0.07
5584,0.0526863488,0.07
5585,0.0526804956,0.07
5586,0.0526746334,0.07
5587,0.0526666334,0.07
5588,0.0526583851,0.07
5589,0.0526522561,0.07
5590,0.0526463658,0.07
5591,0.0526404836,0.07
5592,0.0526346009,0.07
5593,0.0526278145,0.07
5594,0.0526194221,0.07
5595,0.0526123222,0.07
5596,0.0526073143,0.07
5597,0.052602421,0.07
5598,0.0525975211,0.07
5599,0.0525925946,0.07
5600,0.0525876563,0.07
5601,0.0525827708,0.07
5602,0.0525779289,0.07
5603,0.0525730513,0.07
5604,0.0525681885,0.07
5605,0.0525633345,0.07
5606,0.0525584741,0.07
5607,0.0525536307,0.07
5608,0.0525487697,0.07
5609,0.0525439116,0.07
5610,0.0525390712,0.07
5611,0.0525342365,0.07
5612,0.0525293834,0.07
5613,0.0525245123,0.07
5614,0.0525196649,0.07
5615,0.0525148174,0.07
5616,0.0525099552,0.07
5617,0.0525050838,0.07
5618,0.0525002294,0.07
5619,0.0524954191,0.07
5620,0.0524905912,0.07
5621,0.0524857721,0.07
5622,0.0524809884,0.07
5623,0.0524761959,0.07
5624,0.0524714028,0.07
5625,0.0524666209,0.07
5626,0.0524618479,0.07
5627,0.0524570808,0.07
5628,0.0524523136,0.07
5629,0.0524475554,0.07
5630,0.0524427912,0.07
5631,0.0524380182,0.07
5632,0.0524332416,0.07
5633,0.0524284468,0.07
5634,0.0524236431,0.07
5635,0.0524188512,0.07
5636,0.0524122857,0.07
5637,0.0523828213,0.07
5638,0.0523313226,0.07
5639,0.0522793384,0.07
5640,0.0522312276,0.07
5641,0.0521797982,0.07
5642,0.0521073365,0.07
5643,0.0520101184,0.07
5644,0.0519226126,0.07
5645,0.0518792916,0.07
5646,0.0518751214,0.07
5647,0.0518949652,0.07
5648,0.0519191654,0.07
5649,0.0519307384,0.07
5650,0.0519306344,0.07
5651,0.0519258633,0.07
5652,0.0519189198,0.07
5653,0.0519130503,0.07
5654,0.0519097154,0.07
5655,0.0519058229,0.07
5656,0.0519004253,0.07
5657,0.0518950661,0.07
5658,0.051887778,0.07
5659,0.051878961,0.07
5660,0.0518722235,0.07
5661,0.0518666041,0.07
5662,0.0518609988,0.07
5663,0.0518553843,0.07
5664,0.0518497816,0.07
5665,0.0518441877,0.07
5666,0.0518385939,0.07
5667,0.051833009,0.07
5668,0.0518274151,0.07
5669,0.0518218213,0.07
5670,0.0518162364,0.07
5671,0.0518106511,0.07
5672,0.0518050651,0.07
5673,0.0517995025,0.07
5674,0.0517939665,0.07
5675,0.0517884511,0.07
5676,0.0517829447,0.07
5677,0.0517774116,0.07
5678,0.0517718785,0.07
5679,0.0517663632,0.07
5680,0.051760839,0.07
5681,0.0517552971,0.07
5682,0.051749764,0.07
5683,0.0517437343,0.07
5684,0.0517358377,0.07
5685,0.0517289071,0.07
5686,0.0517243038,0.07
5687,0.0517197094,0.07
5688,0.0517151327,0.07
5689,0.051710556,0.07
