time,soc_fb,soc_fb_real
0,1,1
1,0.999997115,1
2,0.999991006,1
3,0.999981817,1
4,0.999967969,1
5,0.999947895,1
6,0.999922177,1
7,0.999886848,1
8,0.999845739,1
9,0.999804524,1
10,0.999764301,1
11,0.999722372,1
12,0.999674685,1
13,0.999623821,1
14,0.999590831,1
15,0.999578768,1
16,0.999573653,1
17,0.999571317,1
18,0.999567765,1
19,0.999577294,1
20,0.999589545,1
21,0.999588262,1
22,0.999582435,1
23,0.999575608,1
24,0.999569338,1
25,0.999563511,1
26,0.999558899,1
27,0.999556099,1
28,0.999554101,1
29,0.999552207,1
30,0.999550405,1
31,0.999548651,1
32,0.999546887,1
33,0.999545116,1
34,0.999543355,1
35,0.999541605,1
36,0.999539865,1
37,0.999538135,1
38,0.999536406,1
39,0.999534686,1
40,0.999532977,1
41,0.999531258,1
42,0.999529538,1
43,0.999527839,1
44,0.99952614,1
45,0.999524421,1
46,0.999522722,1
47,0.999521023,1
48,0.999519294,1
49,0.999515535,1
50,0.999509574,1
51,0.999495829,1
52,0.999456229,1
53,0.999386876,1
54,0.999293841,1
55,0.999201578,1
56,0.999153793,1
57,0.999143568,1
58,0.999140965,1
59,0.999149449,1
60,0.999157479,1
61,0.999157892,1
62,0.99916014,1
63,0.99914379,1
64,0.999031873,1
65,0.998744878,1
66,0.998289127,1
67,0.997751901,1
68,0.997203761,1
69,0.996786872,1
70,0.996602321,1
71,0.996513794,1
72,0.996392875,1
73,0.996276183,1
74,0.996201455,1
75,0.996133848,1
76,0.996056076,1
77,0.996008522,1
78,0.996002486,1
79,0.99600005,1
80,0.996030946,1
81,0.996062335,1
82,0.996060642,1
83,0.996058707,1
84,0.996056053,1
85,0.996051508,1
86,0.99604724,1
87,0.996044942,1
88,0.996042233,1
89,0.996037378,1
90,0.995976958,1
91,0.995803925,1
92,0.995598091,1
93,0.995515665,1
94,0.995523025,1
95,0.99543597,1
96,0.995159826,1
97,0.994700522,1
98,0.994135551,1
99,0.993547148,1
100,0.992958304,1
101,0.992368882,1
102,0.991871622,1
103,0.991561804,1
104,0.991371889,1
105,0.991255393,1
106,0.991211154,1
107,0.991192653,1
108,0.991179535,1
109,0.991210213,1
110,0.991245404,1
111,0.991241982,1
112,0.991236766,1
113,0.991196947,1
114,0.990865685,1
115,0.990277904,1
116,0.989691981,1
117,0.989322913,1
118,0.989241607,1
119,0.989240046,1
120,0.989242589,1
121,0.989241,1
122,0.989239387,1
123,0.989237804,1
124,0.989236221,1
125,0.989234658,1
126,0.989232737,1
127,0.989230356,1
128,0.989227872,1
129,0.989223925,1
130,0.989185653,1
131,0.988863041,1
132,0.988282486,1
133,0.987697658,1
134,0.987113817,1
135,0.986525971,1
136,0.985937994,1
137,0.98539742,1
138,0.985169912,1
139,0.985203469,1
140,0.985215723,1
141,0.985213999,1
142,0.985212376,1
143,0.985210776,1
144,0.985209175,1
145,0.985207595,1
146,0.985206021,1
147,0.985204458,1
148,0.985202673,1
149,0.98520054,1
150,0.985198601,1
151,0.985197009,1
152,0.985193919,1
153,0.985188797,1
154,0.985184109,1
155,0.985181383,1
156,0.985173202,1
157,0.984975229,1
158,0.98469758,1
159,0.984463403,1
160,0.984236829,1
161,0.98415481,1
162,0.984107395,1
163,0.984103946,1
164,0.984158861,1
165,0.984181472,1
166,0.984182902,1
167,0.984006019,1
168,0.983882649,1
169,0.983927666,1
170,0.983926052,1
171,0.983924184,1
172,0.983920366,1
173,0.983915342,1
174,0.983807538,1
175,0.98340611,1
176,0.982814272,1
177,0.982431588,1
178,0.982253974,1
179,0.981898548,1
180,0.981486261,1
181,0.981311624,1
182,0.981087899,1
183,0.980594184,1
184,0.980109107,1
185,0.979840099,1
186,0.979741995,1
187,0.97959587,1
188,0.979363251,1
189,0.979251004,1
190,0.979149705,1
191,0.979029536,1
192,0.979002202,1
193,0.979002202,1
194,0.979002619,1
195,0.979002751,1
196,0.979001764,1
197,0.979000298,1
198,0.978998658,1
199,0.978996682,1
200,0.978994165,1
201,0.978991618,1
202,0.978989447,1
203,0.978985961,1
204,0.978980304,1
205,0.978975556,1
206,0.978976065,1
207,0.978976483,1
208,0.978974464,1
209,0.978973233,1
210,0.978964258,1
211,0.978917454,1
212,0.978706625,1
213,0.978264855,1
214,0.977705712,1
215,0.977117791,1
216,0.976524357,1
217,0.975935849,1
218,0.975349092,1
219,0.974761428,1
220,0.974169625,1
221,0.973575391,1
222,0.973001517,1
223,0.972523695,1
224,0.972122035,1
225,0.971721016,1
226,0.971320917,1
227,0.970920778,1
228,0.970519779,1
229,0.97011792,1
230,0.96971674,1
231,0.969315832,1
232,0.968916198,1
233,0.968516718,1
234,0.968116273,1
235,0.967717823,1
236,0.967319844,1
237,0.966919754,1
238,0.966519698,1
239,0.96612009,1
240,0.965721408,1
241,0.965324125,1
242,0.964926748,1
243,0.964526612,0.99
244,0.964125284,0.98
245,0.9637241,0.98
246,0.963321261,0.98
247,0.962919995,0.98
248,0.962520137,0.98
249,0.962120314,0.98
250,0.961719807,0.98
251,0.961319131,0.98
252,0.960919141,0.98
253,0.960518294,0.98
254,0.960117718,0.98
255,0.959716291,0.98
256,0.959314889,0.98
257,0.958913665,0.98
258,0.958511119,0.98
259,0.958108693,0.98
260,0.957705937,0.98
261,0.957305295,0.98
262,0.956906132,0.98
263,0.95650402,0.98
264,0.956100997,0.98
265,0.955698967,0.98
266,0.955295428,0.98
267,0.95489019,0.98
268,0.954484292,0.98
269,0.954080211,0.98
270,0.953675834,0.98
271,0.953272217,0.98
272,0.952868977,0.973333333
273,0.952460613,0.97
274,0.952041486,0.97
275,0.951619221,0.97
276,0.951208587,0.97
277,0.950831923,0.97
278,0.950480496,0.97
279,0.950192875,0.97
280,0.950037299,0.97
281,0.949917293,0.97
282,0.949722706,0.97
283,0.949489453,0.97
284,0.949301324,0.97
285,0.94919153,0.97
286,0.949126545,0.97
287,0.949066009,0.97
288,0.949002973,0.97
289,0.948937068,0.97
290,0.948869774,0.97
291,0.948801753,0.97
292,0.948749428,0.97
293,0.948740517,0.97
294,0.948711703,0.97
295,0.948571771,0.97
296,0.9483768,0.97
297,0.948229361,0.97
298,0.948113999,0.97
299,0.947976327,0.97
300,0.947835515,0.97
301,0.947790853,0.97
302,0.947810792,0.97
303,0.94780864,0.97
304,0.947800881,0.97
305,0.947792697,0.97
306,0.947786118,0.97
307,0.947780446,0.97
308,0.947774721,0.97
309,0.94776918,0.97
310,0.94776272,0.97
311,0.947754448,0.97
312,0.947746781,0.97
313,0.947720993,0.97
314,0.94758889,0.97
315,0.947278478,0.97
316,0.94679072,0.97
317,0.946206075,0.97
318,0.945610362,0.97
319,0.94501457,0.97
320,0.944481488,0.97
321,0.94422273,0.97
322,0.944199843,0.97
323,0.944198496,0.97
324,0.944194241,0.97
325,0.944189854,0.97
326,0.944185458,0.97
327,0.94418092,0.97
328,0.944176269,0.97
329,0.944171204,0.97
330,0.944165825,0.97
331,0.944160555,0.97
332,0.944155688,0.97
333,0.944151093,0.97
334,0.944144437,0.97
335,0.944135667,0.97
336,0.944128481,0.97
337,0.944123287,0.97
338,0.944118515,0.97
339,0.944113825,0.97
340,0.944109224,0.97
341,0.944104643,0.97
342,0.94401682,0.97
343,0.943904576,0.97
344,0.9438456,0.97
345,0.943772491,0.97
346,0.943696028,0.97
347,0.943610793,0.97
348,0.943463356,0.97
349,0.943167689,0.97
350,0.942772587,0.97
351,0.94250318,0.97
352,0.942477438,0.97
353,0.942521552,0.97
354,0.942516461,0.97
355,0.942511379,0.97
356,0.942506194,0.97
357,0.94249908,0.97
358,0.942490721,0.97
359,0.942483726,0.97
360,0.942478407,0.97
361,0.942449474,0.97
362,0.942240444,0.97
363,0.942024238,0.97
364,0.941924178,0.97
365,0.941761032,0.97
366,0.941705876,0.97
367,0.941648424,0.97
368,0.941401779,0.965
369,0.941273772,0.96
370,0.941027139,0.96
371,0.940673536,0.96
372,0.940656795,0.96
373,0.940554644,0.96
374,0.940255198,0.96
375,0.940191736,0.96
376,0.940047125,0.96
377,0.939700319,0.96
378,0.939655174,0.96
379,0.939605842,0.96
380,0.939295284,0.96
381,0.939183821,0.96
382,0.939022289,0.96
383,0.938722624,0.96
384,0.93869684,0.96
385,0.938587349,0.96
386,0.938506801,0.96
387,0.938660244,0.96
388,0.938708717,0.96
389,0.938686928,0.96
390,0.938592286,0.96
391,0.938421443,0.96
392,0.938316952,0.96
393,0.938023974,0.96
394,0.93774778,0.96
395,0.93756844,0.96
396,0.93746753,0.96
397,0.937529388,0.96
398,0.93754255,0.96
399,0.937588977,0.96
400,0.937476153,0.96
401,0.937307628,0.96
402,0.937180963,0.96
403,0.936981366,0.96
404,0.936865252,0.96
405,0.93684917,0.96
406,0.936839136,0.96
407,0.9368653,0.96
408,0.936892136,0.96
409,0.936854929,0.96
410,0.936770608,0.96
411,0.93670263,0.96
412,0.936667745,0.96
413,0.936611678,0.96
414,0.936536848,0.96
415,0.936459458,0.96
416,0.936390123,0.96
417,0.936139348,0.96
418,0.935619393,0.96
419,0.935019422,0.96
420,0.934419173,0.96
421,0.933818856,0.96
422,0.933224449,0.96
423,0.932808195,0.96
424,0.932706174,0.96
425,0.932766946,0.96
426,0.932812469,0.96
427,0.93278102,0.96
428,0.932656582,0.96
429,0.932491562,0.96
430,0.93222265,0.96
431,0.931738811,0.96
432,0.931142851,0.96
433,0.930535967,0.96
434,0.929931736,0.96
435,0.929331056,0.953333333
436,0.92874365,0.95
437,0.928207658,0.95
438,0.927759542,0.95
439,0.927357977,0.95
440,0.927060651,0.95
441,0.926998236,0.95
442,0.92687756,0.95
443,0.926760779,0.95
444,0.92663986,0.95
445,0.92652821,0.95
446,0.926392808,0.95
447,0.926007574,0.95
448,0.925640594,0.95
449,0.925456048,0.95
450,0.925429884,0.95
451,0.925371767,0.95
452,0.925265764,0.95
453,0.925152691,0.95
454,0.924978072,0.95
455,0.924673252,0.95
456,0.924282085,0.95
457,0.923878155,0.95
458,0.923474052,0.95
459,0.923069023,0.95
460,0.922665668,0.95
461,0.922262906,0.95
462,0.921859896,0.95
463,0.921456383,0.95
464,0.921050238,0.95
465,0.920643846,0.95
466,0.920239726,0.95
467,0.9198371,0.95
468,0.919433735,0.95
469,0.919028694,0.95
470,0.91862406,0.95
471,0.918219134,0.95
472,0.91781358,0.94
473,0.917410465,0.93
474,0.917008567,0.93
475,0.916604815,0.93
476,0.916200161,0.93
477,0.915797832,0.93
478,0.915394043,0.93
479,0.914991095,0.93
480,0.914589218,0.93
481,0.914183504,0.93
482,0.913777002,0.93
483,0.913371052,0.93
484,0.912966656,0.93
485,0.912564204,0.93
486,0.912163003,0.93
487,0.911762524,0.93
488,0.911359606,0.93
489,0.91094226,0.93
490,0.910514945,0.93
491,0.91009019,0.93
492,0.909665114,0.93
493,0.909240754,0.93
494,0.908820884,0.93
495,0.908402519,0.93
496,0.907983022,0.93
497,0.907562276,0.93
498,0.907143081,0.93
499,0.906726166,0.93
500,0.906312576,0.9225
501,0.905902536,0.92
502,0.905490486,0.92
503,0.905078778,0.92
504,0.904667998,0.92
505,0.904257102,0.92
506,0.903846586,0.92
507,0.903489681,0.92
508,0.903134855,0.92
509,0.902725284,0.92
510,0.902318282,0.92
511,0.901911676,0.92
512,0.901501287,0.92
513,0.901092238,0.92
514,0.90068624,0.92
515,0.900284105,0.92
516,0.899898043,0.92
517,0.899580501,0.92
518,0.899326602,0.92
519,0.899073672,0.92
520,0.898798027,0.92
521,0.898496689,0.92
522,0.898159762,0.92
523,0.8977743,0.92
524,0.897364366,0.92
525,0.896955747,0.92
526,0.896549007,0.92
527,0.896142522,0.92
528,0.895734685,0.92
529,0.895328338,0.92
530,0.894926022,0.915
531,0.894522597,0.91
532,0.894117076,0.91
533,0.893712569,0.91
534,0.893309756,0.91
535,0.89290823,0.91
536,0.892505357,0.91
537,0.892102771,0.91
538,0.891702329,0.91
539,0.891301688,0.91
540,0.890902101,0.91
541,0.890500972,0.91
542,0.890097497,0.91
543,0.889693503,0.91
544,0.889289308,0.91
545,0.88888911,0.91
546,0.888507828,0.91
547,0.888153403,0.91
548,0.887835408,0.91
549,0.887523058,0.91
550,0.88719931,0.91
551,0.886902616,0.91
552,0.886612486,0.91
553,0.886306574,0.91
554,0.88599482,0.91
555,0.885681526,0.91
556,0.885385502,0.91
557,0.885154887,0.91
558,0.884985142,0.91
559,0.884851776,0.91
560,0.88477879,0.91
561,0.884756933,0.91
562,0.884698262,0.91
563,0.884572101,0.91
564,0.884399524,0.91
565,0.884236856,0.91
566,0.884228945,0.91
567,0.884279619,0.91
568,0.884402741,0.91
569,0.884652413,0.91
570,0.884899635,0.91
571,0.885146074,0.91
572,0.885392093,0.91
573,0.885637875,0.91
574,0.88580494,0.91
575,0.885784255,0.91
576,0.885568783,0.91
577,0.885287482,0.91
578,0.885146415,0.91
579,0.884846578,0.91
580,0.884263855,0.91
581,0.883726256,0.91
582,0.883355891,0.91
583,0.883256534,0.905
584,0.883098401,0.9
585,0.882795305,0.9
586,0.882613817,0.9
587,0.882491788,0.9
588,0.882274618,0.9
589,0.882060173,0.9
590,0.881939927,0.9
591,0.881613818,0.9
592,0.881249245,0.9
593,0.881116099,0.9
594,0.881045844,0.9
595,0.880861785,0.9
596,0.880572659,0.9
597,0.880325884,0.9
598,0.880276532,0.9
599,0.880249921,0.9
600,0.880201489,0.9
601,0.880252429,0.9
602,0.880310147,0.9
603,0.880374841,0.9
604,0.88042624,0.9
605,0.880504905,0.9
606,0.88060139,0.9
607,0.880659673,0.9
608,0.880702497,0.9
609,0.880757889,0.9
610,0.880815378,0.9
611,0.880882058,0.9
612,0.880960148,0.9
613,0.88100863,0.9
614,0.881045252,0.9
615,0.881095327,0.9
616,0.881158024,0.9
617,0.881236762,0.9
618,0.881303007,0.9
619,0.881356117,0.9
620,0.881404966,0.9
621,0.881362662,0.9
622,0.881261986,0.9
623,0.881190185,0.9
624,0.881159663,0.9
625,0.881094095,0.9
626,0.881102265,0.9
627,0.881162995,0.9
628,0.881203788,0.9
629,0.881348615,0.9
630,0.881490331,0.9
631,0.881544621,0.9
632,0.881579182,0.9
633,0.881702907,0.9
634,0.881878382,0.9
635,0.881962806,0.9
636,0.881941235,0.9
637,0.881926825,0.9
638,0.881978317,0.9
639,0.882070243,0.9
640,0.882129645,0.9
641,0.882169106,0.9
642,0.882226216,0.9
643,0.882292686,0.9
644,0.882280465,0.9
645,0.881965892,0.9
646,0.881394674,0.9
647,0.880793425,0.9
648,0.88036668,0.9
649,0.880324932,0.9
650,0.880437857,0.9
651,0.880494102,0.9
652,0.880553719,0.9
653,0.88060479,0.9
654,0.880675742,0.9
655,0.880738464,0.9
656,0.880773592,0.9
657,0.880813088,0.9
658,0.880833672,0.9
659,0.880850379,0.9
660,0.880901444,0.9
661,0.880947141,0.9
662,0.880949155,0.9
663,0.880943221,0.9
664,0.880954473,0.9
665,0.880980736,0.9
666,0.880994896,0.9
667,0.880992371,0.9
668,0.880983192,0.9
669,0.880972534,0.9
670,0.880960618,0.9
671,0.880947694,0.9
672,0.880935841,0.9
673,0.880922196,0.9
674,0.880905417,0.9
675,0.880885467,0.9
676,0.88085722,0.9
677,0.880836531,0.9
678,0.880828531,0.9
679,0.880819771,0.9
680,0.88081169,0.9
681,0.880804226,0.9
682,0.880795233,0.9
683,0.880767413,0.9
684,0.880740433,0.9
685,0.880731234,0.9
686,0.880722727,0.9
687,0.880715208,0.9
688,0.880707746,0.9
689,0.880700244,0.9
690,0.880692781,0.9
691,0.880685468,0.9
692,0.880665241,0.9
693,0.880613763,0.9
694,0.880574451,0.9
695,0.880565192,0.9
696,0.880555222,0.9
697,0.880546251,0.9
698,0.880538269,0.9
699,0.880530436,0.9
700,0.880522704,0.9
701,0.88051507,0.9
702,0.88050759,0.9
703,0.880500399,0.9
704,0.880493844,0.9
705,0.880487658,0.9
706,0.880481532,0.9
707,0.88047547,0.9
708,0.880469457,0.9
709,0.880463451,0.9
710,0.880457474,0.9
711,0.880451547,0.9
712,0.880445629,0.9
713,0.880439735,0.9
714,0.880433831,0.9
715,0.880427884,0.9
716,0.880421557,0.9
717,0.88035254,0.9
718,0.880146155,0.9
719,0.879790001,0.9
720,0.879286019,0.9
721,0.878699672,0.9
722,0.878266445,0.9
723,0.877941311,0.9
724,0.877525491,0.9
725,0.8771604,0.9
726,0.876837862,0.9
727,0.876485568,0.9
728,0.876176925,0.9
729,0.875933294,0.9
730,0.875717832,0.9
731,0.875380637,0.9
732,0.874854676,0.9
733,0.874303996,0.9
734,0.87395355,0.9
735,0.873851665,0.9
736,0.873963959,0.9
737,0.874048103,0.9
738,0.874068593,0.9
739,0.874235382,0.9
740,0.874467018,0.9
741,0.874693905,0.9
742,0.8749086,0.9
743,0.875103178,0.9
744,0.875276907,0.9
745,0.875431096,0.9
746,0.875564477,0.9
747,0.875675591,0.9
748,0.8757642,0.9
749,0.875831559,0.9
750,0.875879228,0.9
751,0.875904527,0.9
752,0.875910559,0.9
753,0.875908268,0.9
754,0.875903575,0.9
755,0.875897949,0.9
756,0.875891874,0.9
757,0.875884928,0.9
758,0.875877023,0.9
759,0.875869948,0.9
760,0.875863873,0.9
761,0.875857848,0.9
762,0.875851829,0.9
763,0.875845401,0.9
764,0.875819623,0.9
765,0.875698674,0.9
766,0.875408134,0.9
767,0.874963915,0.9
768,0.87470686,0.9
769,0.874705629,0.9
770,0.874649052,0.9
771,0.874628369,0.9
772,0.874612773,0.9
773,0.87426727,0.9
774,0.873674296,0.9
775,0.87307361,0.9
776,0.872476408,0.9
777,0.871878739,0.9
778,0.871279349,0.9
779,0.870678958,0.8925
780,0.870078618,0.89
781,0.869477293,0.89
782,0.868898234,0.89
783,0.868420528,0.89
784,0.86802173,0.89
785,0.867622636,0.89
786,0.867301896,0.89
787,0.867182362,0.89
788,0.86716957,0.89
789,0.867236386,0.89
790,0.867434064,0.89
791,0.867663864,0.89
792,0.867875686,0.89
793,0.8680443,0.89
794,0.868161457,0.89
795,0.868237745,0.89
796,0.868279055,0.89
797,0.868291468,0.89
798,0.868289179,0.89
799,0.868283379,0.89
800,0.868277202,0.89
801,0.868271073,0.89
802,0.868264954,0.89
803,0.868258845,0.89
804,0.868252735,0.89
805,0.8682457,0.89
806,0.868237115,0.89
807,0.868227504,0.89
808,0.868217515,0.89
809,0.868207545,0.89
810,0.868197981,0.89
811,0.868190127,0.89
812,0.868183674,0.89
813,0.86817735,0.89
814,0.868171095,0.89
815,0.868164909,0.89
816,0.868158722,0.89
817,0.868152542,0.89
818,0.86814639,0.89
819,0.868139367,0.89
820,0.868082993,0.89
821,0.867879336,0.89
822,0.867533214,0.89
823,0.867143368,0.89
824,0.866751744,0.89
825,0.866433004,0.89
826,0.866237316,0.89
827,0.865963298,0.89
828,0.865562637,0.89
829,0.865161662,0.89
830,0.864760054,0.89
831,0.864358703,0.89
832,0.863958766,0.89
833,0.863534242,0.89
834,0.863010687,0.89
835,0.862466045,0.89
836,0.862019463,0.89
837,0.861619246,0.89
838,0.861219756,0.89
839,0.860820245,0.89
840,0.860421925,0.89
841,0.860024551,0.89
842,0.859624341,0.89
843,0.8592231,0.89
844,0.858822486,0.876666667
845,0.858422362,0.87
846,0.858023829,0.87
847,0.857626676,0.87
848,0.857230581,0.87
849,0.856833665,0.87
850,0.856434634,0.87
851,0.85603695,0.87
852,0.855640618,0.87
853,0.855243509,0.87
854,0.854845627,0.87
855,0.854446697,0.87
856,0.854047422,0.87
857,0.853648884,0.87
858,0.853250507,0.87
859,0.85285189,0.87
860,0.852587556,0.87
861,0.852645426,0.87
862,0.852890987,0.87
863,0.853135979,0.87
864,0.853381258,0.87
865,0.853626098,0.87
866,0.853870733,0.87
867,0.854114984,0.87
868,0.854329108,0.87
869,0.854353672,0.87
870,0.854211023,0.87
871,0.854033109,0.87
872,0.853688289,0.87
873,0.853178476,0.87
874,0.85264943,0.87
875,0.852139021,0.87
876,0.851641348,0.87
877,0.851153881,0.87
878,0.850671702,0.87
879,0.850194112,0.87
880,0.849907703,0.87
881,0.849843625,0.87
882,0.849678708,0.87
883,0.849289508,0.87
884,0.848819775,0.87
885,0.848352927,0.87
886,0.847890197,0.87
887,0.847462014,0.87
888,0.847064681,0.8625
889,0.846666381,0.86
890,0.846266498,0.86
891,0.845867045,0.86
892,0.845469169,0.86
893,0.845071514,0.86
894,0.84467376,0.86
895,0.84427558,0.86
896,0.843876801,0.86
897,0.843477445,0.86
898,0.843075684,0.86
899,0.84267672,0.86
900,0.842278556,0.86
901,0.841878867,0.86
902,0.841479741,0.86
903,0.841079297,0.86
904,0.840680396,0.86
905,0.840280775,0.86
906,0.839881901,0.86
907,0.839485245,0.86
908,0.83908832,0.86
909,0.838692047,0.86
910,0.83829475,0.86
911,0.837896464,0.86
912,0.837497938,0.86
913,0.837100524,0.86
914,0.836705246,0.86
915,0.836309592,0.86
916,0.835912048,0.86
917,0.835514671,0.853333333
918,0.835117293,0.85
919,0.834720003,0.85
920,0.834323235,0.85
921,0.833924882,0.85
922,0.833526225,0.85
923,0.833129579,0.85
924,0.832735235,0.85
925,0.832342247,0.85
926,0.831946718,0.85
927,0.831550308,0.85
928,0.831152783,0.85
929,0.830753543,0.85
930,0.830359657,0.85
931,0.83013568,0.85
932,0.830125951,0.85
933,0.830141716,0.85
934,0.830206393,0.85
935,0.830265437,0.85
936,0.830154466,0.85
937,0.829875082,0.85
938,0.829497886,0.85
939,0.829095683,0.85
940,0.828692197,0.85
941,0.828291412,0.85
942,0.827892313,0.85
943,0.827498252,0.85
944,0.827133978,0.85
945,0.826790798,0.85
946,0.826420081,0.85
947,0.826027363,0.85
948,0.825637815,0.85
949,0.825248596,0.85
950,0.824860645,0.85
951,0.824476686,0.85
952,0.824093274,0.8425
953,0.82370739,0.84
954,0.823322228,0.84
955,0.822937207,0.84
956,0.822553279,0.84
957,0.82217306,0.84
958,0.821789673,0.84
959,0.821691119,0.84
960,0.821844482,0.84
961,0.821892964,0.84
962,0.821917679,0.84
963,0.821963285,0.84
964,0.821972606,0.84
965,0.821845845,0.84
966,0.821561609,0.84
967,0.821189248,0.84
968,0.820763184,0.84
969,0.820336267,0.84
970,0.819913416,0.84
971,0.819495554,0.84
972,0.81907818,0.84
973,0.818782623,0.84
974,0.818597766,0.84
975,0.818289597,0.84
976,0.817863701,0.84
977,0.817740512,0.84
978,0.817834303,0.84
979,0.817834127,0.84
980,0.817832414,0.84
981,0.817809152,0.84
982,0.817914393,0.84
983,0.818164643,0.84
984,0.818399461,0.84
985,0.818597059,0.84
986,0.81870968,0.84
987,0.818506384,0.84
988,0.818009847,0.84
989,0.817515907,0.84
990,0.816992282,0.84
991,0.816480807,0.84
992,0.816189928,0.84
993,0.81607092,0.84
994,0.81585498,0.84
995,0.815508635,0.84
996,0.815178202,0.84
997,0.814746767,0.84
998,0.814181167,0.84
999,0.813765195,0.84
1000,0.813564389,0.84
1001,0.813199997,0.84
1002,0.812614787,0.83
1003,0.812024602,0.82
1004,0.811434562,0.82
1005,0.81084512,0.82
1006,0.810257186,0.82
1007,0.809672195,0.82
1008,0.809132135,0.82
1009,0.808688728,0.82
1010,0.808296823,0.82
1011,0.807904905,0.82
1012,0.807514993,0.82
1013,0.807124766,0.82
1014,0.80673319,0.82
1015,0.806340554,0.82
1016,0.805947038,0.82
1017,0.805554736,0.82
1018,0.805162935,0.82
1019,0.804770597,0.82
1020,0.804377751,0.82
1021,0.803986194,0.82
1022,0.803744887,0.82
1023,0.803811357,0.82
1024,0.804035889,0.82
1025,0.804256573,0.82
1026,0.804471843,0.82
1027,0.8046767,0.82
1028,0.804867613,0.82
1029,0.805044011,0.82
1030,0.805202595,0.82
1031,0.80531678,0.82
1032,0.805378609,0.82
1033,0.805440235,0.82
1034,0.805539397,0.82
1035,0.805650015,0.82
1036,0.805731546,0.82
1037,0.805655707,0.82
1038,0.805369972,0.82
1039,0.805032678,0.82
1040,0.804676596,0.82
1041,0.804279957,0.82
1042,0.803883,0.82
1043,0.803487043,0.82
1044,0.803105966,0.82
1045,0.802869415,0.82
1046,0.802743671,0.82
1047,0.802554476,0.82
1048,0.802298758,0.82
1049,0.802022149,0.82
1050,0.801745725,0.82
1051,0.801510493,0.82
1052,0.801369937,0.82
1053,0.801403202,0.82
1054,0.801547774,0.82
1055,0.801664606,0.82
1056,0.801725353,0.82
1057,0.801725497,0.82
1058,0.801690141,0.82
1059,0.801641663,0.82
1060,0.801553252,0.82
1061,0.801264725,0.82
1062,0.800749907,0.8125
1063,0.800161695,0.81
1064,0.799665423,0.81
1065,0.799268108,0.81
1066,0.798871573,0.81
1067,0.798475164,0.81
1068,0.798080869,0.81
1069,0.797686344,0.81
1070,0.797289924,0.81
1071,0.79686835,0.81
1072,0.796350188,0.81
1073,0.795759157,0.81
1074,0.795169513,0.81
1075,0.794580599,0.81
1076,0.793990018,0.81
1077,0.793399697,0.81
1078,0.792809105,0.81
1079,0.792218948,0.81
1080,0.791655886,0.81
1081,0.791190739,0.81
1082,0.790797432,0.81
1083,0.790405848,0.81
1084,0.790014656,0.81
1085,0.789622517,0.81
1086,0.78922924,0.8025
1087,0.788835269,0.8
1088,0.788442852,0.8
1089,0.788051088,0.8
1090,0.787658819,0.8
1091,0.787264719,0.8
1092,0.786869766,0.8
1093,0.786476247,0.8
1094,0.786083216,0.8
1095,0.785691048,0.8
1096,0.785299001,0.8
1097,0.784906087,0.8
1098,0.784513032,0.8
1099,0.784120001,0.8
1100,0.783725724,0.8
1101,0.783332056,0.8
1102,0.782938554,0.8
1103,0.782544269,0.8
1104,0.782151285,0.8
1105,0.781759307,0.8
1106,0.781367576,0.8
1107,0.780974186,0.8
1108,0.780580439,0.8
1109,0.780187722,0.8
1110,0.779794503,0.8
1111,0.779402349,0.8
1112,0.779010349,0.8
1113,0.77861755,0.8
1114,0.778225391,0.8
1115,0.777832298,0.7925
1116,0.777437597,0.79
1117,0.777043852,0.79
1118,0.776652272,0.79
1119,0.776280701,0.79
1120,0.775982985,0.79
1121,0.775749138,0.79
1122,0.775747273,0.79
1123,0.775942121,0.79
1124,0.776016624,0.79
1125,0.77605053,0.79
1126,0.776216549,0.79
1127,0.776459013,0.79
1128,0.776699709,0.79
1129,0.77694082,0.79
1130,0.777182119,0.79
1131,0.777423016,0.79
1132,0.777664303,0.79
1133,0.777906544,0.79
1134,0.778147831,0.7975
1135,0.778388552,0.8
1136,0.778629931,0.8
1137,0.77887069,0.8
1138,0.779111434,0.8
1139,0.779352668,0.8
1140,0.779593534,0.8
1141,0.779833913,0.8
1142,0.780073973,0.8
1143,0.780313532,0.8
1144,0.780552971,0.8
1145,0.78079169,0.8
1146,0.781028945,0.8
1147,0.781265098,0.8
1148,0.781501575,0.8
1149,0.781662347,0.8
1150,0.781803091,0.8
1151,0.78200948,0.8
1152,0.782192932,0.8
1153,0.782367332,0.8
1154,0.782561759,0.8
1155,0.782745087,0.8
1156,0.782947642,0.8
1157,0.783177131,0.8
1158,0.783405849,0.8
1159,0.783632606,0.8
1160,0.783857232,0.8
1161,0.784076913,0.8
1162,0.784274929,0.8
1163,0.784452399,0.8
1164,0.784604929,0.8
1165,0.784596582,0.8
1166,0.784255254,0.8
1167,0.783687217,0.8
1168,0.783085948,0.8
1169,0.782484962,0.8
1170,0.781885678,0.8
1171,0.781286865,0.8
1172,0.780688584,0.8
1173,0.780091712,0.8
1174,0.779496387,0.8
1175,0.778947546,0.8
1176,0.778497946,0.8
1177,0.778101458,0.8
1178,0.777705037,0.8
1179,0.777309603,0.8
1180,0.776913811,0.8
1181,0.776516957,0.7925
1182,0.776120646,0.79
1183,0.775726268,0.79
1184,0.77533084,0.79
1185,0.774933928,0.79
1186,0.774537635,0.79
1187,0.774142326,0.79
1188,0.773746988,0.79
1189,0.773349578,0.79
1190,0.772949393,0.79
1191,0.772549329,0.79
1192,0.772151542,0.79
1193,0.771754251,0.79
1194,0.771357478,0.79
1195,0.770962294,0.79
1196,0.7705686,0.79
1197,0.770174795,0.79
1198,0.769895788,0.79
1199,0.76993044,0.79
1200,0.77015476,0.79
1201,0.770353936,0.79
1202,0.770517914,0.79
1203,0.770504006,0.79
1204,0.770222511,0.79
1205,0.769832557,0.79
1206,0.769441139,0.79
1207,0.769047817,0.79
1208,0.768654374,0.79
1209,0.76826173,0.79
1210,0.767871039,0.79
1211,0.767482584,0.79
1212,0.767091448,0.79
1213,0.766697654,0.79
1214,0.766305445,0.79
1215,0.765913933,0.79
1216,0.765521891,0.79
1217,0.765130526,0.7825
1218,0.764739727,0.78
1219,0.764346357,0.78
1220,0.763952226,0.78
1221,0.763559632,0.78
1222,0.76316778,0.78
1223,0.762775632,0.78
1224,0.762382823,0.78
1225,0.761990175,0.78
1226,0.76159832,0.78
1227,0.761205431,0.78
1228,0.760812769,0.78
1229,0.760421355,0.78
1230,0.760029425,0.78
1231,0.759638092,0.78
1232,0.759245893,0.78
1233,0.758854103,0.78
1234,0.758464303,0.78
1235,0.758071981,0.78
1236,0.757648681,0.78
1237,0.757377994,0.78
1238,0.757369516,0.78
1239,0.75742752,0.78
1240,0.757483675,0.78
1241,0.757568719,0.78
1242,0.757622217,0.78
1243,0.757595192,0.78
1244,0.757396293,0.78
1245,0.756984809,0.78
1246,0.756453424,0.78
1247,0.7558685,0.78
1248,0.755276818,0.78
1249,0.754687507,0.78
1250,0.754097729,0.78
1251,0.753505977,0.78
1252,0.752914032,0.765
1253,0.752320815,0.76
1254,0.751726829,0.76
1255,0.751181101,0.76
1256,0.750737098,0.76
1257,0.750346295,0.76
1258,0.749954858,0.76
1259,0.749626513,0.76
1260,0.749506929,0.76
1261,0.749391448,0.76
1262,0.749122748,0.76
1263,0.748801205,0.76
1264,0.74845609,0.76
1265,0.748257034,0.76
1266,0.748202211,0.76
1267,0.748000576,0.76
1268,0.747638055,0.76
1269,0.747265054,0.76
1270,0.746878928,0.76
1271,0.746490187,0.76
1272,0.746099449,0.76
1273,0.745777061,0.76
1274,0.745685674,0.76
1275,0.745726565,0.76
1276,0.745787491,0.76
1277,0.745863516,0.76
1278,0.745851683,0.76
1279,0.74583901,0.76
1280,0.745857174,0.76
1281,0.745819588,0.76
1282,0.745647374,0.76
1283,0.745344601,0.76
1284,0.745037686,0.76
1285,0.744765518,0.76
1286,0.744491089,0.76
1287,0.744176976,0.76
1288,0.743874198,0.76
1289,0.743694593,0.76
1290,0.743642479,0.76
1291,0.743630695,0.76
1292,0.743587704,0.76
1293,0.74338065,0.76
1294,0.743023905,0.76
1295,0.742651792,0.76
1296,0.742271874,0.76
1297,0.741887915,0.7525
1298,0.741504748,0.75
1299,0.741122287,0.75
1300,0.740738786,0.75
1301,0.740350993,0.75
1302,0.739960382,0.75
1303,0.739576228,0.75
1304,0.739190489,0.75
1305,0.738797238,0.75
1306,0.738406971,0.75
1307,0.738017421,0.75
1308,0.737625419,0.75
1309,0.737230922,0.75
1310,0.73690018,0.75
1311,0.73668237,0.75
1312,0.736492709,0.75
1313,0.736198923,0.75
1314,0.735897038,0.75
1315,0.735562186,0.75
1316,0.735141607,0.75
1317,0.734834581,0.75
1318,0.734593973,0.75
1319,0.734340645,0.75
1320,0.734091143,0.75
1321,0.733812939,0.75
1322,0.733499361,0.75
1323,0.733207457,0.75
1324,0.732998352,0.75
1325,0.732877935,0.75
1326,0.732793293,0.75
1327,0.732648238,0.75
1328,0.732400546,0.75
1329,0.731965019,0.75
1330,0.731379585,0.75
1331,0.730782873,0.7425
1332,0.730184938,0.74
1333,0.729639726,0.74
1334,0.72923883,0.74
1335,0.729023911,0.74
1336,0.729007172,0.74
1337,0.729055188,0.74
1338,0.729130944,0.74
1339,0.729312828,0.74
1340,0.729529098,0.74
1341,0.729729059,0.74
1342,0.729901741,0.74
1343,0.730046302,0.74
1344,0.73015697,0.74
1345,0.730191411,0.74
1346,0.729943292,0.74
1347,0.729405665,0.74
1348,0.728804682,0.74
1349,0.728203572,0.74
1350,0.727727393,0.74
1351,0.72751174,0.74
1352,0.727469103,0.74
1353,0.727462025,0.74
1354,0.727454237,0.74
1355,0.727447798,0.74
1356,0.727443534,0.74
1357,0.727450846,0.74
1358,0.727513031,0.74
1359,0.727639205,0.74
1360,0.727793724,0.74
1361,0.727957929,0.74
1362,0.728123875,0.74
1363,0.728307087,0.74
1364,0.728523041,0.74
1365,0.728753951,0.74
1366,0.728983386,0.74
1367,0.729208857,0.74
1368,0.7294301,0.74
1369,0.729651407,0.74
1370,0.729873607,0.74
1371,0.730095209,0.74
1372,0.730315277,0.7475
1373,0.730504409,0.75
1374,0.730583173,0.75
1375,0.730579654,0.75
1376,0.730583776,0.75
1377,0.730647489,0.75
1378,0.730825118,0.75
1379,0.731048458,0.75
1380,0.731239183,0.75
1381,0.731441601,0.75
1382,0.731669233,0.75
1383,0.731896894,0.75
1384,0.732125113,0.75
1385,0.732352413,0.75
1386,0.732575436,0.75
1387,0.732790951,0.75
1388,0.732994913,0.75
1389,0.733174736,0.75
1390,0.733320936,0.75
1391,0.733332764,0.75
1392,0.732976846,0.75
1393,0.732372243,0.75
1394,0.731767828,0.75
1395,0.731162422,0.75
1396,0.730556534,0.75
1397,0.729951815,0.75
1398,0.7293474,0.7425
1399,0.728742865,0.74
1400,0.728138849,0.74
1401,0.727583073,0.74
1402,0.727131268,0.74
1403,0.72673334,0.74
1404,0.72633582,0.74
1405,0.725937056,0.74
1406,0.725538242,0.74
1407,0.725141396,0.74
1408,0.724743259,0.74
1409,0.724344356,0.74
1410,0.72394619,0.74
1411,0.723548397,0.74
1412,0.723150384,0.74
1413,0.722829226,0.74
1414,0.722814143,0.74
1415,0.722989597,0.74
1416,0.72311384,0.74
1417,0.723152463,0.74
1418,0.722950898,0.74
1419,0.722742758,0.74
1420,0.722726564,0.74
1421,0.722749863,0.74
1422,0.722777472,0.74
1423,0.722648983,0.74
1424,0.722309964,0.74
1425,0.721912045,0.74
1426,0.721514652,0.74
1427,0.721119284,0.74
1428,0.720722938,0.74
1429,0.72032642,0.74
1430,0.719932249,0.74
1431,0.719537444,0.74
1432,0.719141353,0.74
1433,0.718744936,0.74
1434,0.71834915,0.74
1435,0.717954058,0.74
1436,0.717558488,0.7325
1437,0.717163393,0.73
1438,0.716768162,0.73
1439,0.716373074,0.73
1440,0.715977397,0.73
1441,0.715580253,0.73
1442,0.715186395,0.73
1443,0.714792743,0.73
1444,0.714395336,0.73
1445,0.713999082,0.73
1446,0.713604909,0.73
1447,0.713209704,0.73
1448,0.712813885,0.73
1449,0.712416968,0.73
1450,0.712021057,0.73
1451,0.711625901,0.73
1452,0.711229479,0.73
1453,0.710834897,0.73
1454,0.710440901,0.73
1455,0.710045582,0.73
1456,0.709650479,0.73
1457,0.709257626,0.73
1458,0.70886482,0.73
1459,0.708470559,0.73
1460,0.708076955,0.73
1461,0.707684949,0.73
1462,0.707293265,0.73
1463,0.706899372,0.73
1464,0.706504955,0.73
1465,0.706111494,0.715
1466,0.705690132,0.71
1467,0.705556413,0.71
1468,0.705743644,0.71
1469,0.705923148,0.71
1470,0.706068708,0.71
1471,0.706149994,0.71
1472,0.705970831,0.71
1473,0.705476457,0.71
1474,0.704878358,0.71
1475,0.704272201,0.71
1476,0.703664523,0.71
1477,0.703056847,0.71
1478,0.70244989,0.71
1479,0.701843955,0.71
1480,0.701237687,0.71
1481,0.700632015,0.71
1482,0.700075181,0.71
1483,0.69962373,0.71
1484,0.699228711,0.71
1485,0.698833904,0.71
1486,0.698440401,0.71
1487,0.69804642,0.71
1488,0.697650954,0.71
1489,0.697255989,0.71
1490,0.696861381,0.71
1491,0.696465425,0.71
1492,0.69606929,0.71
1493,0.69567515,0.71
1494,0.695281085,0.71
1495,0.694913583,0.71
1496,0.694691942,0.71
1497,0.69448319,0.7025
1498,0.694127434,0.7
1499,0.693729599,0.7
1500,0.693332081,0.7
1501,0.692934384,0.7
1502,0.692536339,0.7
1503,0.692139114,0.7
1504,0.691740957,0.7
1505,0.691343606,0.7
1506,0.690946664,0.7
1507,0.690549373,0.7
1508,0.690152761,0.7
1509,0.6897545,0.7
1510,0.689356865,0.7
1511,0.688960728,0.7
1512,0.688564349,0.7
1513,0.688168173,0.7
1514,0.687771593,0.7
1515,0.687373798,0.7
1516,0.686976049,0.7
1517,0.686579046,0.7
1518,0.686182696,0.7
1519,0.685786052,0.7
1520,0.685388883,0.7
1521,0.684992843,0.7
1522,0.684596336,0.7
1523,0.684199368,0.7
1524,0.683801917,0.7
1525,0.683402751,0.7
1526,0.683004763,0.69
1527,0.682608593,0.69
1528,0.682211812,0.69
1529,0.681814416,0.69
1530,0.681415154,0.69
1531,0.681017334,0.69
1532,0.680620911,0.69
1533,0.68019339,0.69
1534,0.679702072,0.69
1535,0.679239143,0.69
1536,0.678841945,0.69
1537,0.678446881,0.69
1538,0.678050104,0.69
1539,0.67765237,0.69
1540,0.677255385,0.69
1541,0.676852191,0.69
1542,0.676465453,0.69
1543,0.676253279,0.69
1544,0.676261706,0.69
1545,0.676381041,0.69
1546,0.676574501,0.69
1547,0.676804562,0.69
1548,0.677037884,0.69
1549,0.677268929,0.69
1550,0.67749791,0.69
1551,0.677724026,0.69
1552,0.677876393,0.69
1553,0.677664167,0.69
1554,0.677113544,0.69
1555,0.676527533,0.69
1556,0.675970261,0.69
1557,0.675432911,0.69
1558,0.674892128,0.69
1559,0.674347373,0.69
1560,0.673799955,0.69
1561,0.673242229,0.69
1562,0.672675787,0.69
1563,0.672160147,0.69
1564,0.671807477,0.69
1565,0.671757609,0.69
1566,0.671939794,0.69
1567,0.672137106,0.69
1568,0.672332443,0.69
1569,0.672493865,0.69
1570,0.672458133,0.69
1571,0.67216862,0.69
1572,0.67177049,0.69
1573,0.671386007,0.69
1574,0.671072029,0.69
1575,0.671002234,0.69
1576,0.671074425,0.69
1577,0.671135295,0.69
1578,0.671248737,0.69
1579,0.671411382,0.69
1580,0.671615811,0.69
1581,0.671835239,0.69
1582,0.672051965,0.69
1583,0.672259092,0.69
1584,0.672439069,0.69
1585,0.672577021,0.69
1586,0.672667612,0.69
1587,0.672711293,0.69
1588,0.672720922,0.69
1589,0.672716531,0.69
1590,0.67271016,0.69
1591,0.672703993,0.69
1592,0.672692122,0.69
1593,0.672561833,0.69
1594,0.672244131,0.69
1595,0.671851469,0.69
1596,0.671457828,0.69
1597,0.671060354,0.69
1598,0.67065861,0.69
1599,0.67025669,0.68
1600,0.669854213,0.68
1601,0.669469752,0.68
1602,0.669283518,0.68
1603,0.669227732,0.68
1604,0.66904053,0.68
1605,0.668707783,0.68
1606,0.668386046,0.68
1607,0.668235061,0.68
1608,0.668160323,0.68
1609,0.668070824,0.68
1610,0.667955197,0.68
1611,0.667768146,0.68
1612,0.667542584,0.68
1613,0.667263867,0.68
1614,0.666970925,0.68
1615,0.666713065,0.68
1616,0.66648269,0.68
1617,0.666316757,0.68
1618,0.666154421,0.68
1619,0.665964364,0.68
1620,0.665754086,0.68
1621,0.665485897,0.68
1622,0.665078331,0.68
1623,0.664622185,0.68
1624,0.664267137,0.68
1625,0.664037449,0.68
1626,0.66388769,0.68
1627,0.66368462,0.68
1628,0.663361967,0.68
1629,0.662900465,0.68
1630,0.66231561,0.68
1631,0.661681646,0.68
1632,0.6610482,0.68
1633,0.660455643,0.68
1634,0.660157502,0.68
1635,0.660170776,0.68
1636,0.660253723,0.68
1637,0.660348208,0.68
1638,0.660447742,0.68
1639,0.660588254,0.68
1640,0.660702946,0.68
1641,0.660590635,0.68
1642,0.660134247,0.68
1643,0.659498973,0.68
1644,0.658863863,0.68
1645,0.658231723,0.6725
1646,0.657601584,0.67
1647,0.656970853,0.67
1648,0.656394506,0.67
1649,0.655933386,0.67
1650,0.655532503,0.67
1651,0.655131351,0.67
1652,0.654729111,0.67
1653,0.654325113,0.67
1654,0.653921695,0.67
1655,0.653517624,0.67
1656,0.653111755,0.67
1657,0.6527056,0.67
1658,0.652301744,0.67
1659,0.651899632,0.67
1660,0.651496898,0.67
1661,0.651093739,0.67
1662,0.650690711,0.67
1663,0.650288031,0.67
1664,0.649884934,0.67
1665,0.649481205,0.67
1666,0.649075709,0.67
1667,0.648669638,0.67
1668,0.648265773,0.67
1669,0.647861639,0.67
1670,0.647456335,0.67
1671,0.647051325,0.67
1672,0.646646169,0.655
1673,0.646241932,0.65
1674,0.645837903,0.65
1675,0.645433675,0.65
1676,0.645029688,0.65
1677,0.644625797,0.65
1678,0.644219296,0.65
1679,0.643810616,0.65
1680,0.643403137,0.65
1681,0.64299542,0.65
1682,0.64258828,0.65
1683,0.642179981,0.65
1684,0.641770666,0.65
1685,0.641363872,0.65
1686,0.640955553,0.65
1687,0.640546066,0.65
1688,0.640138305,0.65
1689,0.639732112,0.65
1690,0.639324832,0.65
1691,0.638915262,0.65
1692,0.638505511,0.65
1693,0.638097886,0.65
1694,0.637692584,0.65
1695,0.637285926,0.65
1696,0.636878715,0.65
1697,0.636470371,0.65
1698,0.6360605,0.65
1699,0.63565273,0.65
1700,0.635247085,0.65
1701,0.634842252,0.6425
1702,0.634427064,0.64
1703,0.63399526,0.64
1704,0.633667623,0.64
1705,0.633401445,0.64
1706,0.633124439,0.64
1707,0.632978041,0.64
1708,0.63295843,0.64
1709,0.632907936,0.64
1710,0.632704827,0.64
1711,0.632321633,0.64
1712,0.631847445,0.64
1713,0.631374246,0.64
1714,0.630909212,0.64
1715,0.630453075,0.64
1716,0.630014016,0.64
1717,0.629716151,0.64
1718,0.629741367,0.64
1719,0.629968031,0.64
1720,0.630137918,0.64
1721,0.630110369,0.64
1722,0.629894194,0.64
1723,0.629614574,0.64
1724,0.629308722,0.64
1725,0.629064147,0.64
1726,0.628912449,0.64
1727,0.628933331,0.64
1728,0.629135304,0.64
1729,0.629363631,0.64
1730,0.629592299,0.64
1731,0.629820844,0.64
1732,0.630049556,0.64
1733,0.630278659,0.64
1734,0.630435253,0.64
1735,0.630401403,0.64
1736,0.630286577,0.64
1737,0.630341045,0.64
1738,0.630548452,0.64
1739,0.630776305,0.64
1740,0.631003635,0.64
1741,0.631230241,0.64
1742,0.631454295,0.64
1743,0.631675497,0.64
1744,0.631893199,0.64
1745,0.632106925,0.64
1746,0.632311542,0.64
1747,0.632490477,0.64
1748,0.632629961,0.64
1749,0.632724701,0.64
1750,0.632743955,0.64
1751,0.632541522,0.64
1752,0.632062551,0.64
1753,0.631434873,0.64
1754,0.630763849,0.64
1755,0.630089473,0.64
1756,0.629418361,0.64
1757,0.628750947,0.64
1758,0.628082814,0.64
1759,0.6274164,0.64
1760,0.626751454,0.64
1761,0.626149134,0.64
1762,0.625674364,0.64
1763,0.625263785,0.64
1764,0.624852318,0.64
1765,0.624441671,0.64
1766,0.624029848,0.64
1767,0.623616473,0.64
1768,0.623204577,0.64
1769,0.622791822,0.64
1770,0.622379672,0.64
1771,0.621969507,0.64
1772,0.621558557,0.64
1773,0.621145937,0.63
1774,0.620732782,0.63
1775,0.62032047,0.63
1776,0.619908209,0.63
1777,0.619497414,0.63
1778,0.619087833,0.63
1779,0.618677265,0.63
1780,0.618265667,0.63
1781,0.617854617,0.63
1782,0.617532771,0.63
1783,0.617383666,0.63
1784,0.617334222,0.63
1785,0.617317325,0.63
1786,0.617370703,0.63
1787,0.617459646,0.63
1788,0.617496335,0.63
1789,0.617463826,0.63
1790,0.617340794,0.63
1791,0.617080108,0.63
1792,0.616709469,0.63
1793,0.616308446,0.63
1794,0.615904114,0.63
1795,0.615499567,0.63
1796,0.615092357,0.63
1797,0.614679364,0.63
1798,0.614265238,0.63
1799,0.613852334,0.63
1800,0.613438167,0.63
1801,0.613023841,0.63
1802,0.612611385,0.63
1803,0.6122,0.63
1804,0.611785084,0.63
1805,0.611367867,0.63
1806,0.610955422,0.63
1807,0.610543679,0.63
1808,0.610130136,0.63
1809,0.6097174,0.63
1810,0.609305545,0.6225
1811,0.608898086,0.62
1812,0.608480243,0.62
1813,0.608095706,0.62
1814,0.607897151,0.62
1815,0.607785013,0.62
1816,0.607568188,0.62
1817,0.607223307,0.62
1818,0.606682446,0.62
1819,0.606198174,0.62
1820,0.606014691,0.62
1821,0.605949929,0.62
1822,0.605901153,0.62
1823,0.60588506,0.62
1824,0.605874207,0.62
1825,0.605859924,0.62
1826,0.605899444,0.62
1827,0.605989256,0.62
1828,0.606051262,0.62
1829,0.606009159,0.62
1830,0.605813366,0.62
1831,0.605448311,0.62
1832,0.605018556,0.62
1833,0.6048165,0.62
1834,0.604805076,0.62
1835,0.604657983,0.62
1836,0.604292846,0.62
1837,0.603891508,0.62
1838,0.603707012,0.62
1839,0.60369532,0.62
1840,0.603663952,0.62
1841,0.603504917,0.62
1842,0.603235324,0.62
1843,0.602974759,0.62
1844,0.602689147,0.62
1845,0.602300233,0.62
1846,0.601897766,0.62
1847,0.601551477,0.62
1848,0.601165821,0.62
1849,0.600787785,0.62
1850,0.600363051,0.62
1851,0.59978419,0.62
1852,0.599169964,0.62
1853,0.598581265,0.62
1854,0.598054585,0.62
1855,0.59761679,0.62
1856,0.597221137,0.6
1857,0.596842386,0.6
1858,0.596502016,0.6
1859,0.596198026,0.6
1860,0.595970154,0.6
1861,0.595837447,0.6
1862,0.595683277,0.6
1863,0.595486474,0.6
1864,0.595305192,0.6
1865,0.595132603,0.6
1866,0.594954075,0.6
1867,0.594695674,0.6
1868,0.594407849,0.6
1869,0.594211695,0.6
1870,0.594104115,0.6
1871,0.594013534,0.6
1872,0.59381702,0.6
1873,0.59350904,0.6
1874,0.593233175,0.6
1875,0.592999163,0.6
1876,0.592689648,0.6
1877,0.592176929,0.6
1878,0.591525344,0.6
1879,0.590867189,0.6
1880,0.590204494,0.6
1881,0.589550336,0.6
1882,0.588903268,0.6
1883,0.588268734,0.6
1884,0.587680632,0.6
1885,0.587216031,0.6
1886,0.587093794,0.6
1887,0.587271055,0.6
1888,0.587490118,0.6
1889,0.587707468,0.6
1890,0.587919643,0.6
1891,0.588122684,0.6
1892,0.588298956,0.6
1893,0.588435293,0.6
1894,0.588543972,0.6
1895,0.58860229,0.6
1896,0.588602494,0.6
1897,0.588419586,0.6
1898,0.588042943,0.6
1899,0.58763727,0.6
1900,0.587229289,0.6
1901,0.586821704,0.6
1902,0.586520282,0.6
1903,0.586377815,0.6
1904,0.586309588,0.6
1905,0.586295142,0.6
1906,0.586372447,0.6
1907,0.586435611,0.6
1908,0.586421636,0.6
1909,0.586400631,0.6
1910,0.586353398,0.6
1911,0.586306616,0.6
1912,0.586298307,0.6
1913,0.58632095,0.6
1914,0.586358479,0.6
1915,0.586406813,0.6
1916,0.586496265,0.6
1917,0.586645763,0.6
1918,0.586848069,0.6
1919,0.58707059,0.6
1920,0.587293489,0.6
1921,0.587516518,0.6
1922,0.587739331,0.6
1923,0.587962114,0.6
1924,0.588185235,0.6
1925,0.58840827,0.6
1926,0.588630818,0.6
1927,0.588852914,0.6
1928,0.589075009,0.6
1929,0.589297464,0.6
1930,0.58952011,0.6
1931,0.589743311,0.6
1932,0.589964654,0.6
1933,0.59018251,0.6
1934,0.590398056,0.6
1935,0.590610581,0.6
1936,0.590815904,0.6
1937,0.590996872,0.6
1938,0.591131514,0.6
1939,0.591032977,0.6
1940,0.590545015,0.6
1941,0.589872463,0.6
1942,0.589198873,0.6
1943,0.588524636,0.6
1944,0.587852012,0.6
1945,0.587183249,0.6
1946,0.586515832,0.6
1947,0.585845567,0.6
1948,0.585176853,0.6
1949,0.58457504,0.6
1950,0.58410221,0.6
1951,0.583697257,0.6
1952,0.583290976,0.6
1953,0.582882081,0.5925
1954,0.58247388,0.59
1955,0.582065766,0.59
1956,0.581658162,0.59
1957,0.58125143,0.59
1958,0.580846221,0.59
1959,0.580442344,0.59
1960,0.580038848,0.59
1961,0.579633998,0.59
1962,0.579228165,0.59
1963,0.57902276,0.59
1964,0.57912015,0.59
1965,0.579209862,0.59
1966,0.579242278,0.59
1967,0.579316202,0.59
1968,0.57940632,0.59
1969,0.579560157,0.59
1970,0.579540039,0.59
1971,0.579220772,0.59
1972,0.578814148,0.59
1973,0.578409168,0.59
1974,0.578004017,0.59
1975,0.577599233,0.59
1976,0.577194669,0.59
1977,0.576789715,0.59
1978,0.576385115,0.59
1979,0.575981329,0.59
1980,0.575577462,0.59
1981,0.575172891,0.59
1982,0.574766043,0.59
1983,0.574361708,0.59
1984,0.573959679,0.59
1985,0.573558311,0.59
1986,0.573157766,0.59
1987,0.572755908,0.59
1988,0.572354675,0.59
1989,0.571955573,0.59
1990,0.571558378,0.59
1991,0.571160232,0.5825
1992,0.570760643,0.58
1993,0.570361462,0.58
1994,0.56996284,0.58
1995,0.56956394,0.58
1996,0.569165436,0.58
1997,0.568769115,0.58
1998,0.568372348,0.58
1999,0.567973403,0.58
2000,0.567575605,0.58
2001,0.567179499,0.58
2002,0.566780987,0.58
2003,0.566382536,0.58
2004,0.56598476,0.58
2005,0.565586813,0.58
2006,0.565190668,0.58
2007,0.564794391,0.58
2008,0.564396227,0.58
2009,0.563998172,0.58
2010,0.563601777,0.58
2011,0.563205711,0.58
2012,0.562810902,0.58
2013,0.562417099,0.58
2014,0.562022404,0.58
2015,0.561616996,0.58
2016,0.561494412,0.58
2017,0.561675788,0.58
2018,0.561849958,0.58
2019,0.561989504,0.58
2020,0.562051639,0.58
2021,0.561856902,0.58
2022,0.561348984,0.58
2023,0.560724175,0.58
2024,0.560102029,0.58
2025,0.559479094,0.58
2026,0.558856121,0.5725
2027,0.558232217,0.57
2028,0.557608927,0.57
2029,0.556988817,0.57
2030,0.556366719,0.57
2031,0.555799013,0.57
2032,0.55534569,0.57
2033,0.554950914,0.57
2034,0.554556674,0.57
2035,0.554162917,0.57
2036,0.553768311,0.57
2037,0.553374232,0.57
2038,0.552979687,0.57
2039,0.552584137,0.57
2040,0.552188633,0.57
2041,0.551793335,0.57
2042,0.551398263,0.57
2043,0.551002609,0.57
2044,0.550607346,0.57
2045,0.550213145,0.57
2046,0.549817582,0.57
2047,0.549421211,0.57
2048,0.549025926,0.57
2049,0.548630365,0.57
2050,0.548235208,0.57
2051,0.547841411,0.57
2052,0.547447735,0.5625
2053,0.547053497,0.56
2054,0.546661928,0.56
2055,0.546271793,0.56
2056,0.545878611,0.56
2057,0.545485055,0.56
2058,0.545092033,0.56
2059,0.544697913,0.56
2060,0.544303689,0.56
2061,0.543910031,0.56
2062,0.543516643,0.56
2063,0.543122993,0.56
2064,0.542730094,0.56
2065,0.542337926,0.56
2066,0.541945721,0.56
2067,0.541565864,0.56
2068,0.54118567,0.56
2069,0.540793348,0.56
2070,0.540402666,0.56
2071,0.540012492,0.56
2072,0.539620354,0.56
2073,0.539228067,0.56
2074,0.538836299,0.56
2075,0.538443596,0.56
2076,0.538050779,0.56
2077,0.537658225,0.56
2078,0.537266538,0.56
2079,0.536874933,0.56
2080,0.536483356,0.56
2081,0.53609244,0.54
2082,0.53570268,0.54
2083,0.53531268,0.54
2084,0.534911594,0.54
2085,0.534464522,0.54
2086,0.533983811,0.54
2087,0.533506838,0.54
2088,0.533042102,0.54
2089,0.532590202,0.54
2090,0.532147547,0.54
2091,0.531716902,0.54
2092,0.531299581,0.54
2093,0.53089358,0.54
2094,0.530497914,0.54
2095,0.530119284,0.54
2096,0.529750995,0.54
2097,0.529399508,0.54
2098,0.529328448,0.54
2099,0.529538543,0.54
2100,0.529765068,0.54
2101,0.52999168,0.54
2102,0.530182764,0.54
2103,0.530260834,0.54
2104,0.530256519,0.54
2105,0.530086625,0.54
2106,0.529716709,0.54
2107,0.529274237,0.54
2108,0.528799537,0.54
2109,0.528316887,0.54
2110,0.527831096,0.54
2111,0.52737072,0.54
2112,0.527152859,0.54
2113,0.527271027,0.54
2114,0.527497695,0.54
2115,0.527719687,0.54
2116,0.527940585,0.54
2117,0.528160274,0.54
2118,0.528379048,0.54
2119,0.528596431,0.54
2120,0.528792234,0.54
2121,0.528960679,0.54
2122,0.529132758,0.54
2123,0.529263844,0.54
2124,0.529302188,0.54
2125,0.529304886,0.54
2126,0.529312566,0.54
2127,0.529329289,0.54
2128,0.52936152,0.54
2129,0.529478619,0.54
2130,0.529669259,0.54
2131,0.52983997,0.54
2132,0.529984288,0.54
2133,0.530018661,0.54
2134,0.529850903,0.54
2135,0.529756767,0.54
2136,0.529697598,0.54
2137,0.529400166,0.54
2138,0.529008974,0.54
2139,0.528617695,0.54
2140,0.528225709,0.54
2141,0.527834611,0.54
2142,0.527444824,0.54
2143,0.52705534,0.54
2144,0.526729524,0.54
2145,0.526578422,0.54
2146,0.526550624,0.54
2147,0.526458383,0.54
2148,0.526189931,0.54
2149,0.525811022,0.54
2150,0.525420658,0.54
2151,0.525029665,0.54
2152,0.524638857,0.54
2153,0.524249449,0.5325
2154,0.523925323,0.53
2155,0.523710932,0.53
2156,0.52353335,0.53
2157,0.523320082,0.53
2158,0.523010075,0.53
2159,0.522625803,0.53
2160,0.522237401,0.53
2161,0.521859309,0.53
2162,0.521570215,0.53
2163,0.521306511,0.53
2164,0.520902105,0.53
2165,0.520377157,0.53
2166,0.51979417,0.53
2167,0.519186752,0.53
2168,0.518582949,0.53
2169,0.517994229,0.53
2170,0.517471478,0.53
2171,0.517302525,0.53
2172,0.517463711,0.53
2173,0.517665228,0.53
2174,0.517871636,0.53
2175,0.518061953,0.53
2176,0.518134198,0.53
2177,0.517819781,0.53
2178,0.517218056,0.53
2179,0.516611019,0.53
2180,0.516008601,0.53
2181,0.515410382,0.53
2182,0.5148776,0.53
2183,0.514451091,0.53
2184,0.514066276,0.53
2185,0.51367902,0.53
2186,0.513290828,0.53
2187,0.512904475,0.53
2188,0.512518565,0.5225
2189,0.512131706,0.52
2190,0.511745399,0.52
2191,0.511360298,0.52
2192,0.510974101,0.52
2193,0.510587258,0.52
2194,0.51019984,0.52
2195,0.509812059,0.52
2196,0.509425895,0.52
2197,0.509040186,0.52
2198,0.508653672,0.52
2199,0.508268434,0.52
2200,0.507882198,0.52
2201,0.507495667,0.52
2202,0.507127738,0.52
2203,0.506893887,0.52
2204,0.506663972,0.52
2205,0.506298899,0.52
2206,0.505913308,0.52
2207,0.505527868,0.52
2208,0.505141576,0.52
2209,0.504753827,0.52
2210,0.504365625,0.52
2211,0.503979054,0.52
2212,0.503593556,0.52
2213,0.503207114,0.52
2214,0.502820432,0.52
2215,0.502434851,0.52
2216,0.50204914,0.52
2217,0.501663956,0.51
2218,0.501279109,0.51
2219,0.500890112,0.51
2220,0.500497767,0.51
2221,0.500108738,0.51
2222,0.499722935,0.51
2223,0.499338112,0.51
2224,0.498952218,0.51
2225,0.498566673,0.51
2226,0.498179208,0.51
2227,0.497787274,0.51
2228,0.497396498,0.51
2229,0.497009836,0.51
2230,0.496624521,0.51
2231,0.496238677,0.51
2232,0.495852186,0.51
2233,0.495466228,0.51
2234,0.495081924,0.51
2235,0.494697295,0.51
2236,0.494312592,0.51
2237,0.493928286,0.51
2238,0.493544033,0.51
2239,0.493159471,0.51
2240,0.492775541,0.51
2241,0.492391962,0.51
2242,0.492007094,0.51
2243,0.491622556,0.51
2244,0.49123831,0.51
2245,0.49085209,0.51
2246,0.490459341,0.495
2247,0.490127111,0.49
2248,0.489796325,0.49
2249,0.489399337,0.49
2250,0.488998634,0.49
2251,0.488596105,0.49
2252,0.488284746,0.49
2253,0.488307909,0.49
2254,0.488553998,0.49
2255,0.488780042,0.49
2256,0.489006275,0.49
2257,0.489168927,0.49
2258,0.489113373,0.49
2259,0.488807658,0.49
2260,0.488413494,0.49
2261,0.488028357,0.49
2262,0.487650386,0.49
2263,0.487279585,0.49
2264,0.486913404,0.49
2265,0.486552753,0.49
2266,0.486197564,0.49
2267,0.485846058,0.49
2268,0.485497213,0.49
2269,0.485189534,0.49
2270,0.485188038,0.49
2271,0.485433943,0.49
2272,0.485660796,0.49
2273,0.485887705,0.49
2274,0.486114834,0.49
2275,0.486340077,0.49
2276,0.486562417,0.49
2277,0.486784493,0.49
2278,0.487006121,0.49
2279,0.487223933,0.49
2280,0.487435427,0.49
2281,0.487633528,0.49
2282,0.487797066,0.49
2283,0.487911956,0.49
2284,0.487959787,0.49
2285,0.48783501,0.49
2286,0.487436681,0.49
2287,0.486868036,0.49
2288,0.486274426,0.49
2289,0.485681844,0.49
2290,0.485087773,0.49
2291,0.484493169,0.49
2292,0.483896813,0.49
2293,0.483299271,0.49
2294,0.482705486,0.49
2295,0.48216274,0.49
2296,0.48172483,0.49
2297,0.481344244,0.49
2298,0.480963229,0.49
2299,0.480579997,0.49
2300,0.480195327,0.49
2301,0.479811057,0.49
2302,0.479427794,0.49
2303,0.479044946,0.49
2304,0.478661491,0.49
2305,0.47827793,0.4825
2306,0.4778946,0.48
2307,0.477511127,0.48
2308,0.477128445,0.48
2309,0.476745251,0.48
2310,0.476361484,0.48
2311,0.47597725,0.48
2312,0.475594744,0.48
2313,0.475213891,0.48
2314,0.474898181,0.48
2315,0.474765572,0.48
2316,0.474710015,0.48
2317,0.474600368,0.48
2318,0.47448933,0.48
2319,0.474410529,0.48
2320,0.474328034,0.48
2321,0.474226298,0.48
2322,0.474146652,0.48
2323,0.474099024,0.48
2324,0.474080341,0.48
2325,0.474080658,0.48
2326,0.474044301,0.48
2327,0.473831653,0.48
2328,0.473520142,0.48
2329,0.473271931,0.48
2330,0.472984466,0.48
2331,0.472622433,0.48
2332,0.47224902,0.48
2333,0.471877853,0.48
2334,0.471506472,0.48
2335,0.471128093,0.48
2336,0.470744685,0.48
2337,0.470361635,0.48
2338,0.469995938,0.48
2339,0.469633611,0.48
2340,0.469257288,0.48
2341,0.468875442,0.48
2342,0.468494686,0.48
2343,0.468128413,0.48
2344,0.467838667,0.48
2345,0.467641778,0.48
2346,0.467494983,0.4725
2347,0.467402709,0.47
2348,0.467297046,0.47
2349,0.467148669,0.47
2350,0.466991346,0.47
2351,0.466814415,0.47
2352,0.466592259,0.47
2353,0.466400643,0.47
2354,0.466311828,0.47
2355,0.466221301,0.47
2356,0.466107734,0.47
2357,0.465932381,0.47
2358,0.46566135,0.47
2359,0.46526652,0.47
2360,0.464796244,0.47
2361,0.464448549,0.47
2362,0.464275792,0.47
2363,0.464192413,0.47
2364,0.464133941,0.47
2365,0.464078127,0.47
2366,0.464014173,0.47
2367,0.463959132,0.47
2368,0.463912828,0.47
2369,0.463875817,0.47
2370,0.463863183,0.47
2371,0.463901857,0.47
2372,0.463967726,0.47
2373,0.464001481,0.47
2374,0.463975949,0.47
2375,0.463893303,0.47
2376,0.463701677,0.47
2377,0.463402158,0.47
2378,0.463160976,0.47
2379,0.463069762,0.47
2380,0.463040609,0.47
2381,0.462943783,0.47
2382,0.462666898,0.47
2383,0.462286577,0.47
2384,0.462053625,0.47
2385,0.461995217,0.47
2386,0.461961187,0.47
2387,0.461769252,0.47
2388,0.46143009,0.47
2389,0.461175892,0.47
2390,0.461007503,0.47
2391,0.460783244,0.47
2392,0.460548175,0.47
2393,0.460322908,0.47
2394,0.460044043,0.47
2395,0.459711996,0.47
2396,0.459370024,0.47
2397,0.459082233,0.47
2398,0.458828596,0.47
2399,0.458445404,0.47
2400,0.45804425,0.47
2401,0.457785256,0.47
2402,0.457549247,0.47
2403,0.457307846,0.47
2404,0.457089644,0.47
2405,0.456929276,0.47
2406,0.456802979,0.46
2407,0.456660337,0.46
2408,0.456533968,0.46
2409,0.456442773,0.46
2410,0.456343534,0.46
2411,0.456203898,0.46
2412,0.455978568,0.46
2413,0.455715231,0.46
2414,0.455511281,0.46
2415,0.455349118,0.46
2416,0.455195672,0.46
2417,0.455104044,0.46
2418,0.455055725,0.46
2419,0.454949469,0.46
2420,0.454805898,0.46
2421,0.454677689,0.46
2422,0.454564155,0.46
2423,0.454503312,0.46
2424,0.454485498,0.46
2425,0.45444619,0.46
2426,0.454354504,0.46
2427,0.454230232,0.46
2428,0.454060497,0.46
2429,0.453831119,0.46
2430,0.453657561,0.46
2431,0.453586559,0.46
2432,0.453537999,0.46
2433,0.453479454,0.46
2434,0.453433738,0.46
2435,0.453387717,0.46
2436,0.453327939,0.46
2437,0.453284557,0.46
2438,0.453265603,0.46
2439,0.453253244,0.46
2440,0.453243474,0.46
2441,0.453243758,0.46
2442,0.453275729,0.46
2443,0.453368731,0.46
2444,0.453468741,0.46
2445,0.453548592,0.46
2446,0.453656366,0.46
2447,0.453770444,0.46
2448,0.453857616,0.46
2449,0.453890291,0.46
2450,0.453813113,0.46
2451,0.453537606,0.46
2452,0.453079759,0.46
2453,0.452559555,0.46
2454,0.452163461,0.46
2455,0.451937903,0.46
2456,0.451844843,0.46
2457,0.451868122,0.46
2458,0.451889095,0.46
2459,0.451949809,0.46
2460,0.452035802,0.46
2461,0.452058255,0.46
2462,0.452055827,0.46
2463,0.452124838,0.46
2464,0.45224047,0.46
2465,0.452276202,0.46
2466,0.452241927,0.46
2467,0.45225557,0.46
2468,0.45234759,0.46
2469,0.452446172,0.46
2470,0.452582112,0.46
2471,0.452754801,0.46
2472,0.452931104,0.46
2473,0.453104941,0.46
2474,0.453270088,0.46
2475,0.453465867,0.46
2476,0.453685046,0.46
2477,0.453903951,0.46
2478,0.454123389,0.46
2479,0.454342796,0.46
2480,0.454561682,0.46
2481,0.454780053,0.46
2482,0.454997937,0.46
2483,0.455215694,0.46
2484,0.45543373,0.46
2485,0.455652079,0.46
2486,0.45587147,0.46
2487,0.456090994,0.46
2488,0.456310281,0.46
2489,0.456527948,0.4675
2490,0.456740977,0.47
2491,0.456946725,0.47
2492,0.457137747,0.47
2493,0.45730563,0.47
2494,0.45742972,0.47
2495,0.457281306,0.47
2496,0.456786486,0.47
2497,0.456184917,0.47
2498,0.455587048,0.4625
2499,0.454992274,0.46
2500,0.454394353,0.46
2501,0.453793861,0.46
2502,0.453193524,0.46
2503,0.452596344,0.46
2504,0.452000033,0.46
2505,0.451478653,0.46
2506,0.451062821,0.46
2507,0.450675805,0.46
2508,0.450288117,0.46
2509,0.449901342,0.46
2510,0.449514884,0.46
2511,0.449127998,0.46
2512,0.448740189,0.46
2513,0.448351764,0.46
2514,0.44796404,0.46
2515,0.447577388,0.46
2516,0.447192405,0.46
2517,0.446806742,0.46
2518,0.446419739,0.46
2519,0.446264362,0.46
2520,0.446411642,0.46
2521,0.446629322,0.46
2522,0.446830523,0.46
2523,0.446923848,0.46
2524,0.446920523,0.46
2525,0.446899571,0.46
2526,0.44682471,0.46
2527,0.446572864,0.46
2528,0.446184301,0.46
2529,0.445797225,0.46
2530,0.445410739,0.46
2531,0.445023975,0.46
2532,0.444638761,0.46
2533,0.444253539,0.46
2534,0.443868282,0.45
2535,0.443485069,0.45
2536,0.443101947,0.45
2537,0.442718824,0.45
2538,0.442335146,0.45
2539,0.441952608,0.45
2540,0.4415708,0.45
2541,0.441186521,0.45
2542,0.440802034,0.45
2543,0.440419008,0.45
2544,0.440035901,0.45
2545,0.439652725,0.45
2546,0.439269961,0.45
2547,0.438887934,0.45
2548,0.438504842,0.45
2549,0.438120842,0.45
2550,0.437737257,0.45
2551,0.437354531,0.45
2552,0.436971367,0.45
2553,0.436586964,0.45
2554,0.436203059,0.45
2555,0.435819722,0.45
2556,0.435435877,0.45
2557,0.435053301,0.45
2558,0.434673622,0.45
2559,0.434292393,0.45
2560,0.43391024,0.45
2561,0.433528499,0.45
2562,0.433148779,0.45
2563,0.432769016,0.43
2564,0.432386672,0.43
2565,0.432004945,0.43
2566,0.431622548,0.43
2567,0.431219643,0.43
2568,0.431043081,0.43
2569,0.431027714,0.43
2570,0.430735974,0.43
2571,0.430368628,0.43
2572,0.430297889,0.43
2573,0.430449559,0.43
2574,0.430631939,0.43
2575,0.430788425,0.43
2576,0.430920563,0.43
2577,0.431023808,0.43
2578,0.431014532,0.43
2579,0.430745994,0.43
2580,0.430232832,0.43
2581,0.429641781,0.43
2582,0.429050834,0.43
2583,0.428460844,0.43
2584,0.427871784,0.43
2585,0.427285269,0.43
2586,0.426783171,0.43
2587,0.426534761,0.43
2588,0.426478146,0.43
2589,0.426274882,0.43
2590,0.425827954,0.43
2591,0.425268044,0.43
2592,0.424678109,0.43
2593,0.42413883,0.43
2594,0.423700857,0.43
2595,0.423318085,0.43
2596,0.422936187,0.43
2597,0.422553647,0.43
2598,0.42217104,0.43
2599,0.421788714,0.43
2600,0.42140612,0.43
2601,0.421023349,0.42
2602,0.420639257,0.42
2603,0.420257736,0.42
2604,0.419877127,0.42
2605,0.419494808,0.42
2606,0.419113649,0.42
2607,0.41873089,0.42
2608,0.418345834,0.42
2609,0.417961856,0.42
2610,0.417579608,0.42
2611,0.417198746,0.42
2612,0.41681576,0.42
2613,0.416431636,0.42
2614,0.416048103,0.42
2615,0.41566375,0.42
2616,0.415281072,0.42
2617,0.414900382,0.42
2618,0.414519702,0.42
2619,0.414137504,0.42
2620,0.413756249,0.42
2621,0.413375299,0.42
2622,0.412991291,0.42
2623,0.412606032,0.42
2624,0.412222661,0.42
2625,0.411841866,0.42
2626,0.411453251,0.42
2627,0.411063332,0.42
2628,0.410679601,0.42
2629,0.410295923,0.4125
2630,0.409914568,0.41
2631,0.409534094,0.41
2632,0.409151161,0.41
2633,0.408767308,0.41
2634,0.408384774,0.41
2635,0.408002588,0.41
2636,0.407619976,0.41
2637,0.407237348,0.41
2638,0.40685558,0.41
2639,0.406473315,0.41
2640,0.406090074,0.41
2641,0.405707593,0.41
2642,0.405326179,0.41
2643,0.404942899,0.41
2644,0.404559872,0.41
2645,0.404178631,0.41
2646,0.403795294,0.41
2647,0.403412083,0.41
2648,0.403029448,0.41
2649,0.402647138,0.41
2650,0.402265811,0.41
2651,0.4018828,0.41
2652,0.401502898,0.41
2653,0.401121968,0.41
2654,0.400740656,0.41
2655,0.400371516,0.41
2656,0.400015115,0.41
2657,0.399802446,0.41
2658,0.399862869,0.41
2659,0.400038823,0.41
2660,0.400129011,0.41
2661,0.400101452,0.41
2662,0.400027847,0.41
2663,0.400059503,0.41
2664,0.400122565,0.41
2665,0.400049631,0.41
2666,0.399785393,0.41
2667,0.399364922,0.4025
2668,0.398909572,0.4
2669,0.398446831,0.4
2670,0.398128769,0.4
2671,0.398166894,0.4
2672,0.398355462,0.4
2673,0.398452907,0.4
2674,0.39852866,0.4
2675,0.39862975,0.4
2676,0.398748308,0.4
2677,0.398860589,0.4
2678,0.398940806,0.4
2679,0.39897509,0.4
2680,0.398981555,0.4
2681,0.399069748,0.4
2682,0.399245278,0.4
2683,0.399403136,0.4
2684,0.399473349,0.41
2685,0.399470619,0.41
2686,0.399459752,0.41
2687,0.399516538,0.41
2688,0.399680413,0.41
2689,0.399880091,0.41
2690,0.400069163,0.41
2691,0.400236446,0.41
2692,0.400311951,0.41
2693,0.400227498,0.41
2694,0.400121366,0.41
2695,0.399831813,0.41
2696,0.3992686,0.41
2697,0.398672984,0.4025
2698,0.398078791,0.4
2699,0.39748676,0.4
2700,0.396890019,0.4
2701,0.39629147,0.4
2702,0.395695951,0.4
2703,0.395101018,0.4
2704,0.394702314,0.4
2705,0.394573179,0.4
2706,0.394498107,0.4
2707,0.394373374,0.4
2708,0.394136035,0.4
2709,0.393780504,0.4
2710,0.393420647,0.4
2711,0.393180467,0.4
2712,0.393081108,0.4
2713,0.393003828,0.4
2714,0.392798743,0.4
2715,0.392347934,0.4
2716,0.391747672,0.4
2717,0.391217086,0.4
2718,0.390793685,0.4
2719,0.390409981,0.4
2720,0.390028087,0.4
2721,0.389645998,0.4
2722,0.389262717,0.4
2723,0.388878426,0.4
2724,0.388495349,0.4
2725,0.388112469,0.4
2726,0.387729304,0.4
2727,0.387382234,0.39
2728,0.387196969,0.39
2729,0.387263214,0.39
2730,0.387461918,0.39
2731,0.387662367,0.39
2732,0.387706445,0.4
2733,0.387459047,0.39
2734,0.38707394,0.39
2735,0.386690629,0.39
2736,0.386307314,0.39
2737,0.38592413,0.39
2738,0.385540544,0.39
2739,0.385158599,0.39
2740,0.384776359,0.39
2741,0.384391875,0.39
2742,0.384007933,0.39
2743,0.383623497,0.39
2744,0.383239262,0.39
2745,0.382857528,0.39
2746,0.382477016,0.39
2747,0.382095202,0.39
2748,0.381712078,0.39
2749,0.38132904,0.39
2750,0.38094589,0.39
2751,0.380562989,0.39
2752,0.380180546,0.39
2753,0.37979666,0.39
2754,0.379411719,0.39
2755,0.379028513,0.39
2756,0.378645057,0.39
2757,0.378261601,0.39
2758,0.377878365,0.39
2759,0.377494175,0.39
2760,0.3771108,0.39
2761,0.376728021,0.39
2762,0.37634533,0.37
2763,0.375963074,0.37
2764,0.375579185,0.37
2765,0.375194657,0.37
2766,0.37481173,0.37
2767,0.37442818,0.37
2768,0.374043066,0.37
2769,0.373657628,0.37
2770,0.3732729,0.37
2771,0.372889759,0.37
2772,0.372505407,0.37
2773,0.37211924,0.37
2774,0.371734203,0.37
2775,0.371347779,0.37
2776,0.370962015,0.37
2777,0.370577233,0.37
2778,0.370195498,0.37
2779,0.369818534,0.37
2780,0.369441758,0.37
2781,0.369066076,0.37
2782,0.368683786,0.37
2783,0.368294542,0.37
2784,0.367903047,0.37
2785,0.367513667,0.37
2786,0.367129067,0.37
2787,0.366745639,0.37
2788,0.366360994,0.37
2789,0.365975481,0.37
2790,0.365592203,0.37
2791,0.36520896,0.36
2792,0.364825898,0.36
2793,0.364443328,0.36
2794,0.364060085,0.36
2795,0.363676304,0.36
2796,0.363291471,0.36
2797,0.362907961,0.36
2798,0.362524119,0.36
2799,0.362138327,0.36
2800,0.36175275,0.36
2801,0.361369188,0.36
2802,0.360985943,0.36
2803,0.360600383,0.36
2804,0.360218472,0.36
2805,0.359833454,0.36
2806,0.359442879,0.36
2807,0.359055595,0.36
2808,0.358671232,0.36
2809,0.358352223,0.36
2810,0.358356562,0.36
2811,0.358598848,0.36
2812,0.358820251,0.36
2813,0.359041481,0.36
2814,0.359257971,0.36
2815,0.359317332,0.36
2816,0.359073405,0.36
2817,0.358681166,0.36
2818,0.358296744,0.36
2819,0.357921048,0.36
2820,0.357549503,0.36
2821,0.35718144,0.36
2822,0.35682157,0.36
2823,0.356467882,0.36
2824,0.356117104,0.36
2825,0.35577228,0.36
2826,0.355432027,0.36
2827,0.355107188,0.36
2828,0.355070261,0.36
2829,0.355297185,0.36
2830,0.355514952,0.36
2831,0.355734461,0.36
2832,0.355954495,0.36
2833,0.356173896,0.36
2834,0.356392813,0.36
2835,0.35660951,0.36
2836,0.356820036,0.36
2837,0.357022351,0.36
2838,0.357211068,0.36
2839,0.357367008,0.36
2840,0.357481046,0.36
2841,0.357543128,0.36
2842,0.357425734,0.36
2843,0.357007108,0.36
2844,0.356417416,0.36
2845,0.355813613,0.36
2846,0.355211767,0.36
2847,0.354609244,0.36
2848,0.354005254,0.36
2849,0.353398987,0.36
2850,0.352791223,0.3525
2851,0.352183926,0.35
2852,0.351657582,0.35
2853,0.351242611,0.35
2854,0.350855487,0.35
2855,0.350467742,0.35
2856,0.350083071,0.35
2857,0.34969584,0.35
2858,0.349304864,0.35
2859,0.348917485,0.35
2860,0.348533249,0.35
2861,0.348149044,0.35
2862,0.347763919,0.35
2863,0.347378125,0.35
2864,0.346993004,0.35
2865,0.346608307,0.35
2866,0.346225092,0.35
2867,0.345841849,0.35
2868,0.345458101,0.35
2869,0.345072182,0.35
2870,0.34468636,0.35
2871,0.344300917,0.35
2872,0.343915002,0.35
2873,0.343563644,0.35
2874,0.343364784,0.35
2875,0.343301225,0.35
2876,0.343269519,0.35
2877,0.343255943,0.35
2878,0.343249285,0.35
2879,0.343260084,0.35
2880,0.343272202,0.35
2881,0.343267557,0.35
2882,0.343116401,0.35
2883,0.342783196,0.35
2884,0.342408411,0.35
2885,0.342029792,0.35
2886,0.341650414,0.3425
2887,0.341269608,0.34
2888,0.340883782,0.34
2889,0.340497411,0.34
2890,0.340111654,0.34
2891,0.339724873,0.34
2892,0.339337557,0.34
2893,0.338951967,0.34
2894,0.338566516,0.34
2895,0.33818122,0.34
2896,0.337797379,0.34
2897,0.337412597,0.34
2898,0.337028158,0.34
2899,0.336645257,0.34
2900,0.336278219,0.34
2901,0.336099785,0.34
2902,0.336102484,0.34
2903,0.33595447,0.34
2904,0.335532095,0.34
2905,0.335161791,0.34
2906,0.335025212,0.34
2907,0.33503099,0.34
2908,0.335077348,0.34
2909,0.335072547,0.34
2910,0.334922978,0.34
2911,0.334659362,0.34
2912,0.334363075,0.34
2913,0.333922448,0.34
2914,0.333465103,0.34
2915,0.333192896,0.34
2916,0.333070618,0.34
2917,0.332968864,0.34
2918,0.332832183,0.34
2919,0.332747056,0.34
2920,0.332756597,0.34
2921,0.332790041,0.34
2922,0.332846613,0.34
2923,0.332936979,0.34
2924,0.332995799,0.34
2925,0.332996561,0.34
2926,0.332916557,0.34
2927,0.332662644,0.34
2928,0.332277504,0.34
2929,0.331834667,0.34
2930,0.331499331,0.34
2931,0.331238785,0.34
2932,0.330873163,0.32
2933,0.330611395,0.32
2934,0.330510106,0.32
2935,0.330304155,0.32
2936,0.32985943,0.32
2937,0.329410151,0.32
2938,0.329063184,0.32
2939,0.328767697,0.32
2940,0.328467862,0.32
2941,0.328178081,0.32
2942,0.327933551,0.32
2943,0.327563509,0.32
2944,0.327256436,0.32
2945,0.326965032,0.32
2946,0.326583336,0.32
2947,0.326285694,0.32
2948,0.326036886,0.32
2949,0.325769959,0.32
2950,0.325487714,0.32
2951,0.325207095,0.32
2952,0.324924805,0.32
2953,0.324747367,0.32
2954,0.32460451,0.32
2955,0.324358286,0.32
2956,0.324014675,0.32
2957,0.323618495,0.32
2958,0.323277496,0.32
2959,0.323054728,0.32
2960,0.32287203,0.32
2961,0.322674467,0.32
2962,0.322467209,0.32
2963,0.322306398,0.32
2964,0.322192766,0.32
2965,0.321968991,0.32
2966,0.321517475,0.32
2967,0.320929139,0.32
2968,0.320308104,0.32
2969,0.319761444,0.32
2970,0.319451236,0.3125
2971,0.319323872,0.31
2972,0.319266229,0.31
2973,0.319245589,0.31
2974,0.319232135,0.31
2975,0.319218721,0.31
2976,0.319205734,0.31
2977,0.319306203,0.31
2978,0.319513204,0.31
2979,0.319715438,0.31
2980,0.319913899,0.32
2981,0.320102584,0.32
2982,0.320268393,0.32
2983,0.320407054,0.32
2984,0.320468146,0.32
2985,0.320374078,0.32
2986,0.319965361,0.32
2987,0.319332302,0.32
2988,0.31869919,0.31
2989,0.318064577,0.31
2990,0.317437468,0.31
2991,0.316838298,0.31
2992,0.31628276,0.31
2993,0.315771011,0.31
2994,0.315291633,0.31
2995,0.314843974,0.31
2996,0.314542856,0.31
2997,0.314480038,0.31
2998,0.314567852,0.31
2999,0.314724693,0.31
3000,0.314926613,0.31
3001,0.315144569,0.31
3002,0.315363081,0.31
3003,0.315581803,0.31
3004,0.315800499,0.31
3005,0.316019294,0.31
3006,0.316238438,0.31
3007,0.316457783,0.31
3008,0.316677067,0.31
3009,0.316896375,0.31
3010,0.317115913,0.31
3011,0.31733618,0.31
3012,0.317556526,0.31
3013,0.317776476,0.31
3014,0.31799461,0.31
3015,0.318209964,0.31
3016,0.318412941,0.32
3017,0.318611321,0.32
3018,0.318813053,0.32
3019,0.319006649,0.32
3020,0.319177444,0.32
3021,0.319316486,0.32
3022,0.319337394,0.32
3023,0.319096801,0.32
3024,0.318700045,0.32
3025,0.318305546,0.32
3026,0.317911273,0.32
3027,0.317514177,0.31
3028,0.317118117,0.31
3029,0.316723414,0.31
3030,0.316328237,0.31
3031,0.31593217,0.31
3032,0.315535684,0.31
3033,0.315141692,0.31
3034,0.314749375,0.31
3035,0.314354419,0.31
3036,0.313956094,0.31
3037,0.313557344,0.31
3038,0.313158211,0.31
3039,0.312760788,0.31
3040,0.312362986,0.31
3041,0.311965044,0.31
3042,0.31157017,0.31
3043,0.311175351,0.31
3044,0.310778803,0.31
3045,0.310383028,0.31
3046,0.309977216,0.31
3047,0.309513666,0.31
3048,0.309188263,0.31
3049,0.309218241,0.31
3050,0.309424132,0.31
3051,0.309632942,0.31
3052,0.30983754,0.31
3053,0.309952538,0.31
3054,0.30992167,0.31
3055,0.309913181,0.31
3056,0.309946678,0.31
3057,0.309841048,0.31
3058,0.3095593,0.31
3059,0.309211085,0.31
3060,0.308713215,0.31
3061,0.308060602,0.31
3062,0.307414377,0.31
3063,0.306769561,0.31
3064,0.306123047,0.31
3065,0.305475716,0.3
3066,0.304829972,0.3
3067,0.304176692,0.3
3068,0.303516436,0.3
3069,0.3029406,0.3
3070,0.302493732,0.3
3071,0.302092123,0.3
3072,0.301690382,0.3
3073,0.301289565,0.3
3074,0.30088883,0.3
3075,0.300488357,0.3
3076,0.300087594,0.3
3077,0.299688448,0.3
3078,0.299290461,0.3
3079,0.298891505,0.3
3080,0.298492386,0.3
3081,0.298093472,0.3
3082,0.297694667,0.3
3083,0.297295161,0.3
3084,0.296895534,0.3
3085,0.296495163,0.3
3086,0.29609603,0.3
3087,0.295697201,0.3
3088,0.295298372,0.3
3089,0.294898263,0.3
3090,0.294498892,0.3
3091,0.294099521,0.3
3092,0.293697727,0.29
3093,0.293294895,0.29
3094,0.292892988,0.29
3095,0.292490739,0.29
3096,0.292089206,0.29
3097,0.291689146,0.29
3098,0.291289304,0.29
3099,0.290889911,0.29
3100,0.290492188,0.29
3101,0.290353704,0.29
3102,0.290392408,0.29
3103,0.290354019,0.29
3104,0.290429517,0.29
3105,0.290603093,0.29
3106,0.290755281,0.29
3107,0.290887616,0.29
3108,0.290950876,0.29
3109,0.290775404,0.29
3110,0.290401709,0.29
3111,0.290002932,0.29
3112,0.289600815,0.29
3113,0.289201301,0.29
3114,0.288799734,0.29
3115,0.28839576,0.29
3116,0.287992899,0.29
3117,0.287589831,0.29
3118,0.287186285,0.29
3119,0.286786117,0.29
3120,0.28638794,0.29
3121,0.285989786,0.29
3122,0.285591193,0.29
3123,0.285191314,0.29
3124,0.284790242,0.29
3125,0.284386037,0.29
3126,0.283979464,0.29
3127,0.283574137,0.29
3128,0.283169053,0.29
3129,0.282762992,0.29
3130,0.282356492,0.29
3131,0.281950015,0.28
3132,0.281542075,0.28
3133,0.281133463,0.28
3134,0.280726209,0.28
3135,0.280321312,0.28
3136,0.279917197,0.28
3137,0.279511794,0.28
3138,0.279105507,0.28
3139,0.278698162,0.28
3140,0.278291762,0.28
3141,0.277887965,0.28
3142,0.277484121,0.28
3143,0.277077916,0.28
3144,0.276670899,0.28
3145,0.2762654,0.28
3146,0.27586194,0.28
3147,0.275458421,0.28
3148,0.275054714,0.28
3149,0.274651066,0.28
3150,0.274245095,0.28
3151,0.273836026,0.28
3152,0.273426145,0.28
3153,0.273016779,0.28
3154,0.272606885,0.28
3155,0.272194229,0.28
3156,0.27178245,0.28
3157,0.271373678,0.28
3158,0.270967599,0.28
3159,0.270560397,0.28
3160,0.270149439,0.26
3161,0.26974011,0.26
3162,0.269331141,0.26
3163,0.26892383,0.26
3164,0.26851485,0.26
3165,0.268104891,0.26
3166,0.267696075,0.26
3167,0.267283674,0.26
3168,0.266873246,0.26
3169,0.266466754,0.26
3170,0.266058565,0.26
3171,0.265649783,0.26
3172,0.265241599,0.26
3173,0.264832081,0.26
3174,0.264421213,0.26
3175,0.264009554,0.26
3176,0.263596379,0.26
3177,0.263183389,0.26
3178,0.262772373,0.26
3179,0.262361374,0.26
3180,0.261948713,0.26
3181,0.26153558,0.26
3182,0.261123568,0.26
3183,0.260716024,0.26
3184,0.260306462,0.26
3185,0.25990318,0.26
3186,0.259516601,0.26
3187,0.259140649,0.26
3188,0.258776058,0.26
3189,0.258415343,0.25
3190,0.258056059,0.25
3191,0.257701484,0.25
3192,0.257348188,0.25
3193,0.256995159,0.25
3194,0.25664267,0.25
3195,0.256403071,0.25
3196,0.256453414,0.25
3197,0.256648252,0.25
3198,0.256549206,0.25
3199,0.256118757,0.25
3200,0.255618897,0.25
3201,0.255118171,0.25
3202,0.254613215,0.25
3203,0.254101589,0.25
3204,0.253831251,0.25
3205,0.253926268,0.25
3206,0.25413931,0.25
3207,0.254349724,0.25
3208,0.254559478,0.25
3209,0.254768313,0.25
3210,0.254976712,0.25
3211,0.255183746,0.25
3212,0.255339372,0.25
3213,0.255400675,0.25
3214,0.255477743,0.25
3215,0.255646962,0.25
3216,0.255848285,0.25
3217,0.256046959,0.25
3218,0.256240219,0.25
3219,0.256422189,0.25
3220,0.256582676,0.25
3221,0.256708577,0.25
3222,0.256793734,0.25
3223,0.256828743,0.25
3224,0.25669682,0.25
3225,0.256202394,0.25
3226,0.255458879,0.25
3227,0.254698065,0.25
3228,0.253935598,0.25
3229,0.253147843,0.25
3230,0.252359138,0.25
3231,0.251582166,0.25
3232,0.250928081,0.25
3233,0.250457579,0.25
3234,0.2500423,0.25
3235,0.249627488,0.25
3236,0.249211574,0.25
3237,0.248794827,0.25
3238,0.248381255,0.25
3239,0.248048784,0.25
3240,0.247923461,0.25
3241,0.247915009,0.25
3242,0.247842608,0.25
3243,0.247637809,0.25
3244,0.247287618,0.25
3245,0.246870798,0.25
3246,0.246452675,0.25
3247,0.246035214,0.25
3248,0.245619956,0.25
3249,0.245207474,0.25
3250,0.244795609,0.25
3251,0.244381047,0.24
3252,0.24396324,0.24
3253,0.243545025,0.24
3254,0.243127827,0.24
3255,0.242710854,0.24
3256,0.242294179,0.24
3257,0.241878038,0.24
3258,0.241462822,0.24
3259,0.241048115,0.24
3260,0.240632672,0.24
3261,0.240214768,0.24
3262,0.239796825,0.24
3263,0.239382236,0.24
3264,0.238967999,0.24
3265,0.238552945,0.24
3266,0.238138696,0.24
3267,0.237722742,0.24
3268,0.237304471,0.24
3269,0.236887162,0.24
3270,0.236472179,0.24
3271,0.236057354,0.24
3272,0.235642081,0.24
3273,0.235226374,0.24
3274,0.23481166,0.24
3275,0.234397986,0.24
3276,0.233984932,0.24
3277,0.23357,0.24
3278,0.233153407,0.24
3279,0.232738312,0.24
3280,0.232324442,0.23
3281,0.231910214,0.23
3282,0.23149529,0.23
3283,0.231082156,0.23
3284,0.230669403,0.23
3285,0.230256299,0.23
3286,0.229842589,0.23
3287,0.229430383,0.23
3288,0.229018141,0.23
3289,0.228605453,0.23
3290,0.228194179,0.23
3291,0.227782036,0.23
3292,0.227367595,0.23
3293,0.226952703,0.23
3294,0.226537464,0.23
3295,0.226121445,0.23
3296,0.22570658,0.23
3297,0.225291792,0.23
3298,0.224876551,0.23
3299,0.22446166,0.23
3300,0.224048113,0.23
3301,0.2236363,0.23
3302,0.22322521,0.23
3303,0.222812706,0.23
3304,0.222399564,0.23
3305,0.221988167,0.23
3306,0.22157734,0.23
3307,0.221166215,0.23
3308,0.220753791,0.23
3309,0.220337491,0.21
3310,0.219924302,0.21
3311,0.219514177,0.21
3312,0.21910195,0.21
3313,0.218689064,0.21
3314,0.218275233,0.21
3315,0.217864017,0.21
3316,0.217454185,0.21
3317,0.217041782,0.21
3318,0.216781987,0.21
3319,0.216834884,0.21
3320,0.217040902,0.21
3321,0.217237757,0.21
3322,0.217361968,0.21
3323,0.217073672,0.21
3324,0.216372371,0.21
3325,0.215599163,0.21
3326,0.214827652,0.21
3327,0.214109294,0.21
3328,0.213475493,0.21
3329,0.212889953,0.21
3330,0.212336642,0.21
3331,0.211814968,0.21
3332,0.211317196,0.21
3333,0.210854882,0.21
3334,0.210433602,0.21
3335,0.210148004,0.21
3336,0.21017799,0.21
3337,0.210397641,0.21
3338,0.210608355,0.21
3339,0.210787949,0.21
3340,0.210969812,0.21
3341,0.211182621,0.21
3342,0.211395378,0.21
3343,0.211608523,0.21
3344,0.211821776,0.21
3345,0.212035334,0.21
3346,0.212248839,0.21
3347,0.212462893,0.21
3348,0.212677362,0.21
3349,0.21289226,0.21
3350,0.213107295,0.21
3351,0.213322732,0.21
3352,0.213538454,0.21
3353,0.213753702,0.21
3354,0.213968705,0.21
3355,0.214183295,0.21
3356,0.214398045,0.21
3357,0.21458409,0.21
3358,0.214663131,0.21
3359,0.214756239,0.21
3360,0.214955972,0.21
3361,0.215169125,0.21
3362,0.21529867,0.21
3363,0.215113766,0.21
3364,0.214705545,0.21
3365,0.2143466,0.21
3366,0.214097478,0.21
3367,0.214073168,0.21
3368,0.214138539,0.21
3369,0.214099954,0.21
3370,0.213979269,0.21
3371,0.21385334,0.21
3372,0.213863657,0.21
3373,0.214024513,0.21
3374,0.214237961,0.21
3375,0.214450907,0.21
3376,0.214624054,0.21
3377,0.214703904,0.21
3378,0.214712373,0.21
3379,0.214699257,0.21
3380,0.214681665,0.21
3381,0.214671697,0.21
3382,0.214628882,0.21
3383,0.214631796,0.21
3384,0.214727953,0.21
3385,0.214740151,0.21
3386,0.214808216,0.21
3387,0.215020149,0.21
3388,0.215227584,0.21
3389,0.21543076,0.21
3390,0.215630144,0.21
3391,0.215755081,0.21
3392,0.215877402,0.21
3393,0.216028615,0.21
3394,0.216028646,0.21
3395,0.215906083,0.21
3396,0.215558012,0.21
3397,0.214894916,0.21
3398,0.214267683,0.21
3399,0.214024728,0.21
3400,0.214056231,0.21
3401,0.214126636,0.21
3402,0.214173936,0.21
3403,0.214165083,0.21
3404,0.214127781,0.21
3405,0.214102533,0.21
3406,0.214102343,0.21
3407,0.214134442,0.21
3408,0.214181205,0.21
3409,0.214117842,0.21
3410,0.213941535,0.21
3411,0.213794073,0.21
3412,0.21373914,0.21
3413,0.213721287,0.21
3414,0.213500541,0.21
3415,0.213160599,0.21
3416,0.212961573,0.21
3417,0.212851371,0.21
3418,0.212768097,0.21
3419,0.212732913,0.21
3420,0.212794541,0.21
3421,0.212945378,0.21
3422,0.213118213,0.21
3423,0.213267947,0.21
3424,0.213392934,0.21
3425,0.21349406,0.21
3426,0.213572859,0.21
3427,0.213628903,0.21
3428,0.213661539,0.21
3429,0.213669263,0.21
3430,0.213669107,0.21
3431,0.213619261,0.21
3432,0.213367427,0.21
3433,0.212833243,0.21
3434,0.212129142,0.21
3435,0.21160671,0.21
3436,0.21138322,0.21
3437,0.211121782,0.21
3438,0.210554794,0.21
3439,0.209807194,0.21
3440,0.209448508,0.21
3441,0.209545188,0.21
3442,0.20970299,0.21
3443,0.209860089,0.21
3444,0.210042371,0.21
3445,0.210241158,0.21
3446,0.210438491,0.21
3447,0.210575682,0.21
3448,0.210504817,0.21
3449,0.210021414,0.21
3450,0.209335304,0.21
3451,0.209045005,0.21
3452,0.208899478,0.21
3453,0.208349478,0.21
3454,0.207605992,0.21
3455,0.206921765,0.21
3456,0.206296652,0.21
3457,0.205704588,0.21
3458,0.205177741,0.21
3459,0.20473827,0.21
3460,0.204518483,0.21
3461,0.20452105,0.21
3462,0.204360332,0.21
3463,0.2039757,0.21
3464,0.203564828,0.21
3465,0.203152948,0.21
3466,0.202742733,0.2
3467,0.202332913,0.2
3468,0.201922915,0.2
3469,0.20151244,0.2
3470,0.201100754,0.2
3471,0.200689187,0.2
3472,0.200281642,0.2
3473,0.199875266,0.2
3474,0.199658228,0.2
3475,0.199751758,0.2
3476,0.199964431,0.2
3477,0.200001359,0.2
3478,0.199726438,0.2
3479,0.199316779,0.2
3480,0.198907913,0.2
3481,0.198499921,0.2
3482,0.198159301,0.2
3483,0.19811658,0.2
3484,0.198235226,0.2
3485,0.198234527,0.2
3486,0.198227671,0.2
3487,0.198091582,0.2
3488,0.197740116,0.2
3489,0.197336891,0.2
3490,0.196925768,0.2
3491,0.196712832,0.2
3492,0.196809615,0.2
3493,0.196958209,0.2
3494,0.197019563,0.2
3495,0.197140208,0.2
3496,0.197344771,0.2
3497,0.197532193,0.2
3498,0.197602646,0.2
3499,0.197476987,0.2
3500,0.197326267,0.2
3501,0.197332708,0.2
3502,0.197451341,0.2
3503,0.197470501,0.2
3504,0.197225681,0.2
3505,0.196837086,0.2
3506,0.196437826,0.2
3507,0.196103671,0.2
3508,0.196062221,0.2
3509,0.19624737,0.2
3510,0.196435338,0.2
3511,0.196610617,0.2
3512,0.196752202,0.2
3513,0.196835114,0.2
3514,0.196906382,0.2
3515,0.196982323,0.2
3516,0.19686931,0.2
3517,0.196358406,0.2
3518,0.195635724,0.2
3519,0.194916557,0.2
3520,0.194200904,0.2
3521,0.193665492,0.2
3522,0.193428793,0.2
3523,0.193028155,0.2
3524,0.192328466,0.2
3525,0.191624152,0.2
3526,0.190924414,0.2
3527,0.190299889,0.2
3528,0.19012514,0.2
3529,0.190330253,0.2
3530,0.190530374,0.2
3531,0.190721247,0.2
3532,0.190898862,0.2
3533,0.191057133,0.2
3534,0.191193206,0.2
3535,0.191306885,0.2
3536,0.191398479,0.2
3537,0.191464718,0.2
3538,0.191487959,0.2
3539,0.191405097,0.2
3540,0.191094257,0.2
3541,0.190510631,0.2
3542,0.189807646,0.2
3543,0.189102493,0.2
3544,0.188398384,0.19
3545,0.187810239,0.19
3546,0.187367769,0.19
3547,0.186961197,0.19
3548,0.186556568,0.19
3549,0.186153335,0.19
3550,0.185750474,0.19
3551,0.185348416,0.19
3552,0.184944645,0.19
3553,0.184539334,0.19
3554,0.184135248,0.19
3555,0.183769487,0.19
3556,0.183702918,0.19
3557,0.18390396,0.19
3558,0.184108974,0.19
3559,0.184311317,0.19
3560,0.184506557,0.19
3561,0.18468466,0.19
3562,0.184836189,0.19
3563,0.184804859,0.19
3564,0.184501321,0.19
3565,0.184095994,0.19
3566,0.183692254,0.19
3567,0.183291369,0.19
3568,0.182891139,0.19
3569,0.182487532,0.19
3570,0.182083741,0.19
3571,0.181681621,0.19
3572,0.181281098,0.19
3573,0.180878705,0.19
3574,0.180474872,0.19
3575,0.180071033,0.19
3576,0.179666945,0.19
3577,0.179263932,0.19
3578,0.178861244,0.19
3579,0.178458278,0.19
3580,0.178055596,0.19
3581,0.177652854,0.19
3582,0.177249465,0.19
3583,0.176847303,0.19
3584,0.176446169,0.18
3585,0.176044002,0.18
3586,0.175641439,0.18
3587,0.175238443,0.18
3588,0.174835611,0.18
3589,0.174432503,0.18
3590,0.174029509,0.18
3591,0.173627642,0.18
3592,0.173224271,0.18
3593,0.172821861,0.18
3594,0.172423642,0.18
3595,0.172025023,0.18
3596,0.171624504,0.18
3597,0.171224123,0.18
3598,0.170823672,0.18
3599,0.170424078,0.18
3600,0.170025526,0.18
3601,0.169627081,0.18
3602,0.169227946,0.18
3603,0.168827328,0.18
3604,0.168425614,0.18
3605,0.168026974,0.18
3606,0.167629252,0.18
3607,0.167228533,0.18
3608,0.166828613,0.18
3609,0.166428862,0.18
3610,0.166029642,0.18
3611,0.165630314,0.18
3612,0.165229076,0.18
3613,0.164828323,0.17
3614,0.164432301,0.17
3615,0.164044468,0.17
3616,0.163662885,0.17
3617,0.163289649,0.17
3618,0.162923748,0.17
3619,0.162560726,0.17
3620,0.162314271,0.17
3621,0.162367008,0.17
3622,0.162571971,0.17
3623,0.162504781,0.17
3624,0.162160851,0.17
3625,0.161798608,0.17
3626,0.161731564,0.17
3627,0.161943134,0.17
3628,0.162156599,0.17
3629,0.162369655,0.17
3630,0.162581801,0.17
3631,0.162792879,0.17
3632,0.163000323,0.17
3633,0.162956705,0.17
3634,0.162523718,0.17
3635,0.162033877,0.17
3636,0.161809661,0.17
3637,0.161721156,0.17
3638,0.161382388,0.17
3639,0.160839618,0.17
3640,0.160308427,0.17
3641,0.159798861,0.17
3642,0.15929973,0.17
3643,0.158806305,0.17
3644,0.158329997,0.17
3645,0.157863536,0.17
3646,0.157399649,0.17
3647,0.156957409,0.17
3648,0.156546024,0.17
3649,0.156147335,0.17
3650,0.15580044,0.17
3651,0.155634916,0.17
3652,0.155594611,0.17
3653,0.155512433,0.17
3654,0.155385998,0.17
3655,0.155248318,0.17
3656,0.155115148,0.17
3657,0.155028791,0.17
3658,0.155112942,0.17
3659,0.155326877,0.17
3660,0.155536738,0.17
3661,0.155741516,0.17
3662,0.155848501,0.17
3663,0.155951484,0.17
3664,0.156148876,0.17
3665,0.156347807,0.17
3666,0.156391484,0.17
3667,0.156133609,0.17
3668,0.155729525,0.17
3669,0.155328422,0.17
3670,0.154927851,0.17
3671,0.154540508,0.17
3672,0.1543451,0.17
3673,0.154441973,0.17
3674,0.154647061,0.17
3675,0.154846003,0.17
3676,0.155040821,0.17
3677,0.155227557,0.17
3678,0.155399741,0.17
3679,0.155553505,0.17
3680,0.155652349,0.17
3681,0.15558657,0.17
3682,0.155292839,0.17
3683,0.154890144,0.17
3684,0.154489796,0.17
3685,0.154091717,0.17
3686,0.15369236,0.17
3687,0.153294762,0.17
3688,0.152897913,0.17
3689,0.152501127,0.17
3690,0.152104776,0.17
3691,0.151707236,0.15
3692,0.151310188,0.15
3693,0.150912788,0.15
3694,0.150516017,0.15
3695,0.150119009,0.15
3696,0.149721425,0.15
3697,0.149324452,0.15
3698,0.14892833,0.15
3699,0.148532206,0.15
3700,0.148134952,0.15
3701,0.147738205,0.15
3702,0.147341016,0.15
3703,0.1469426,0.15
3704,0.1465461,0.15
3705,0.146150401,0.15
3706,0.145752283,0.15
3707,0.145354966,0.15
3708,0.144959396,0.15
3709,0.144564642,0.15
3710,0.144171698,0.15
3711,0.143778262,0.15
3712,0.143383464,0.15
3713,0.142988069,0.15
3714,0.142593223,0.15
3715,0.142198386,0.15
3716,0.141803092,0.15
3717,0.14140994,0.15
3718,0.141017898,0.15
3719,0.14068043,0.14
3720,0.140415152,0.14
3721,0.140166471,0.14
3722,0.139917624,0.14
3723,0.139669606,0.14
3724,0.139421421,0.14
3725,0.139173897,0.14
3726,0.138928023,0.14
3727,0.138681554,0.14
3728,0.138435199,0.14
3729,0.138189412,0.14
3730,0.137942837,0.14
3731,0.13769483,0.14
3732,0.137447604,0.14
3733,0.137202479,0.14
3734,0.136955579,0.14
3735,0.136707299,0.14
3736,0.136458905,0.14
3737,0.136210934,0.14
3738,0.135963854,0.14
3739,0.13571688,0.14
3740,0.135469567,0.14
3741,0.135237415,0.14
3742,0.13521247,0.14
3743,0.135389782,0.14
3744,0.135578598,0.14
3745,0.135768039,0.14
3746,0.135957315,0.14
3747,0.136146792,0.14
3748,0.13633684,0.14
3749,0.136526926,0.14
3750,0.136716742,0.14
3751,0.136906992,0.14
3752,0.137097449,0.14
3753,0.137287508,0.14
3754,0.137477771,0.14
3755,0.137668106,0.14
3756,0.137858181,0.14
3757,0.138046911,0.14
3758,0.138229406,0.14
3759,0.138397116,0.14
3760,0.138545011,0.14
3761,0.138653286,0.14
3762,0.138664344,0.14
3763,0.138543783,0.14
3764,0.138327482,0.14
3765,0.138080442,0.14
3766,0.137834875,0.14
3767,0.137587393,0.14
3768,0.137336611,0.14
3769,0.137088243,0.14
3770,0.136840185,0.14
3771,0.136590903,0.14
3772,0.136341991,0.14
3773,0.136091559,0.14
3774,0.135842684,0.14
3775,0.13559414,0.14
3776,0.135346052,0.14
3777,0.135099447,0.14
3778,0.134851977,0.14
3779,0.134604424,0.14
3780,0.134356209,0.14
3781,0.134107046,0.14
3782,0.133858821,0.14
3783,0.133610277,0.14
3784,0.133361412,0.14
3785,0.133113318,0.14
3786,0.132865533,0.14
3787,0.132618372,0.14
3788,0.132370319,0.14
3789,0.132121879,0.14
3790,0.131874027,0.14
3791,0.131627567,0.14
3792,0.131569591,0.14
3793,0.131726196,0.14
3794,0.131805773,0.14
3795,0.131759281,0.14
3796,0.131717934,0.14
3797,0.131759248,0.14
3798,0.131902836,0.14
3799,0.132092139,0.14
3800,0.132279751,0.14
3801,0.13241964,0.14
3802,0.132463869,0.14
3803,0.132482875,0.14
3804,0.132575805,0.14
3805,0.132674839,0.14
3806,0.132759455,0.14
3807,0.132862684,0.14
3808,0.132940686,0.14
3809,0.132993737,0.14
3810,0.133024692,0.14
3811,0.133033168,0.14
3812,0.133028851,0.14
3813,0.13302264,0.14
3814,0.13301649,0.14
3815,0.133008511,0.14
3816,0.132999084,0.14
3817,0.13299145,0.14
3818,0.132985256,0.14
3819,0.132979087,0.14
3820,0.132972927,0.14
3821,0.132966872,0.14
3822,0.132960906,0.14
3823,0.132954878,0.14
3824,0.132948831,0.14
3825,0.132942775,0.14
3826,0.132936648,0.14
3827,0.132929665,0.14
3828,0.132920782,0.14
3829,0.132912225,0.14
3830,0.132905473,0.14
3831,0.132899233,0.14
3832,0.132893087,0.14
3833,0.132887029,0.14
3834,0.13288105,0.14
3835,0.132875023,0.14
3836,0.1328689,0.14
3837,0.132862823,0.14
3838,0.132856817,0.14
3839,0.132850827,0.14
3840,0.132844873,0.14
3841,0.13283883,0.14
3842,0.132832681,0.14
3843,0.132826585,0.14
3844,0.132820542,0.14
3845,0.132814527,0.14
3846,0.132808583,0.14
3847,0.132802592,0.14
3848,0.132796494,0.14
3849,0.132790415,0.14
3850,0.13278437,0.14
3851,0.132778354,0.14
3852,0.132772479,0.14
3853,0.132766569,0.14
3854,0.132760464,0.14
3855,0.132754312,0.14
3856,0.132748266,0.14
3857,0.132742263,0.14
3858,0.13273626,0.14
3859,0.132730266,0.14
3860,0.132722921,0.14
3861,0.132713576,0.14
3862,0.132688568,0.14
3863,0.132677482,0.14
3864,0.132666397,0.14
3865,0.132655311,0.14
3866,0.132668874,0.14
3867,0.132671417,0.14
3868,0.132654863,0.14
3869,0.132613687,0.14
3870,0.132547788,0.14
3871,0.132449797,0.14
3872,0.132320589,0.14
3873,0.132148768,0.14
3874,0.131963028,0.14
3875,0.131767626,0.14
3876,0.131534586,0.14
3877,0.131289365,0.14
3878,0.131042104,0.14
3879,0.130795513,0.14
3880,0.130548223,0.14
3881,0.1302987,0.14
3882,0.130047775,0.14
3883,0.129797895,0.14
3884,0.129551078,0.14
3885,0.129301565,0.13
3886,0.129050538,0.13
3887,0.128799512,0.13
3888,0.128551226,0.13
3889,0.128302597,0.13
3890,0.128054215,0.13
3891,0.127806893,0.13
3892,0.1275596,0.13
3893,0.127312968,0.13
3894,0.127065859,0.13
3895,0.126817218,0.13
3896,0.12656902,0.13
3897,0.126470897,0.13
3898,0.126573641,0.13
3899,0.126730768,0.13
3900,0.126884024,0.13
3901,0.126961053,0.13
3902,0.126952232,0.13
3903,0.126876043,0.13
3904,0.126774086,0.13
3905,0.126732387,0.13
3906,0.126726639,0.13
3907,0.126722077,0.13
3908,0.126724922,0.13
3909,0.126785642,0.13
3910,0.126883672,0.13
3911,0.126980981,0.13
3912,0.127064925,0.13
3913,0.12697234,0.13
3914,0.126728055,0.13
3915,0.126482574,0.13
3916,0.126235205,0.13
3917,0.125986142,0.13
3918,0.125736442,0.13
3919,0.125486407,0.13
3920,0.125288902,0.13
3921,0.12530968,0.13
3922,0.125491755,0.13
3923,0.125601966,0.13
3924,0.125620798,0.13
3925,0.125615657,0.13
3926,0.125563585,0.13
3927,0.125544381,0.13
3928,0.12564287,0.13
3929,0.125756561,0.13
3930,0.125827486,0.13
3931,0.125866964,0.13
3932,0.12588197,0.13
3933,0.125879988,0.13
3934,0.12587419,0.13
3935,0.125868435,0.13
3936,0.125861736,0.13
3937,0.125853005,0.13
3938,0.125844644,0.13
3939,0.125837732,0.13
3940,0.125828276,0.13
3941,0.125757059,0.13
3942,0.125573409,0.13
3943,0.125336432,0.13
3944,0.125098003,0.13
3945,0.124857486,0.13
3946,0.124615568,0.13
3947,0.124372255,0.13
3948,0.124126691,0.13
3949,0.123881302,0.13
3950,0.123807046,0.13
3951,0.123915094,0.13
3952,0.124007299,0.13
3953,0.123934273,0.13
3954,0.123707311,0.13
3955,0.123463753,0.13
3956,0.123329445,0.13
3957,0.123376349,0.13
3958,0.123456322,0.13
3959,0.123361098,0.13
3960,0.123124524,0.13
3961,0.122880598,0.13
3962,0.122635583,0.13
3963,0.122391002,0.13
3964,0.122143258,0.13
3965,0.121893103,0.13
3966,0.121644892,0.13
3967,0.121397111,0.13
3968,0.121147331,0.13
3969,0.120897916,0.13
3970,0.120698106,0.13
3971,0.120607518,0.13
3972,0.120500729,0.13
3973,0.120305668,0.13
3974,0.12012448,0.13
3975,0.119978398,0.13
3976,0.119850482,0.13
3977,0.119782093,0.13
3978,0.119764338,0.13
3979,0.119726276,0.13
3980,0.119632971,0.13
3981,0.119548166,0.13
3982,0.119447845,0.13
3983,0.119262132,0.13
3984,0.119052386,0.13
3985,0.11887096,0.12
3986,0.118718602,0.12
3987,0.118566571,0.12
3988,0.118412574,0.12
3989,0.118212025,0.12
3990,0.117983507,0.12
3991,0.117751492,0.12
3992,0.117499988,0.12
3993,0.117251199,0.12
3994,0.117003869,0.12
3995,0.116755751,0.12
3996,0.116507995,0.12
3997,0.116261406,0.12
3998,0.116013102,0.12
3999,0.115763582,0.12
4000,0.115514383,0.12
4001,0.115265839,0.12
4002,0.115016201,0.12
4003,0.114771341,0.12
4004,0.114620637,0.12
4005,0.114534576,0.12
4006,0.114413443,0.12
4007,0.114271048,0.12
4008,0.114111042,0.12
4009,0.113935035,0.12
4010,0.113760025,0.12
4011,0.113672014,0.12
4012,0.113573497,0.12
4013,0.113398753,0.12
4014,0.113254711,0.12
4015,0.113162271,0.12
4016,0.113125479,0.12
4017,0.113076106,0.12
4018,0.113007817,0.12
4019,0.11298961,0.12
4020,0.113093302,0.12
4021,0.113284123,0.12
4022,0.113473499,0.12
4023,0.113633373,0.12
4024,0.113592585,0.12
4025,0.113361593,0.12
4026,0.113111848,0.12
4027,0.112861736,0.12
4028,0.1126125,0.12
4029,0.112364454,0.12
4030,0.112117626,0.12
4031,0.112057441,0.12
4032,0.112186597,0.12
4033,0.112298295,0.12
4034,0.112365337,0.12
4035,0.112389064,0.12
4036,0.11238858,0.12
4037,0.112383766,0.12
4038,0.112378197,0.12
4039,0.112368737,0.12
4040,0.112358591,0.12
4041,0.112342452,0.12
4042,0.112323213,0.12
4043,0.112313573,0.12
4044,0.11230692,0.12
4045,0.112297207,0.12
4046,0.112284822,0.12
4047,0.112255965,0.12
4048,0.112133185,0.12
4049,0.111914015,0.12
4050,0.111675703,0.12
4051,0.111437009,0.12
4052,0.111197969,0.12
4053,0.110957191,0.12
4054,0.110714574,0.12
4055,0.110470076,0.12
4056,0.110225371,0.12
4057,0.10998061,0.12
4058,0.109733337,0.12
4059,0.109485834,0.12
4060,0.109236433,0.12
4061,0.108984934,0.12
4062,0.108735252,0.12
4063,0.10848719,0.12
4064,0.108240538,0.12
4065,0.107992086,0.1
4066,0.107743243,0.1
4067,0.107495488,0.1
4068,0.10724876,0.1
4069,0.107002613,0.1
4070,0.106754601,0.1
4071,0.106506069,0.1
4072,0.106258418,0.1
4073,0.106011088,0.1
4074,0.105763878,0.1
4075,0.105517368,0.1
4076,0.105269489,0.1
4077,0.105021247,0.1
4078,0.104774054,0.1
4079,0.104526153,0.1
4080,0.104278391,0.1
4081,0.104030656,0.1
4082,0.103782605,0.1
4083,0.103534382,0.1
4084,0.103285546,0.1
4085,0.103037349,0.1
4086,0.102789267,0.1
4087,0.102540919,0.1
4088,0.102293301,0.1
4089,0.10204518,0.1
4090,0.101796826,0.1
4091,0.101549149,0.1
4092,0.101302298,0.1
4093,0.101056262,0.1
4094,0.100808999,0.1
4095,0.100560078,0.1
4096,0.100310939,0.1
4097,0.100062288,0.1
4098,0.0998143599,0.1
4099,0.099566177,0.1
4100,0.0993173932,0.1
4101,0.09906909,0.1
4102,0.0988216941,0.1
4103,0.0985740895,0.1
4104,0.0983259591,0.1
4105,0.0980781696,0.1
4106,0.0978307707,0.1
4107,0.0975829535,0.0975
4108,0.0973786378,0.09
4109,0.0972186687,0.09
4110,0.0970583854,0.09
4111,0.0968979798,0.09
4112,0.0967372595,0.09
4113,0.0965755388,0.09
4114,0.0964128615,0.09
4115,0.0962503516,0.09
4116,0.0960881713,0.09
4117,0.095926391,0.09
4118,0.0957639693,0.09
4119,0.0956014965,0.09
4120,0.095440269,0.09
4121,0.0952790938,0.09
4122,0.0951175081,0.09
4123,0.0949554397,0.09
4124,0.0947936925,0.09
4125,0.0946320871,0.09
4126,0.0944696279,0.09
4127,0.0943067667,0.09
4128,0.094144999,0.09
4129,0.0939853816,0.09
4130,0.093824921,0.09
4131,0.0936616502,0.09
4132,0.093498725,0.09
4133,0.0933364909,0.09
4134,0.0931740378,0.09
4135,0.0930116563,0.09
4136,0.0928495535,0.09
4137,0.0926874746,0.09
4138,0.0925243723,0.09
4139,0.0923613477,0.09
4140,0.0921985281,0.09
4141,0.092035496,0.09
4142,0.0918740483,0.09
4143,0.0917114278,0.09
4144,0.0915471418,0.09
4145,0.0913832956,0.09
4146,0.0912201311,0.09
4147,0.0910577608,0.09
4148,0.0908966356,0.09
4149,0.090735275,0.09
4150,0.0905724251,0.09
4151,0.090408921,0.09
4152,0.0902460655,0.09
4153,0.0900833384,0.09
4154,0.0899206774,0.09
4155,0.0897575409,0.09
4156,0.0895937351,0.09
4157,0.0894314377,0.09
4158,0.0892692081,0.09
4159,0.089106539,0.09
4160,0.0889444783,0.09
4161,0.0887823484,0.09
4162,0.0886200049,0.09
4163,0.0884579615,0.09
4164,0.0882964441,0.09
4165,0.0881344208,0.09
4166,0.087971576,0.09
4167,0.0878087943,0.09
4168,0.0876459763,0.09
4169,0.0874827736,0.0875
4170,0.0873200425,0.08
4171,0.0871585867,0.08
4172,0.086998185,0.08
4173,0.0868373645,0.08
4174,0.0866751991,0.08
4175,0.0865130548,0.08
4176,0.0863501834,0.08
4177,0.0861876379,0.08
4178,0.0860262756,0.08
4179,0.0858654998,0.08
4180,0.0857043143,0.08
4181,0.0855420868,0.08
4182,0.0853801582,0.08
4183,0.0852186394,0.08
4184,0.0850564384,0.08
4185,0.0848936877,0.08
4186,0.084731748,0.08
4187,0.0845697695,0.08
4188,0.0844071771,0.08
4189,0.0842445116,0.08
4190,0.0840820277,0.08
4191,0.0839194722,0.08
4192,0.0837558291,0.08
4193,0.0835927946,0.08
4194,0.0834308737,0.08
4195,0.0832681601,0.08
4196,0.0831049925,0.08
4197,0.0829420397,0.08
4198,0.0827793049,0.08
4199,0.0826178087,0.08
4200,0.082456607,0.08
4201,0.0822944987,0.08
4202,0.0821323596,0.08
4203,0.0819698416,0.08
4204,0.0818070524,0.08
4205,0.0816446903,0.08
4206,0.0814825296,0.08
4207,0.0813204654,0.08
4208,0.0811576439,0.08
4209,0.0809942409,0.08
4210,0.0808314351,0.08
4211,0.0806682379,0.08
4212,0.0805062617,0.08
4213,0.0803460283,0.08
4214,0.0801849512,0.08
4215,0.0800234319,0.08
4216,0.0798612599,0.08
4217,0.079699134,0.08
4218,0.0795372514,0.08
4219,0.0793749211,0.08
4220,0.0792130683,0.08
4221,0.079051175,0.08
4222,0.0788887679,0.08
4223,0.0787270765,0.08
4224,0.078565635,0.08
4225,0.0784031345,0.08
4226,0.0782409501,0.08
4227,0.0780784651,0.08
4228,0.0779160066,0.08
4229,0.077753583,0.08
4230,0.0775908816,0.08
4231,0.0774285918,0.08
4232,0.0772668587,0.07
4233,0.0771058289,0.07
4234,0.0769442766,0.07
4235,0.0767821018,0.07
4236,0.0766192834,0.07
4237,0.0764566679,0.07
4238,0.0762942631,0.07
4239,0.0761323385,0.07
4240,0.075970965,0.07
4241,0.0758084641,0.07
4242,0.0756465282,0.07
4243,0.0754853742,0.07
4244,0.0753240728,0.07
4245,0.0751623569,0.07
4246,0.0750001933,0.07
4247,0.0748380634,0.07
4248,0.0746749909,0.07
4249,0.0745118366,0.07
4250,0.0743485306,0.07
4251,0.0741851624,0.07
4252,0.0740222302,0.07
4253,0.0738582436,0.07
4254,0.0736940114,0.07
4255,0.0735301149,0.07
4256,0.0733657311,0.07
4257,0.0732022095,0.07
4258,0.0730389364,0.07
4259,0.0728743678,0.07
4260,0.0727099143,0.07
4261,0.0725466628,0.07
4262,0.072383631,0.07
4263,0.072219834,0.07
4264,0.0720562273,0.07
4265,0.0718928157,0.07
4266,0.0717290627,0.07
4267,0.071564953,0.07
4268,0.0713999775,0.07
4269,0.071235769,0.07
4270,0.0710735489,0.07
4271,0.0709100083,0.07
4272,0.0707441655,0.07
4273,0.0705786668,0.07
4274,0.0704146125,0.07
4275,0.0702524883,0.07
4276,0.0700919543,0.07
4277,0.0699304294,0.07
4278,0.0697672459,0.07
4279,0.0696426327,0.07
4280,0.0696669708,0.07
4281,0.0697961686,0.07
4282,0.0699198933,0.07
4283,0.0699665304,0.07
4284,0.0698689831,0.07
4285,0.0697060678,0.07
4286,0.0695432384,0.07
4287,0.0693794582,0.07
4288,0.0692162725,0.07
4289,0.0690531931,0.07
4290,0.0688899325,0.07
4291,0.0687442409,0.07
4292,0.0687325507,0.07
4293,0.0687901316,0.07
4294,0.0687126995,0.07
4295,0.068547814,0.07
4296,0.0683843418,0.07
4297,0.0682218823,0.07
4298,0.0680594039,0.07
4299,0.0679602751,0.07
4300,0.0680043733,0.07
4301,0.068127622,0.07
4302,0.0682487246,0.07
4303,0.0683680091,0.07
4304,0.06848881,0.07
4305,0.0686063716,0.07
4306,0.068701179,0.07
4307,0.0687087219,0.07
4308,0.0685982071,0.07
4309,0.0684399885,0.07
4310,0.0682822943,0.07
4311,0.0681239434,0.07
4312,0.0679649244,0.07
4313,0.0678061004,0.07
4314,0.0676479587,0.07
4315,0.0674897614,0.07
4316,0.0673313042,0.07
4317,0.0671723306,0.0675
4318,0.0670136732,0.06
4319,0.0668551422,0.06
4320,0.066696026,0.06
4321,0.0665360594,0.06
4322,0.0663758847,0.06
4323,0.0662166921,0.06
4324,0.0660572967,0.06
4325,0.065897156,0.06
4326,0.0657370012,0.06
4327,0.0655764454,0.06
4328,0.0654153408,0.06
4329,0.0652531036,0.06
4330,0.0650906127,0.06
4331,0.0649286705,0.06
4332,0.0647653578,0.06
4333,0.0646017438,0.06
4334,0.064439424,0.06
4335,0.0642771105,0.06
4336,0.0641153109,0.06
4337,0.0640796416,0.06
4338,0.0641855913,0.06
4339,0.0643080161,0.06
4340,0.064430139,0.06
4341,0.0645334171,0.06
4342,0.0645832781,0.06
4343,0.0645675956,0.06
4344,0.0645347773,0.06
4345,0.0644760995,0.06
4346,0.0643495235,0.06
4347,0.0641931525,0.06
4348,0.0640357044,0.06
4349,0.0638780172,0.06
4350,0.0637205463,0.06
4351,0.0635624609,0.06
4352,0.0634041076,0.06
4353,0.0632456543,0.06
4354,0.0630859937,0.06
4355,0.0629259989,0.06
4356,0.0627663476,0.06
4357,0.0626069308,0.06
4358,0.0624468621,0.06
4359,0.0622862271,0.06
4360,0.0621253771,0.06
4361,0.0619640189,0.06
4362,0.0618027655,0.06
4363,0.061642091,0.06
4364,0.0614817231,0.06
4365,0.0613218775,0.06
4366,0.0611609116,0.06
4367,0.0609990773,0.06
4368,0.060837416,0.06
4369,0.0606755256,0.06
4370,0.0605136799,0.06
4371,0.0603521211,0.06
4372,0.0601903648,0.06
4373,0.0600275076,0.06
4374,0.0598644578,0.06
4375,0.0597012733,0.06
4376,0.0595372955,0.06
4377,0.0593735684,0.06
4378,0.059210272,0.06
4379,0.0590464928,0.06
4380,0.0588815096,0.06
4381,0.0587170988,0.06
4382,0.058553879,0.06
4383,0.0583902509,0.06
4384,0.0582248165,0.06
4385,0.0580595382,0.06
4386,0.0578949256,0.06
4387,0.0577293486,0.06
4388,0.0575637327,0.06
4389,0.0573978573,0.06
4390,0.0572328327,0.06
4391,0.057068992,0.06
4392,0.0569048507,0.06
4393,0.0567393177,0.06
4394,0.0565738378,0.04
4395,0.0564091005,0.04
4396,0.0562443363,0.04
4397,0.0560789297,0.04
4398,0.0559136379,0.04
4399,0.0557487115,0.04
4400,0.0555835304,0.04
4401,0.0554170615,0.04
4402,0.0552494772,0.04
4403,0.0550846354,0.04
4404,0.0549211128,0.04
4405,0.0547562528,0.04
4406,0.05459069,0.04
4407,0.0544253881,0.04
4408,0.054260508,0.04
4409,0.054094951,0.04
4410,0.0539294437,0.04
4411,0.0537644398,0.04
4412,0.0535988628,0.04
4413,0.0534322788,0.04
4414,0.0532660136,0.04
4415,0.0530990138,0.04
4416,0.0529314706,0.04
4417,0.0527658395,0.04
4418,0.05260048,0.04
4419,0.0524345979,0.04
4420,0.0522688786,0.04
4421,0.0521038123,0.04
4422,0.051938643,0.04
4423,0.0517728635,0.04
4424,0.0516080982,0.04
4425,0.0514433734,0.04
4426,0.0512786402,0.04
4427,0.0511142518,0.04
4428,0.0509491118,0.04
4429,0.0507832818,0.04
4430,0.0506172236,0.04
4431,0.0504511401,0.04
4432,0.0502850133,0.04
4433,0.0501187146,0.04
4434,0.0499526765,0.04
4435,0.0497874545,0.04
4436,0.0496222505,0.04
4437,0.049455803,0.04
4438,0.0492890858,0.04
4439,0.0491236781,0.04
4440,0.0489590416,0.04
4441,0.0487945281,0.04
4442,0.0486300969,0.04
4443,0.0484649237,0.04
4444,0.0482990518,0.04
4445,0.0481331807,0.04
4446,0.0479673952,0.04
4447,0.0478017893,0.04
4448,0.0476369162,0.04
4449,0.0474729304,0.04
4450,0.0473082548,0.04
4451,0.047142643,0.04
4452,0.0469775503,0.04
4453,0.0468132466,0.04
4454,0.0466483725,0.04
4455,0.0464830957,0.04
4456,0.0463186329,0.04
4457,0.0461543052,0.03
4458,0.0459895476,0.03
4459,0.0458250329,0.03
4460,0.0456604287,0.03
4461,0.0454959867,0.03
4462,0.0453315606,0.03
4463,0.0451678395,0.03
4464,0.0450035361,0.03
4465,0.0448386501,0.03
4466,0.0446735434,0.03
4467,0.0445078308,0.03
4468,0.0443422724,0.03
4469,0.0441759264,0.03
4470,0.0440094996,0.03
4471,0.0438428021,0.03
4472,0.0436764693,0.03
4473,0.0435100022,0.03
4474,0.0433434236,0.03
4475,0.0431773204,0.03
4476,0.043010938,0.03
4477,0.0428450465,0.03
4478,0.0426791729,0.03
4479,0.0425130659,0.03
4480,0.0423472975,0.03
4481,0.0421810186,0.03
4482,0.0420141284,0.03
4483,0.0418476476,0.03
4484,0.0416809996,0.03
4485,0.0415155871,0.03
4486,0.0413507372,0.03
4487,0.0411848163,0.03
4488,0.0410354293,0.03
4489,0.041016376,0.03
4490,0.0411102271,0.03
4491,0.0411961233,0.03
4492,0.0412782853,0.03
4493,0.0413712604,0.03
4494,0.0414817665,0.03
4495,0.0416024467,0.03
4496,0.0417239283,0.03
4497,0.0418454494,0.03
4498,0.0419669142,0.03
4499,0.0420892596,0.03
4500,0.0422121434,0.03
4501,0.0423277991,0.03
4502,0.0424264309,0.03
4503,0.0425050746,0.03
4504,0.0425613781,0.03
4505,0.0425908431,0.03
4506,0.0425965569,0.03
4507,0.0425917323,0.03
4508,0.0425854939,0.03
4509,0.0425794699,0.03
4510,0.0425734285,0.03
4511,0.0425673176,0.03
4512,0.0425612296,0.03
4513,0.0425550887,0.03
4514,0.0425480803,0.03
4515,0.0425392775,0.03
4516,0.0425311101,0.03
4517,0.0425251885,0.03
4518,0.0425199033,0.03
4519,0.042514618,0.03
4520,0.0425094513,0.03
4521,0.0425042759,0.03
4522,0.0424587051,0.03
4523,0.0423375632,0.03
4524,0.0421813346,0.03
4525,0.0420241723,0.03
4526,0.0418658672,0.03
4527,0.0417073519,0.03
4528,0.041548074,0.03
4529,0.0413874915,0.03
4530,0.0412263967,0.03
4531,0.0410652441,0.03
4532,0.0409033194,0.03
4533,0.0407414755,0.03
4534,0.040579917,0.03
4535,0.0404184235,0.03
4536,0.0402568236,0.03
4537,0.0400945233,0.03
4538,0.0399327806,0.03
4539,0.0397708869,0.03
4540,0.0396083197,0.03
4541,0.0394457058,0.03
4542,0.0392820561,0.03
4543,0.0391174042,0.03
4544,0.0389535139,0.03
4545,0.0387907339,0.03
4546,0.0386274917,0.03
4547,0.0384643582,0.03
4548,0.0383012596,0.03
4549,0.0381381168,0.03
4550,0.0379741309,0.03
4551,0.037808652,0.03
4552,0.0376441189,0.03
4553,0.0374781712,0.03
4554,0.0373115115,0.03
4555,0.0371458672,0.03
4556,0.0369795308,0.03
4557,0.0368134062,0.03
4558,0.0366473649,0.03
4559,0.0364811277,0.03
4560,0.0363142563,0.03
4561,0.0361476182,0.03
4562,0.0359819627,0.03
4563,0.0358163012,0.03
4564,0.035649723,0.0275
4565,0.035483471,0.02
4566,0.0353189933,0.02
4567,0.0351535655,0.02
4568,0.0349881074,0.02
4569,0.0348213518,0.02
4570,0.0346518447,0.02
4571,0.0344827742,0.02
4572,0.0343145917,0.02
4573,0.0341464155,0.02
4574,0.0339773334,0.02
4575,0.033807469,0.02
4576,0.0336362993,0.02
4577,0.0334660459,0.02
4578,0.0332979455,0.02
4579,0.0331301027,0.02
4580,0.032961619,0.02
4581,0.0327924926,0.02
4582,0.032623546,0.02
4583,0.0324559132,0.02
4584,0.0322884151,0.02
4585,0.0321186814,0.02
4586,0.0319491469,0.02
4587,0.0318781537,0.02
4588,0.0319507327,0.02
4589,0.0320704398,0.02
4590,0.0321865282,0.02
4591,0.0321879551,0.02
4592,0.0320969887,0.02
4593,0.0321166576,0.02
4594,0.0322322948,0.02
4595,0.0323456446,0.02
4596,0.0324594472,0.02
4597,0.0325808573,0.02
4598,0.0326859635,0.02
4599,0.0327260073,0.02
4600,0.0326514614,0.02
4601,0.0324980253,0.02
4602,0.0323331816,0.02
4603,0.0321687458,0.02
4604,0.0320038652,0.02
4605,0.0318388405,0.02
4606,0.0316742861,0.02
4607,0.0315094352,0.02
4608,0.0313443477,0.02
4609,0.031180215,0.02
4610,0.0310157836,0.02
4611,0.0308506043,0.02
4612,0.0307109426,0.02
4613,0.030698068,0.02
4614,0.0307121566,0.02
4615,0.0305993241,0.02
4616,0.0304333256,0.02
4617,0.0302664305,0.02
4618,0.0300996771,0.02
4619,0.0299336284,0.02
4620,0.0297671137,0.02
4621,0.0295998826,0.02
4622,0.0294329281,0.02
4623,0.0292657505,0.02
4624,0.0290982322,0.02
4625,0.0289310155,0.02
4626,0.028765887,0.02
4627,0.0286439117,0.02
4628,0.0285874111,0.02
4629,0.0285634923,0.02
4630,0.0285548825,0.02
4631,0.0285670326,0.02
4632,0.0286162858,0.02
4633,0.0287056081,0.02
4634,0.0288195542,0.02
4635,0.0289404603,0.02
4636,0.0290511894,0.02
4637,0.0291359006,0.02
4638,0.0292045698,0.02
4639,0.0292793013,0.02
4640,0.0293448384,0.02
4641,0.0293661377,0.02
4642,0.0293464904,0.02
4643,0.0293356565,0.02
4644,0.0293434177,0.02
4645,0.0293450762,0.02
4646,0.0293414198,0.02
4647,0.0293369593,0.02
4648,0.0293322992,0.02
4649,0.0293265875,0.02
4650,0.0293184337,0.02
4651,0.0293093267,0.02
4652,0.0293020894,0.02
4653,0.0292958857,0.02
4654,0.0292897224,0.02
4655,0.0292836798,0.02
4656,0.0292777264,0.02
4657,0.0292716689,0.02
4658,0.0292655419,0.02
4659,0.0292594667,0.02
4660,0.029253391,0.02
4661,0.029247393,0.02
4662,0.0292414642,0.02
4663,0.0292354225,0.02
4664,0.0292293372,0.02
4665,0.0292232744,0.02
4666,0.0292171849,0.02
4667,0.0292097586,0.02
4668,0.0291871292,0.02
4669,0.0291082754,0.02
4670,0.028967251,0.02
4671,0.0288060655,0.02
4672,0.0286442061,0.02
4673,0.0284821338,0.02
4674,0.028319752,0.02
4675,0.0281574216,0.02
4676,0.0279950648,0.02
4677,0.0278320426,0.02
4678,0.0276692269,0.02
4679,0.0275058399,0.02
4680,0.027341831,0.02
4681,0.0271788174,0.02
4682,0.0270161691,0.02
4683,0.0268524623,0.02
4684,0.0266878555,0.02
4685,0.026523235,0.02
4686,0.0263584908,0.02
4687,0.026193418,0.02
4688,0.0260292277,0.02
4689,0.0258658513,0.02
4690,0.0258123549,0.02
4691,0.0259011605,0.02
4692,0.0259774644,0.02
4693,0.0259989563,0.02
4694,0.0260652569,0.02
4695,0.0261864531,0.02
4696,0.0262855075,0.02
4697,0.026280247,0.02
4698,0.0261782882,0.02
4699,0.0261594419,0.02
4700,0.0262326448,0.02
4701,0.0262868597,0.02
4702,0.0263187159,0.02
4703,0.0263348266,0.02
4704,0.0263382433,0.02
4705,0.0263340676,0.02
4706,0.0263263537,0.02
4707,0.0263166544,0.02
4708,0.0263071116,0.02
4709,0.0262979978,0.02
4710,0.026289049,0.02
4711,0.0262800393,0.02
4712,0.0262729344,0.02
4713,0.0262678616,0.02
4714,0.0262628983,0.02
4715,0.0262579782,0.02
4716,0.0262530921,0.02
4717,0.0262482287,0.02
4718,0.0262434,0.02
4719,0.0262386002,0.02
4720,0.0262337999,0.02
4721,0.0262290163,0.02
4722,0.02622425,0.02
4723,0.026219449,0.02
4724,0.0262146133,0.02
4725,0.0262098208,0.02
4726,0.0262050103,0.02
4727,0.0262001735,0.02
4728,0.0261953886,0.02
4729,0.0261906037,0.02
4730,0.0261858189,0.02
4731,0.0261810512,0.02
4732,0.026176283,0.02
4733,0.0261715143,0.02
4734,0.0261667282,0.02
4735,0.0261619075,0.02
4736,0.0261570868,0.02
4737,0.0261504406,0.02
4738,0.0261414339,0.02
4739,0.02610421,0.02
4740,0.0260222456,0.02
4741,0.0259240635,0.02
4742,0.0258190215,0.02
4743,0.0256856644,0.02
4744,0.0255281722,0.02
4745,0.0253875547,0.02
4746,0.0253201024,0.02
4747,0.0253335233,0.02
4748,0.0253795366,0.02
4749,0.0254157706,0.02
4750,0.0254319744,0.02
4751,0.0254391354,0.02
4752,0.02543967,0.02
4753,0.0254348745,0.02
4754,0.0254268092,0.02
4755,0.0254172022,0.02
4756,0.0254105479,0.02
