time,soc_fb,soc_fb_real
0,1,1
1,0.999999353,1
2,0.999997627,1
3,0.999995891,1
4,0.999994165,1
5,0.999992439,1
6,0.999990713,1
7,0.999988997,1
8,0.999987302,1
9,0.999985607,1
10,0.999983906,1
11,0.999982214,1
12,0.999980509,1
13,0.999978772,1
14,0.999977047,1
15,0.999975331,1
16,0.999973605,1
17,0.99997189,1
18,0.999970174,1
19,0.999968469,1
20,0.999966765,1
21,0.99996506,1
22,0.999963355,1
23,0.999961639,1
24,0.999959934,1
25,0.99995825,1
26,0.999956569,1
27,0.999954888,1
28,0.999953214,1
29,0.99995153,1
30,0.999949835,1
31,0.999948147,1
32,0.999946469,1
33,0.999944775,1
34,0.99994309,1
35,0.999941416,1
36,0.999939739,1
37,0.999938051,1
38,0.999936346,1
39,0.999934672,1
40,0.99993233,1
41,0.999929866,1
42,0.999927668,1
43,0.9999247,1
44,0.999921938,1
45,0.999919997,1
46,0.999918221,1
47,0.999916475,1
48,0.99991474,1
49,0.999912973,1
50,0.999911197,1
51,0.999909441,1
52,0.999907692,1
53,0.999905984,1
54,0.999904289,1
55,0.999902575,1
56,0.99990088,1
57,0.999898217,1
58,0.99989538,1
59,0.999892638,1
60,0.999889671,1
61,0.999887555,1
62,0.999885861,1
63,0.999884187,1
64,0.999882483,1
65,0.999880788,1
66,0.999879104,1
67,0.99987742,1
68,0.999875743,1
69,0.999874066,1
70,0.999872382,1
71,0.999870687,1
72,0.999868983,1
73,0.999867295,1
74,0.999865629,1
75,0.999863945,1
76,0.999862251,1
77,0.999860588,1
78,0.999858918,1
79,0.999857227,1
80,0.999855523,1
81,0.999853808,1
82,0.999852104,1
83,0.999850417,1
84,0.99984874,1
85,0.999847046,1
86,0.999845363,1
87,0.999843699,1
88,0.999841287,1
89,0.999838652,1
90,0.999835883,1
91,0.999832937,1
92,0.999830822,1
93,0.999829077,1
94,0.999827362,1
95,0.999825658,1
96,0.999823944,1
97,0.999822219,1
98,0.999820494,1
99,0.999818769,1
100,0.999817065,1
101,0.999815371,1
102,0.999813657,1
103,0.999811942,1
104,0.999810228,1
105,0.999808503,1
106,0.999806778,1
107,0.999805063,1
108,0.999803359,1
109,0.999801645,1
110,0.999799934,1
111,0.999798223,1
112,0.999796046,1
113,0.999792854,1
114,0.999788799,1
115,0.999784816,1
116,0.999780987,1
117,0.999776788,1
118,0.999772641,1
119,0.999768627,1
120,0.999764805,1
121,0.99976086,1
122,0.99975697,1
123,0.99975309,1
124,0.999749086,1
125,0.99974524,1
126,0.999741466,1
127,0.999738294,1
128,0.999735082,1
129,0.999731879,1
130,0.999728974,1
131,0.999725689,1
132,0.999722507,1
133,0.999719325,1
134,0.999716102,1
135,0.999712931,1
136,0.999709739,1
137,0.999706649,1
138,0.999703364,1
139,0.9997001,1
140,0.999696847,1
141,0.999693391,1
142,0.999690172,1
143,0.999687062,1
144,0.999683921,1
145,0.999680781,1
146,0.999677592,1
147,0.999674506,1
148,0.99967117,1
149,0.999667968,1
150,0.999664797,1
151,0.999661567,1
152,0.999658379,1
153,0.999655207,1
154,0.999652056,1
155,0.999648823,1
156,0.999645621,1
157,0.999642169,1
158,0.999638943,1
159,0.999635689,1
160,0.999632456,1
161,0.999629326,1
162,0.999626021,1
163,0.999622973,1
164,0.999619802,1
165,0.99961658,1
166,0.999613378,1
167,0.999610224,1
168,0.999607141,1
169,0.99960394,1
170,0.999600779,1
171,0.999597567,1
172,0.99959418,1
173,0.999590988,1
174,0.999587766,1
175,0.999584553,1
176,0.9995813,1
177,0.999578037,1
178,0.999574777,1
179,0.99957124,1
180,0.999567976,1
181,0.999564754,1
182,0.999561531,1
183,0.999558275,1
184,0.99955509,1
185,0.999551868,1
186,0.999548481,1
187,0.999545135,1
188,0.99954165,1
189,0.999538492,1
190,0.999535249,1
191,0.999531976,1
192,0.99952862,1
193,0.99952521,1
194,0.999522199,1
195,0.999518987,1
196,0.999515714,1
197,0.99951243,1
198,0.999509311,1
199,0.999506212,1
200,0.999502866,1
201,0.999499644,1
202,0.999496299,1
203,0.999492967,1
204,0.999489964,1
205,0.999486691,1
206,0.999483356,1
207,0.999479969,1
208,0.999476614,1
209,0.999473293,1
210,0.999469807,1
211,0.999466523,1
212,0.999463188,1
213,0.999459895,1
214,0.999456512,1
215,0.999453283,1
216,0.999449938,1
217,0.999446388,1
218,0.999442991,1
219,0.999439667,1
220,0.999436497,1
221,0.99943308,1
222,0.999429694,1
223,0.999426195,1
224,0.999422798,1
225,0.999419566,1
226,0.999416057,1
227,0.99941265,1
228,0.999409295,1
229,0.999406114,1
230,0.999402971,1
231,0.999399592,1
232,0.999396309,1
233,0.999392964,1
234,0.999389701,1
235,0.999386609,1
236,0.999383148,1
237,0.999379731,1
238,0.999376386,1
239,0.999373113,1
240,0.999369727,1
241,0.999366279,1
242,0.999363078,1
243,0.999359785,1
244,0.99935645,1
245,0.999353105,1
246,0.999349897,1
247,0.999346402,1
248,0.999342862,1
249,0.999339528,1
250,0.999336265,1
251,0.999333146,1
252,0.99932978,1
253,0.999326436,1
254,0.999322875,1
255,0.999319377,1
256,0.999316011,1
257,0.99931239,1
258,0.999308973,1
259,0.999305608,1
260,0.999302212,1
261,0.999298816,1
262,0.999295424,1
263,0.999292247,1
264,0.999288902,1
265,0.999285578,1
266,0.999282387,1
267,0.999278974,1
268,0.999275725,1
269,0.999272381,1
270,0.999269016,1
271,0.999265712,1
272,0.999262395,1
273,0.999259139,1
274,0.999255795,1
275,0.999252409,1
276,0.999249023,1
277,0.99924572,1
278,0.999242427,1
279,0.999239852,1
280,0.999237985,1
281,0.999236097,1
282,0.999234199,1
283,0.999232343,1
284,0.999230496,1
285,0.999228588,1
286,0.99922668,1
287,0.999224792,1
288,0.999222891,1
289,0.999221011,1
290,0.999219164,1
291,0.999217266,1
292,0.999215348,1
293,0.999213474,1
294,0.999211641,1
295,0.999209795,1
296,0.999207907,1
297,0.999206009,1
298,0.999204071,1
299,0.999202122,1
300,0.999200213,1
301,0.999198326,1
302,0.999196397,1
303,0.999194414,1
304,0.999192421,1
305,0.999190502,1
306,0.999188615,1
307,0.999186666,1
308,0.999184717,1
309,0.999182781,1
310,0.999180846,1
311,0.999178907,1
312,0.999176927,1
313,0.999174937,1
314,0.999172988,1
315,0.999171059,1
316,0.999169141,1
317,0.999167202,1
318,0.999165253,1
319,0.999163304,1
320,0.999161334,1
321,0.999159375,1
322,0.999157405,1
323,0.999155426,1
324,0.99915347,1
325,0.999151483,1
326,0.999149472,1
327,0.999147482,1
328,0.999145513,1
329,0.999143553,1
330,0.99914157,1
331,0.999139556,1
332,0.999137535,1
333,0.999135535,1
334,0.999133544,1
335,0.999131537,1
336,0.99912952,1
337,0.999127509,1
338,0.999125498,1
339,0.999123467,1
340,0.999121429,1
341,0.999119401,1
342,0.99911736,1
343,0.999115308,1
344,0.999113257,1
345,0.999111205,1
346,0.999109153,1
347,0.999107102,1
348,0.99910505,1
349,0.999103019,1
350,0.999100998,1
351,0.999098956,1
352,0.999096894,1
353,0.999094822,1
354,0.99909276,1
355,0.999090709,1
356,0.999088671,1
357,0.999086622,1
358,0.99908454,1
359,0.999082468,1
360,0.999080416,1
361,0.999078378,1
362,0.99907633,1
363,0.999074237,1
364,0.999072144,1
365,0.999070082,1
366,0.999068031,1
367,0.999065969,1
368,0.999063896,1
369,0.999061814,1
370,0.999059732,1
371,0.999057649,1
372,0.999055577,1
373,0.999053505,1
374,0.999051412,1
375,0.999049329,1
376,0.999047247,1
377,0.999045147,1
378,0.999043048,1
379,0.999040955,1
380,0.999038862,1
381,0.999036749,1
382,0.999034615,1
383,0.999032492,1
384,0.999030358,1
385,0.999028224,1
386,0.999026111,1
387,0.999024001,1
388,0.999021891,1
389,0.999019778,1
390,0.999017685,1
391,0.999015613,1
392,0.999013531,1
393,0.999011445,1
394,0.999009369,1
395,0.999007287,1
396,0.999005184,1
397,0.999003081,1
398,0.999000954,1
399,0.998998827,1
400,0.998996745,1
401,0.998994652,1
402,0.998992518,1
403,0.998990402,1
404,0.998988316,1
405,0.998986214,1
406,0.998984091,1
407,0.998981957,1
408,0.998979824,1
409,0.998977701,1
410,0.998975578,1
411,0.998973465,1
412,0.998971352,1
413,0.998969219,1
414,0.998967106,1
415,0.998965024,1
416,0.998962952,1
417,0.99896086,1
418,0.998958747,1
419,0.998956638,1
420,0.998954528,1
421,0.998952426,1
422,0.998950333,1
423,0.998948221,1
424,0.998946108,1
425,0.998944016,1
426,0.998941934,1
427,0.998939851,1
428,0.998937749,1
429,0.99893564,1
430,0.99893354,1
431,0.998931438,1
432,0.998929335,1
433,0.998927243,1
434,0.998925151,1
435,0.998923065,1
436,0.998920969,1
437,0.998918877,1
438,0.998916785,1
439,0.998914672,1
440,0.998912576,1
441,0.998910511,1
442,0.998908446,1
443,0.998906382,1
444,0.998904289,1
445,0.998902183,1
446,0.998900077,1
447,0.998897954,1
448,0.998895841,1
449,0.998893739,1
450,0.99889164,1
451,0.998890423,1
452,0.998889205,1
453,0.998887988,1
454,0.998886771,1
455,0.998885554,1
456,0.998884337,1
457,0.99888312,1
458,0.998881903,1
459,0.998880686,1
460,0.998878809,1
461,0.9988754,1
462,0.998872001,1
463,0.998868935,1
464,0.998866391,1
465,0.998864114,1
466,0.998861923,1
467,0.998859752,1
468,0.998857608,1
469,0.998855485,1
470,0.998853362,1
471,0.998849423,1
472,0.99884398,1
473,0.998838271,1
474,0.998830015,1
475,0.998819799,1
476,0.998808652,1
477,0.998793221,1
478,0.99877497,1
479,0.998757967,1
480,0.998739858,1
481,0.998719011,1
482,0.998697573,1
483,0.998677336,1
484,0.998658367,1
485,0.998640106,1
486,0.998622256,1
487,0.998603975,1
488,0.998585029,1
489,0.998566002,1
490,0.998547467,1
491,0.99852969,1
492,0.998512733,1
493,0.998497562,1
494,0.998486071,1
495,0.998478546,1
496,0.998475645,1
497,0.998473349,1
498,0.998466412,1
499,0.998456747,1
500,0.998446567,1
501,0.998436387,1
502,0.998427151,1
503,0.998420238,1
504,0.998414812,1
505,0.998409543,1
506,0.998404377,1
507,0.998399261,1
508,0.998394166,1
509,0.99838906,1
510,0.998383975,1
511,0.99837891,1
512,0.998373825,1
513,0.99836874,1
514,0.998363668,1
515,0.998358617,1
516,0.998353552,1
517,0.998348477,1
518,0.998343392,1
519,0.998338297,1
520,0.998333201,1
521,0.998326219,1
522,0.998315968,1
523,0.998299494,1
524,0.998277403,1
525,0.998252852,1
526,0.998226272,1
527,0.998202062,1
528,0.998186155,1
529,0.998178079,1
530,0.998174134,1
531,0.998170844,1
532,0.998165247,1
533,0.998158442,1
534,0.998150693,1
535,0.998143129,1
536,0.998134744,1
537,0.998124781,1
538,0.998115249,1
539,0.99810587,1
540,0.998098309,1
541,0.998092819,1
542,0.99808757,1
543,0.998082353,1
544,0.998077176,1
545,0.998072034,1
546,0.998066892,1
547,0.998061746,1
548,0.99805658,1
549,0.998051393,1
550,0.998046217,1
551,0.998041071,1
552,0.998035935,1
553,0.998030769,1
554,0.998025593,1
555,0.998020426,1
556,0.99801526,1
557,0.998010114,1
558,0.998004969,1
559,0.997999792,1
560,0.997994626,1
561,0.99798947,1
562,0.997984304,1
563,0.997979137,1
564,0.997973961,1
565,0.997968795,1
566,0.997963611,1
567,0.997958428,1
568,0.997953272,1
569,0.997948095,1
570,0.997942919,1
571,0.997937766,1
572,0.997932624,1
573,0.997927488,1
574,0.997922353,1
575,0.997917197,1
576,0.997912044,1
577,0.997906892,1
578,0.997901746,1
579,0.99789659,1
580,0.997891414,1
581,0.997886247,1
582,0.997881095,1
583,0.997875942,1
584,0.997870755,1
585,0.997865569,1
586,0.997860402,1
587,0.997855209,1
588,0.997850046,1
589,0.997844931,1
590,0.997839785,1
591,0.997834055,1
592,0.997825797,1
593,0.997817529,1
594,0.997810036,1
595,0.997794478,1
596,0.997758322,1
597,0.997688702,1
598,0.997587841,1
599,0.997499375,1
600,0.997454345,1
601,0.997435748,1
602,0.997427422,1
603,0.997424544,1
604,0.997422095,1
605,0.997417814,1
606,0.99741181,1
607,0.997397078,1
608,0.997318949,1
609,0.997130221,1
610,0.996821031,1
611,0.996379756,1
612,0.995851504,1
613,0.995345282,1
614,0.995091748,1
615,0.995065668,1
616,0.995033018,1
617,0.994931001,1
618,0.994776687,1
619,0.994639842,1
620,0.994561492,1
621,0.994515489,1
622,0.994469027,1
623,0.994414974,1
624,0.994336066,1
625,0.994248248,1
626,0.994197093,1
627,0.994184838,1
628,0.994184523,1
629,0.994182674,1
630,0.994174906,1
631,0.994165634,1
632,0.994158224,1
633,0.994152623,1
634,0.994147084,1
635,0.994129679,1
636,0.993999191,1
637,0.993712104,1
638,0.993554964,1
639,0.993563533,1
640,0.993464732,1
641,0.993143568,1
642,0.992623991,1
643,0.992036531,1
644,0.991445588,1
645,0.990856324,1
646,0.990270034,1
647,0.98974022,1
648,0.989300198,1
649,0.988931166,1
650,0.988603709,1
651,0.988281273,1
652,0.987969535,1
653,0.987792107,1
654,0.987777336,1
655,0.987785207,1
656,0.987695057,1
657,0.987397172,1
658,0.98698002,1
659,0.98679984,1
660,0.986821993,1
661,0.986816836,1
662,0.986811859,1
663,0.986805061,1
664,0.986796166,1
665,0.986788613,1
666,0.986782631,1
667,0.98677672,1
668,0.986770852,1
669,0.986765064,1
670,0.986759195,1
671,0.986750635,1
672,0.986655575,1
673,0.986405661,1
674,0.986007492,1
675,0.985479963,1
676,0.984897662,1
677,0.984308767,1
678,0.983717188,1
679,0.98312711,1
680,0.982535802,1
681,0.981971075,1
682,0.981502406,1
683,0.981101462,1
684,0.980698876,1
685,0.980296513,1
686,0.979896039,1
687,0.979494786,1
688,0.979092813,1
689,0.978697355,1
690,0.978346317,1
691,0.978125382,1
692,0.978052059,1
693,0.977955246,1
694,0.977736638,1
695,0.977468256,1
696,0.977255482,1
697,0.97711111,1
698,0.976934832,1
699,0.976723061,1
700,0.976532796,1
701,0.976339679,1
702,0.976100959,1
703,0.975838594,1
704,0.975568395,1
705,0.975290021,1
706,0.975027601,1
707,0.974858296,1
708,0.974818493,1
709,0.974822595,1
710,0.974817647,1
711,0.974812686,1
712,0.974807532,1
713,0.974674631,1
714,0.974343402,1
715,0.973941315,1
716,0.97363874,1
717,0.973552287,1
718,0.973564829,1
719,0.973559734,1
720,0.97355456,1
721,0.973549294,1
722,0.973543418,1
723,0.973537177,1
724,0.973531046,1
725,0.973524924,1
726,0.97351802,1
727,0.973509514,1
728,0.973501996,1
729,0.973495166,1
730,0.973486311,1
731,0.973476644,1
732,0.973467239,1
733,0.973414504,1
734,0.97319798,1
735,0.973004041,1
736,0.972850991,1
737,0.972432095,1
738,0.971841797,1
739,0.971244966,1
740,0.970648713,1
741,0.970052852,1
742,0.969459804,1
743,0.968867207,1
744,0.968274794,1
745,0.967682856,1
746,0.967130646,1
747,0.966673713,1
748,0.966272104,1
749,0.96587129,1
750,0.965469496,1
751,0.965066488,0.99
752,0.964664629,0.98
753,0.964262601,0.98
754,0.963859206,0.98
755,0.963456871,0.98
756,0.963055256,0.98
757,0.962654843,0.98
758,0.962255712,0.98
759,0.9618571,0.98
760,0.961457121,0.98
761,0.961054407,0.98
762,0.960651687,0.98
763,0.960250225,0.98
764,0.95984934,0.98
765,0.959449944,0.98
766,0.959050281,0.98
767,0.958650531,0.98
768,0.958251216,0.98
769,0.957849729,0.98
770,0.957444506,0.98
771,0.957040858,0.98
772,0.956639858,0.98
773,0.95623818,0.98
774,0.955835108,0.98
775,0.955430934,0.98
776,0.955028612,0.98
777,0.954626375,0.98
778,0.954222926,0.98
779,0.95381952,0.98
780,0.95341713,0.9725
781,0.953016522,0.97
782,0.952616702,0.97
783,0.952215599,0.97
784,0.951813943,0.97
785,0.951432394,0.97
786,0.951144577,0.97
787,0.950943158,0.97
788,0.950748701,0.97
789,0.950550492,0.97
790,0.950342705,0.97
791,0.950120884,0.97
792,0.949884822,0.97
793,0.949604399,0.97
794,0.949262114,0.97
795,0.948898937,0.97
796,0.948586037,0.97
797,0.948314864,0.97
798,0.948072729,0.97
799,0.947867072,0.97
800,0.947726546,0.97
801,0.947675333,0.97
802,0.947636994,0.97
803,0.947562813,0.97
804,0.947474565,0.97
805,0.94743119,0.97
806,0.947435462,0.97
807,0.947438134,0.97
808,0.947433065,0.97
809,0.947427997,0.97
810,0.947422878,0.97
811,0.947417706,0.97
812,0.947412567,0.97
813,0.947407487,0.97
814,0.947402413,0.97
815,0.947397277,0.97
816,0.94739214,0.97
817,0.947387032,0.97
818,0.947381916,0.97
819,0.947376779,0.97
820,0.947371598,0.97
821,0.947366395,0.97
822,0.947360709,0.97
823,0.94735457,0.97
824,0.947348511,0.97
825,0.94734245,0.97
826,0.947336328,0.97
827,0.947330205,0.97
828,0.947324118,0.97
829,0.947318182,0.97
830,0.947310989,0.97
831,0.947301791,0.97
832,0.947293347,0.97
833,0.947287012,0.97
834,0.94728141,0.97
835,0.947139822,0.97
836,0.946704504,0.97
837,0.946109294,0.97
838,0.945515687,0.97
839,0.944922014,0.97
840,0.944325569,0.97
841,0.943728065,0.97
842,0.943129415,0.97
843,0.942531132,0.97
844,0.941935254,0.963333333
845,0.94163594,0.96
846,0.941755059,0.96
847,0.94199856,0.96
848,0.942240754,0.9675
849,0.942481079,0.97
850,0.942671104,0.97
851,0.942741822,0.97
852,0.942744134,0.97
853,0.942852965,0.97
854,0.943038973,0.97
855,0.943132334,0.97
856,0.94317345,0.97
857,0.943084514,0.97
858,0.942666997,0.97
859,0.94206633,0.97
860,0.941469877,0.963333333
861,0.94091723,0.96
862,0.940461886,0.96
863,0.940060242,0.96
864,0.939657151,0.96
865,0.93925484,0.96
866,0.938903837,0.96
867,0.93858656,0.96
868,0.938219877,0.96
869,0.937818566,0.96
870,0.937417049,0.96
871,0.937020247,0.96
872,0.936727717,0.96
873,0.936585476,0.96
874,0.936453716,0.96
875,0.936212618,0.96
876,0.935854318,0.96
877,0.935451166,0.96
878,0.935048567,0.96
879,0.934645925,0.96
880,0.934243858,0.96
881,0.933842418,0.96
882,0.933439923,0.96
883,0.933035983,0.96
884,0.932633947,0.96
885,0.932236392,0.96
886,0.931862426,0.96
887,0.93150849,0.96
888,0.931139719,0.96
889,0.930772177,0.96
890,0.930438249,0.96
891,0.930122417,0.953333333
892,0.929841533,0.95
893,0.929624213,0.95
894,0.929426372,0.95
895,0.929164055,0.95
896,0.92885128,0.95
897,0.928616213,0.95
898,0.928337944,0.95
899,0.927939303,0.95
900,0.92755257,0.95
901,0.927290834,0.95
902,0.927168986,0.95
903,0.927054779,0.95
904,0.926841897,0.95
905,0.926497063,0.95
906,0.926096052,0.95
907,0.925718562,0.95
908,0.925419565,0.95
909,0.925106101,0.95
910,0.924712871,0.95
911,0.924310316,0.95
912,0.923897745,0.95
913,0.923461494,0.95
914,0.92301263,0.95
915,0.922563097,0.95
916,0.92211482,0.95
917,0.921669095,0.95
918,0.921227636,0.95
919,0.920792919,0.95
920,0.920360141,0.95
921,0.919977554,0.95
922,0.919681665,0.95
923,0.919415946,0.95
924,0.919126337,0.95
925,0.918839042,0.95
926,0.91857389,0.935
927,0.918311747,0.93
928,0.918059137,0.93
929,0.917806472,0.93
930,0.917543546,0.93
931,0.917279361,0.93
932,0.917016157,0.93
933,0.916752221,0.93
934,0.916487877,0.93
935,0.916223494,0.93
936,0.91595874,0.93
937,0.915694159,0.93
938,0.915428822,0.93
939,0.915163767,0.93
940,0.914899699,0.93
941,0.914634773,0.93
942,0.914369779,0.93
943,0.914105074,0.93
944,0.913839997,0.93
945,0.913598798,0.93
946,0.913381124,0.93
947,0.913139585,0.93
948,0.912874937,0.93
949,0.91261113,0.93
950,0.91234897,0.93
951,0.912101155,0.93
952,0.911900467,0.93
953,0.911738317,0.93
954,0.911527998,0.93
955,0.911263751,0.93
956,0.910998202,0.93
957,0.910732593,0.93
958,0.91046773,0.93
959,0.910204128,0.93
960,0.909940192,0.93
961,0.909675912,0.93
962,0.909411869,0.93
963,0.90914767,0.93
964,0.908883139,0.93
965,0.908618154,0.93
966,0.908353372,0.93
967,0.908089038,0.93
968,0.907825873,0.93
969,0.907562205,0.93
970,0.907297525,0.923333333
971,0.907033247,0.92
972,0.906767843,0.92
973,0.906501129,0.92
974,0.906236251,0.92
975,0.905973858,0.92
976,0.905710869,0.92
977,0.905445991,0.92
978,0.905180679,0.92
979,0.904915599,0.92
980,0.904649978,0.92
981,0.904384487,0.92
982,0.904121511,0.92
983,0.903861637,0.92
984,0.903599579,0.92
985,0.903333813,0.92
986,0.903067386,0.92
987,0.902802962,0.92
988,0.902538828,0.92
989,0.90227299,0.92
990,0.902008312,0.92
991,0.901744881,0.92
992,0.901506784,0.92
993,0.901333048,0.92
994,0.901164897,0.92
995,0.900964813,0.92
996,0.900789465,0.92
997,0.900694052,0.92
998,0.900788931,0.92
999,0.901028157,0.92
1000,0.901278331,0.92
1001,0.901528046,0.92
1002,0.901776521,0.92
1003,0.902024287,0.92
1004,0.902271575,0.92
1005,0.902517989,0.92
1006,0.902718222,0.92
1007,0.902811257,0.92
1008,0.902866384,0.92
1009,0.9030172,0.92
1010,0.903201564,0.92
1011,0.90333357,0.92
1012,0.903444645,0.92
1013,0.903521565,0.92
1014,0.903571078,0.92
1015,0.903635224,0.92
1016,0.903673903,0.92
1017,0.903584073,0.92
1018,0.903361716,0.92
1019,0.903102649,0.92
1020,0.902874302,0.92
1021,0.902717198,0.92
1022,0.902620518,0.92
1023,0.902566601,0.92
1024,0.90254228,0.92
1025,0.902521234,0.92
1026,0.902520815,0.92
1027,0.902536151,0.92
1028,0.902536814,0.92
1029,0.902492044,0.92
1030,0.902434008,0.92
1031,0.902329021,0.92
1032,0.902177908,0.92
1033,0.902061543,0.92
1034,0.902005518,0.92
1035,0.901982075,0.92
1036,0.901890728,0.92
1037,0.901732313,0.92
1038,0.90158459,0.92
1039,0.901387193,0.92
1040,0.901119763,0.92
1041,0.900863596,0.92
1042,0.900716084,0.92
1043,0.900676744,0.92
1044,0.900625981,0.92
1045,0.900560174,0.92
1046,0.900454882,0.92
1047,0.900303655,0.92
1048,0.900219064,0.92
1049,0.90021824,0.92
1050,0.900232789,0.92
1051,0.900154883,0.92
1052,0.89998874,0.92
1053,0.899815153,0.92
1054,0.899675632,0.92
1055,0.899633321,0.92
1056,0.899699439,0.92
1057,0.899830506,0.92
1058,0.899998084,0.92
1059,0.900204847,0.92
1060,0.900397197,0.92
1061,0.900516535,0.92
1062,0.900557371,0.92
1063,0.900556187,0.92
1064,0.90046152,0.92
1065,0.900245733,0.92
1066,0.899991667,0.92
1067,0.899735793,0.92
1068,0.899478534,0.92
1069,0.899220853,0.92
1070,0.899002344,0.92
1071,0.898985346,0.92
1072,0.899078477,0.92
1073,0.898969206,0.92
1074,0.898709733,0.92
1075,0.89845003,0.92
1076,0.898189143,0.92
1077,0.897927499,0.92
1078,0.897666072,0.92
1079,0.897403345,0.92
1080,0.897139827,0.92
1081,0.896875351,0.92
1082,0.896610729,0.92
1083,0.896347168,0.92
1084,0.896084508,0.92
1085,0.895822076,0.913333333
1086,0.895558327,0.91
1087,0.895293416,0.91
1088,0.895027561,0.91
1089,0.894762952,0.91
1090,0.894499054,0.91
1091,0.894234927,0.91
1092,0.893969859,0.91
1093,0.893704244,0.91
1094,0.893442601,0.91
1095,0.893312765,0.91
1096,0.893312185,0.91
1097,0.893286457,0.91
1098,0.893191664,0.91
1099,0.893113988,0.91
1100,0.893201116,0.91
1101,0.893304222,0.91
1102,0.893298293,0.91
1103,0.89327106,0.91
1104,0.893243638,0.91
1105,0.893263607,0.91
1106,0.893414174,0.91
1107,0.893649146,0.91
1108,0.893849279,0.91
1109,0.894045739,0.91
1110,0.894233713,0.91
1111,0.894361396,0.91
1112,0.894477134,0.91
1113,0.89462418,0.91
1114,0.894783131,0.91
1115,0.894910405,0.91
1116,0.894997273,0.91
1117,0.895060039,0.91
1118,0.8951175,0.91
1119,0.895169114,0.91
1120,0.895207071,0.91
1121,0.895222068,0.91
1122,0.895217669,0.91
1123,0.895139087,0.91
1124,0.894939776,0.91
1125,0.894803707,0.91
1126,0.894726692,0.91
1127,0.89453264,0.91
1128,0.89433491,0.91
1129,0.894267907,0.91
1130,0.894281633,0.91
1131,0.894332536,0.91
1132,0.894399118,0.91
1133,0.894431126,0.91
1134,0.894434544,0.91
1135,0.894425676,0.91
1136,0.894413564,0.91
1137,0.894403647,0.91
1138,0.894389809,0.91
1139,0.894313883,0.91
1140,0.894124603,0.91
1141,0.893875673,0.91
1142,0.893621497,0.91
1143,0.893364695,0.91
1144,0.893106391,0.91
1145,0.892848069,0.91
1146,0.892590429,0.91
1147,0.892331472,0.91
1148,0.892071205,0.91
1149,0.891809375,0.91
1150,0.891547056,0.91
1151,0.891286711,0.91
1152,0.891025156,0.91
1153,0.890775017,0.91
1154,0.890611856,0.91
1155,0.890435326,0.91
1156,0.890171802,0.91
1157,0.889909288,0.91
1158,0.889647636,0.91
1159,0.889459378,0.91
1160,0.889402749,0.91
1161,0.889514852,0.91
1162,0.889736253,0.91
1163,0.889868584,0.91
1164,0.88988979,0.91
1165,0.889884531,0.91
1166,0.889760628,0.91
1167,0.889510557,0.91
1168,0.889291703,0.91
1169,0.889305608,0.91
1170,0.889496853,0.91
1171,0.88963543,0.91
1172,0.889695056,0.91
1173,0.889700757,0.91
1174,0.889693115,0.91
1175,0.889685901,0.91
1176,0.889679158,0.91
1177,0.889672694,0.91
1178,0.889666319,0.91
1179,0.889642704,0.91
1180,0.889535796,0.91
1181,0.889322391,0.91
1182,0.889068278,0.91
1183,0.88881246,0.91
1184,0.888555196,0.91
1185,0.888297893,0.91
1186,0.888039653,0.91
1187,0.887780685,0.91
1188,0.887521205,0.91
1189,0.887259869,0.91
1190,0.886997373,0.91
1191,0.886734228,0.91
1192,0.886472113,0.91
1193,0.886209289,0.91
1194,0.885796497,0.91
1195,0.885218157,0.91
1196,0.88462223,0.91
1197,0.884025768,0.9025
1198,0.883428071,0.9
1199,0.882827019,0.9
1200,0.882224627,0.9
1201,0.881633068,0.9
1202,0.881055543,0.9
1203,0.880625865,0.9
1204,0.880605139,0.9
1205,0.880844214,0.9
1206,0.88107658,0.9
1207,0.881294945,0.9
1208,0.881267023,0.9
1209,0.880935571,0.9
1210,0.880533977,0.9
1211,0.880133925,0.9
1212,0.879735091,0.9
1213,0.879335358,0.9
1214,0.878935929,0.9
1215,0.878536843,0.9
1216,0.878138142,0.9
1217,0.877740369,0.9
1218,0.877339883,0.9
1219,0.876940017,0.9
1220,0.87654193,0.9
1221,0.87614274,0.9
1222,0.875743768,0.9
1223,0.875348981,0.9
1224,0.875058307,0.9
1225,0.875070612,0.9
1226,0.875299454,0.9
1227,0.875541819,0.9
1228,0.875783267,0.9
1229,0.876023303,0.9
1230,0.876261285,0.9
1231,0.876496896,0.9
1232,0.87672985,0.9
1233,0.876959395,0.9
1234,0.877180757,0.9
1235,0.877345257,0.9
1236,0.877469027,0.9
1237,0.877618109,0.9
1238,0.877771061,0.9
1239,0.877888864,0.9
1240,0.877956283,0.9
1241,0.877979165,0.9
1242,0.877979725,0.9
1243,0.877939166,0.9
1244,0.877752462,0.9
1245,0.877409721,0.9
1246,0.877019275,0.9
1247,0.8766262,0.9
1248,0.876229407,0.9
1249,0.875829117,0.9
1250,0.875429306,0.9
1251,0.875028649,0.9
1252,0.874627697,0.9
1253,0.874229521,0.9
1254,0.873793895,0.9
1255,0.873256802,0.9
1256,0.872710103,0.9
1257,0.872495279,0.9
1258,0.872517598,0.9
1259,0.872349544,0.9
1260,0.871966473,0.8925
1261,0.871456849,0.89
1262,0.870873366,0.89
1263,0.870277684,0.89
1264,0.869682906,0.89
1265,0.869088697,0.89
1266,0.868494053,0.89
1267,0.867898009,0.89
1268,0.867303507,0.89
1269,0.86677424,0.89
1270,0.86634251,0.89
1271,0.865946395,0.89
1272,0.865549874,0.89
1273,0.865152634,0.89
1274,0.864756942,0.89
1275,0.864362536,0.89
1276,0.863967683,0.89
1277,0.863571253,0.89
1278,0.863175286,0.89
1279,0.862779468,0.89
1280,0.862382452,0.89
1281,0.861986292,0.89
1282,0.861591608,0.89
1283,0.86119721,0.89
1284,0.860804191,0.89
1285,0.860411446,0.875
1286,0.860017893,0.87
1287,0.859622124,0.87
1288,0.859223867,0.87
1289,0.858825497,0.87
1290,0.858427663,0.87
1291,0.858029854,0.87
1292,0.857634693,0.87
1293,0.857240095,0.87
1294,0.856846965,0.87
1295,0.856454498,0.87
1296,0.856138467,0.87
1297,0.85588923,0.87
1298,0.85559544,0.87
1299,0.855265607,0.87
1300,0.854932042,0.87
1301,0.854607121,0.87
1302,0.854305618,0.87
1303,0.854056058,0.87
1304,0.853854093,0.87
1305,0.853648069,0.87
1306,0.853422698,0.87
1307,0.853205171,0.87
1308,0.853005145,0.87
1309,0.85280898,0.87
1310,0.852598516,0.87
1311,0.852366173,0.87
1312,0.85211288,0.87
1313,0.851817402,0.87
1314,0.851488235,0.87
1315,0.85115685,0.87
1316,0.850832056,0.87
1317,0.850531188,0.87
1318,0.850250125,0.87
1319,0.849989674,0.87
1320,0.84976617,0.87
1321,0.849543367,0.87
1322,0.849298224,0.87
1323,0.849048069,0.8625
1324,0.848787383,0.86
1325,0.848505364,0.86
1326,0.848189523,0.86
1327,0.847819052,0.86
1328,0.847410139,0.86
1329,0.846991372,0.86
1330,0.846571013,0.86
1331,0.846149423,0.86
1332,0.845724561,0.86
1333,0.84529812,0.86
1334,0.844868599,0.86
1335,0.844440079,0.86
1336,0.8440149,0.86
1337,0.843585554,0.86
1338,0.843156243,0.86
1339,0.842728247,0.86
1340,0.842298305,0.86
1341,0.841873576,0.86
1342,0.841448495,0.86
1343,0.841022242,0.86
1344,0.840601282,0.86
1345,0.840181217,0.86
1346,0.839761408,0.86
1347,0.839344717,0.86
1348,0.838939762,0.86
1349,0.838569321,0.86
1350,0.838242131,0.86
1351,0.837945956,0.86
1352,0.837679869,0.853333333
1353,0.837445408,0.85
1354,0.837276835,0.85
1355,0.837201584,0.85
1356,0.837105233,0.85
1357,0.836878335,0.85
1358,0.836640501,0.85
1359,0.836480587,0.85
1360,0.836361075,0.85
1361,0.836277942,0.85
1362,0.836214184,0.85
1363,0.836145486,0.85
1364,0.835993193,0.85
1365,0.83573489,0.85
1366,0.835442715,0.85
1367,0.83515002,0.85
1368,0.834901815,0.85
1369,0.834675719,0.85
1370,0.834409429,0.85
1371,0.834161565,0.85
1372,0.833980246,0.85
1373,0.833806954,0.85
1374,0.833566148,0.85
1375,0.833233552,0.85
1376,0.832878781,0.85
1377,0.832812352,0.85
1378,0.833036358,0.85
1379,0.833282615,0.85
1380,0.833523827,0.85
1381,0.833663748,0.85
1382,0.833658009,0.85
1383,0.833703726,0.85
1384,0.833708964,0.85
1385,0.833775994,0.85
1386,0.834033473,0.85
1387,0.834198575,0.85
1388,0.834225516,0.85
1389,0.834192872,0.85
1390,0.834193445,0.85
1391,0.834160296,0.85
1392,0.834187101,0.85
1393,0.834365445,0.85
1394,0.834585702,0.85
1395,0.834824222,0.85
1396,0.834984254,0.85
1397,0.83489281,0.85
1398,0.834687701,0.85
1399,0.834612594,0.85
1400,0.834608942,0.85
1401,0.834605787,0.85
1402,0.834607053,0.85
1403,0.834612568,0.85
1404,0.834555498,0.85
1405,0.83437775,0.85
1406,0.834192428,0.85
1407,0.834118549,0.85
1408,0.83412784,0.85
1409,0.834213228,0.85
1410,0.83431989,0.85
1411,0.834372573,0.85
1412,0.834398869,0.85
1413,0.834402836,0.85
1414,0.834189474,0.85
1415,0.833747676,0.85
1416,0.83325993,0.85
1417,0.832864383,0.85
1418,0.832705976,0.85
1419,0.832710291,0.85
1420,0.832744735,0.85
1421,0.832746161,0.85
1422,0.832569739,0.85
1423,0.832187068,0.85
1424,0.831826409,0.85
1425,0.831641734,0.85
1426,0.83159415,0.85
1427,0.831575835,0.85
1428,0.831446851,0.85
1429,0.831221183,0.85
1430,0.831047158,0.85
1431,0.830920478,0.85
1432,0.830792805,0.85
1433,0.830621878,0.85
1434,0.830247037,0.85
1435,0.829807921,0.85
1436,0.82956323,0.85
1437,0.829577652,0.85
1438,0.829567077,0.85
1439,0.829235679,0.85
1440,0.828977268,0.85
1441,0.828975448,0.85
1442,0.828936632,0.85
1443,0.828715511,0.85
1444,0.828367729,0.85
1445,0.828128961,0.85
1446,0.828167493,0.85
1447,0.828249325,0.85
1448,0.828169003,0.85
1449,0.827973236,0.85
1450,0.827708292,0.85
1451,0.827446818,0.85
1452,0.827408011,0.85
1453,0.827477864,0.85
1454,0.827447231,0.85
1455,0.82744877,0.85
1456,0.827471677,0.85
1457,0.827458721,0.85
1458,0.827420156,0.85
1459,0.827335195,0.85
1460,0.827227338,0.85
1461,0.82717632,0.85
1462,0.827252282,0.85
1463,0.827337002,0.85
1464,0.827441126,0.85
1465,0.827550945,0.85
1466,0.827554193,0.85
1467,0.827503699,0.85
1468,0.827370692,0.85
1469,0.827185664,0.85
1470,0.826975301,0.85
1471,0.826757344,0.85
1472,0.826576007,0.85
1473,0.826465005,0.85
1474,0.826390547,0.8425
1475,0.826307926,0.84
1476,0.826224887,0.84
1477,0.826135124,0.84
1478,0.826075955,0.84
1479,0.826047842,0.84
1480,0.825995015,0.84
1481,0.825917948,0.84
1482,0.825849591,0.84
1483,0.825800056,0.84
1484,0.825694216,0.84
1485,0.825531065,0.84
1486,0.825385665,0.84
1487,0.825263279,0.84
1488,0.825123062,0.84
1489,0.824952426,0.84
1490,0.824736824,0.84
1491,0.824472694,0.84
1492,0.82424753,0.84
1493,0.824143294,0.84
1494,0.824133302,0.84
1495,0.824123669,0.84
1496,0.824090672,0.84
1497,0.824019024,0.84
1498,0.823929325,0.84
1499,0.823859324,0.84
1500,0.823767399,0.84
1501,0.823642378,0.84
1502,0.823490356,0.84
1503,0.823273674,0.84
1504,0.822997774,0.84
1505,0.822729532,0.84
1506,0.822684295,0.84
1507,0.822775654,0.84
1508,0.822779887,0.84
1509,0.82270619,0.84
1510,0.822509062,0.84
1511,0.822302516,0.84
1512,0.822272294,0.84
1513,0.822222252,0.84
1514,0.822131532,0.84
1515,0.822219122,0.84
1516,0.822324809,0.84
1517,0.822266656,0.84
1518,0.822089906,0.84
1519,0.821989571,0.84
1520,0.821924633,0.84
1521,0.821707998,0.84
1522,0.821278478,0.84
1523,0.820706771,0.84
1524,0.820224172,0.84
1525,0.820031394,0.84
1526,0.820026646,0.84
1527,0.820054299,0.84
1528,0.820187474,0.84
1529,0.820314874,0.84
1530,0.82037037,0.84
1531,0.820486429,0.84
1532,0.820681307,0.84
1533,0.820905313,0.84
1534,0.821118744,0.84
1535,0.821317315,0.84
1536,0.821490034,0.84
1537,0.821625274,0.84
1538,0.821713391,0.84
1539,0.821731764,0.84
1540,0.821711968,0.84
1541,0.821655931,0.84
1542,0.821543694,0.84
1543,0.821434667,0.84
1544,0.82121927,0.84
1545,0.820793207,0.84
1546,0.82028903,0.84
1547,0.819834641,0.84
1548,0.819403443,0.84
1549,0.81888135,0.84
1550,0.818289081,0.84
1551,0.817696788,0.84
1552,0.817102333,0.84
1553,0.816510138,0.84
1554,0.815918907,0.84
1555,0.815515889,0.84
1556,0.815330446,0.84
1557,0.815180723,0.84
1558,0.815035483,0.84
1559,0.814939133,0.84
1560,0.814915687,0.84
1561,0.814928031,0.84
1562,0.815041445,0.84
1563,0.815207138,0.84
1564,0.815320735,0.84
1565,0.815428545,0.84
1566,0.815596461,0.84
1567,0.815799756,0.84
1568,0.815979386,0.84
1569,0.816123033,0.84
1570,0.816221421,0.84
1571,0.816265862,0.84
1572,0.8161772,0.84
1573,0.815946701,0.84
1574,0.815723965,0.84
1575,0.815541537,0.84
1576,0.815312814,0.84
1577,0.81500342,0.84
1578,0.814534815,0.82
1579,0.813945552,0.82
1580,0.813354305,0.82
1581,0.812786631,0.82
1582,0.812373514,0.82
1583,0.812149654,0.82
1584,0.811989126,0.82
1585,0.811758223,0.82
1586,0.811364478,0.82
1587,0.810872431,0.82
1588,0.810397157,0.82
1589,0.809992455,0.82
1590,0.809566797,0.82
1591,0.809069552,0.82
1592,0.808581985,0.82
1593,0.808151451,0.82
1594,0.807761524,0.82
1595,0.80737195,0.82
1596,0.80697813,0.82
1597,0.806584653,0.82
1598,0.80619384,0.82
1599,0.805801123,0.82
1600,0.805404893,0.82
1601,0.805010922,0.82
1602,0.804730278,0.82
1603,0.804714221,0.82
1604,0.8048642,0.82
1605,0.804968579,0.82
1606,0.804900738,0.82
1607,0.804613997,0.82
1608,0.804221911,0.82
1609,0.803827207,0.82
1610,0.803434652,0.82
1611,0.803044339,0.8125
1612,0.802653846,0.81
1613,0.802263747,0.81
1614,0.801872727,0.81
1615,0.80148126,0.81
1616,0.801090269,0.81
1617,0.800698875,0.81
1618,0.800307497,0.81
1619,0.799915964,0.81
1620,0.799525219,0.81
1621,0.799135966,0.81
1622,0.798745657,0.81
1623,0.798353677,0.81
1624,0.79796351,0.81
1625,0.797573921,0.81
1626,0.797190356,0.81
1627,0.797088947,0.81
1628,0.797228382,0.81
1629,0.797392859,0.81
1630,0.797535462,0.81
1631,0.797523381,0.81
1632,0.797546194,0.81
1633,0.797536187,0.81
1634,0.797420122,0.81
1635,0.797353441,0.81
1636,0.797336209,0.81
1637,0.797371833,0.81
1638,0.797248272,0.81
1639,0.796904573,0.81
1640,0.796630269,0.81
1641,0.796402085,0.81
1642,0.796056866,0.81
1643,0.795620334,0.81
1644,0.795089881,0.81
1645,0.794506339,0.81
1646,0.793920655,0.81
1647,0.793331845,0.81
1648,0.792742941,0.81
1649,0.792159717,0.81
1650,0.79157602,0.81
1651,0.790987573,0.8
1652,0.790399548,0.8
1653,0.789857865,0.8
1654,0.789412724,0.8
1655,0.789019237,0.8
1656,0.788627396,0.8
1657,0.788238029,0.8
1658,0.787849139,0.8
1659,0.787459459,0.8
1660,0.787068552,0.8
1661,0.786677206,0.8
1662,0.786286825,0.8
1663,0.785895526,0.8
1664,0.785504092,0.8
1665,0.785113352,0.8
1666,0.784723243,0.8
1667,0.784334134,0.8
1668,0.783942529,0.8
1669,0.783549903,0.8
1670,0.783158971,0.8
1671,0.782766978,0.8
1672,0.78237649,0.8
1673,0.781987914,0.8
1674,0.781597913,0.8
1675,0.781209099,0.8
1676,0.780818942,0.8
1677,0.780429252,0.8
1678,0.780042466,0.79
1679,0.779655074,0.79
1680,0.779264966,0.79
1681,0.778872608,0.79
1682,0.778481294,0.79
1683,0.778090427,0.79
1684,0.777700974,0.79
1685,0.777311666,0.79
1686,0.776922457,0.79
1687,0.776535505,0.79
1688,0.776149273,0.79
1689,0.775762483,0.79
1690,0.775373845,0.79
1691,0.774984665,0.79
1692,0.774595966,0.79
1693,0.774205921,0.79
1694,0.77381673,0.79
1695,0.773428543,0.79
1696,0.773040092,0.79
1697,0.772651233,0.79
1698,0.772261745,0.79
1699,0.771976467,0.79
1700,0.771987689,0.79
1701,0.7721806,0.79
1702,0.772265639,0.79
1703,0.772064593,0.79
1704,0.771627882,0.79
1705,0.771092328,0.79
1706,0.770505754,0.79
1707,0.769918629,0.79
1708,0.769331536,0.79
1709,0.768811942,0.79
1710,0.768389743,0.7825
1711,0.768001469,0.78
1712,0.767614766,0.78
1713,0.767226554,0.78
1714,0.766837187,0.78
1715,0.766446727,0.78
1716,0.766055744,0.78
1717,0.765600787,0.78
1718,0.765358274,0.78
1719,0.765489372,0.78
1720,0.765664949,0.78
1721,0.765520777,0.78
1722,0.765121368,0.78
1723,0.764709549,0.78
1724,0.764341668,0.78
1725,0.763891156,0.78
1726,0.763302516,0.78
1727,0.762742228,0.78
1728,0.762209927,0.78
1729,0.76170319,0.78
1730,0.761217495,0.78
1731,0.760744092,0.78
1732,0.760276207,0.78
1733,0.75982406,0.78
1734,0.759411011,0.78
1735,0.759020916,0.78
1736,0.758626708,0.78
1737,0.758233781,0.78
1738,0.757843897,0.78
1739,0.757453701,0.78
1740,0.757064208,0.76
1741,0.756674551,0.76
1742,0.756283914,0.76
1743,0.755892972,0.76
1744,0.755501262,0.76
1745,0.755110707,0.76
1746,0.754721571,0.76
1747,0.754342129,0.76
1748,0.754039257,0.76
1749,0.753725101,0.76
1750,0.753346491,0.76
1751,0.753090034,0.76
1752,0.753027079,0.76
1753,0.753138686,0.76
1754,0.753354292,0.76
1755,0.753587131,0.76
1756,0.753737068,0.76
1757,0.753740001,0.76
1758,0.753511241,0.76
1759,0.753115875,0.76
1760,0.752724731,0.76
1761,0.752332245,0.76
1762,0.75193884,0.76
1763,0.751546071,0.76
1764,0.751169133,0.76
1765,0.75109902,0.76
1766,0.751321861,0.76
1767,0.751473195,0.76
1768,0.75132387,0.76
1769,0.751026771,0.76
1770,0.750941834,0.76
1771,0.750812657,0.76
1772,0.750508337,0.76
1773,0.750465228,0.76
1774,0.750688634,0.76
1775,0.750917444,0.76
1776,0.751140279,0.76
1777,0.751355489,0.76
1778,0.751558523,0.76
1779,0.751742369,0.76
1780,0.751730508,0.76
1781,0.751435163,0.76
1782,0.751042135,0.76
1783,0.750648092,0.76
1784,0.750215169,0.76
1785,0.749682027,0.76
1786,0.749153173,0.76
1787,0.748727906,0.76
1788,0.74833745,0.76
1789,0.747945296,0.76
1790,0.747553059,0.76
1791,0.747160701,0.76
1792,0.746769952,0.76
1793,0.746378319,0.76
1794,0.74593962,0.76
1795,0.74540319,0.7525
1796,0.74498665,0.75
1797,0.744915174,0.75
1798,0.744718495,0.75
1799,0.74417612,0.75
1800,0.743896281,0.75
1801,0.744024491,0.75
1802,0.744242383,0.75
1803,0.744399361,0.75
1804,0.744513141,0.75
1805,0.744615817,0.75
1806,0.744659052,0.75
1807,0.744527977,0.75
1808,0.744301418,0.75
1809,0.744111878,0.75
1810,0.743913559,0.75
1811,0.743615851,0.75
1812,0.7433001,0.75
1813,0.743171986,0.75
1814,0.74302032,0.75
1815,0.742822388,0.75
1816,0.742720514,0.75
1817,0.742704617,0.75
1818,0.742754973,0.75
1819,0.742797932,0.75
1820,0.742839059,0.75
1821,0.742903851,0.75
1822,0.74303254,0.75
1823,0.743155841,0.75
1824,0.743245813,0.75
1825,0.74328948,0.75
1826,0.74328979,0.75
1827,0.743318516,0.75
1828,0.743448318,0.75
1829,0.74361859,0.75
1830,0.743770884,0.75
1831,0.743926595,0.75
1832,0.744049822,0.75
1833,0.74414763,0.75
1834,0.744231446,0.75
1835,0.744316283,0.75
1836,0.744400976,0.75
1837,0.744480918,0.75
1838,0.744557096,0.75
1839,0.744625024,0.75
1840,0.74468755,0.75
1841,0.744752534,0.75
1842,0.744819249,0.75
1843,0.744895501,0.75
1844,0.744987263,0.75
1845,0.745090825,0.75
1846,0.745204401,0.76
1847,0.745326874,0.76
1848,0.745457241,0.76
1849,0.745593367,0.76
1850,0.745732219,0.76
1851,0.745875141,0.76
1852,0.746025435,0.76
1853,0.746168766,0.76
1854,0.746050204,0.76
1855,0.745603505,0.76
1856,0.745387427,0.76
1857,0.745489128,0.76
1858,0.745654033,0.76
1859,0.745871796,0.76
1860,0.74607181,0.76
1861,0.746198861,0.76
1862,0.746283003,0.76
1863,0.746395844,0.76
1864,0.746503867,0.76
1865,0.746548288,0.76
1866,0.746556229,0.76
1867,0.746436117,0.76
1868,0.746011397,0.76
1869,0.745414844,0.76
1870,0.744817038,0.76
1871,0.744219421,0.75
1872,0.743629681,0.75
1873,0.74327315,0.75
1874,0.743167217,0.75
1875,0.743154822,0.75
1876,0.743202261,0.75
1877,0.74316691,0.75
1878,0.74309129,0.75
1879,0.743105885,0.75
1880,0.743210275,0.75
1881,0.743372842,0.75
1882,0.743560722,0.75
1883,0.743608242,0.75
1884,0.743461967,0.75
1885,0.743382623,0.75
1886,0.743508681,0.75
1887,0.743713085,0.75
1888,0.743899634,0.75
1889,0.744056412,0.75
1890,0.744159852,0.75
1891,0.74409569,0.75
1892,0.743732244,0.75
1893,0.743173429,0.75
1894,0.742576288,0.75
1895,0.741972718,0.75
1896,0.74137287,0.75
1897,0.740773764,0.75
1898,0.740173443,0.75
1899,0.7395743,0.75
1900,0.738973984,0.75
1901,0.738419397,0.75
1902,0.737969142,0.75
1903,0.737573717,0.75
1904,0.737176685,0.75
1905,0.736779248,0.75
1906,0.736382633,0.75
1907,0.735987107,0.75
1908,0.735591339,0.75
1909,0.735194491,0.75
1910,0.734799149,0.75
1911,0.734402706,0.75
1912,0.73400388,0.75
1913,0.733607259,0.75
1914,0.733210565,0.75
1915,0.732812738,0.75
1916,0.732415397,0.7425
1917,0.732017275,0.74
1918,0.73161825,0.74
1919,0.731220893,0.74
1920,0.73082411,0.74
1921,0.730426099,0.74
1922,0.730028627,0.74
1923,0.729726325,0.74
1924,0.729751271,0.74
1925,0.729998705,0.74
1926,0.730235294,0.74
1927,0.73047036,0.74
1928,0.730704616,0.74
1929,0.730937293,0.74
1930,0.731167317,0.74
1931,0.731393486,0.74
1932,0.731613676,0.74
1933,0.731790722,0.74
1934,0.731855568,0.74
1935,0.731900778,0.74
1936,0.732024959,0.74
1937,0.732101426,0.74
1938,0.732057592,0.74
1939,0.731915464,0.74
1940,0.731651719,0.74
1941,0.731315537,0.74
1942,0.730946808,0.74
1943,0.730547131,0.74
1944,0.73014761,0.74
1945,0.729749716,0.74
1946,0.729352241,0.74
1947,0.728954491,0.74
1948,0.728557348,0.74
1949,0.728159905,0.74
1950,0.727761333,0.74
1951,0.727363956,0.74
1952,0.726924147,0.74
1953,0.726463489,0.74
1954,0.72636192,0.74
1955,0.726592681,0.74
1956,0.72681758,0.74
1957,0.726815182,0.74
1958,0.726403409,0.74
1959,0.725803967,0.74
1960,0.725202175,0.74
1961,0.724603829,0.74
1962,0.724006145,0.74
1963,0.723417507,0.74
1964,0.722848199,0.74
1965,0.722297166,0.74
1966,0.721794673,0.74
1967,0.721364885,0.74
1968,0.720967763,0.74
1969,0.720570582,0.7325
1970,0.720172836,0.73
1971,0.719775505,0.73
1972,0.719379884,0.73
1973,0.71898452,0.73
1974,0.718588899,0.73
1975,0.718193956,0.73
1976,0.717803413,0.73
1977,0.717444723,0.73
1978,0.717092899,0.73
1979,0.71677831,0.73
1980,0.716669948,0.73
1981,0.716800399,0.73
1982,0.717029244,0.73
1983,0.717262545,0.73
1984,0.717489998,0.73
1985,0.717710689,0.73
1986,0.717921962,0.73
1987,0.718076411,0.73
1988,0.717976246,0.73
1989,0.717625885,0.73
1990,0.717231304,0.73
1991,0.716838402,0.73
1992,0.716444903,0.73
1993,0.716050586,0.73
1994,0.715655228,0.73
1995,0.7152629,0.73
1996,0.714872574,0.73
1997,0.714478705,0.73
1998,0.714082859,0.73
1999,0.713687707,0.73
2000,0.713292629,0.73
2001,0.712898141,0.73
2002,0.712503445,0.73
2003,0.712108343,0.73
2004,0.711714359,0.73
2005,0.711321096,0.73
2006,0.710939495,0.73
2007,0.71085943,0.73
2008,0.711073616,0.73
2009,0.711290499,0.73
2010,0.711431161,0.73
2011,0.711383887,0.73
2012,0.711105182,0.73
2013,0.710709049,0.73
2014,0.710315367,0.73
2015,0.709924868,0.73
2016,0.709532131,0.73
2017,0.709092651,0.73
2018,0.708551397,0.71
2019,0.707952682,0.71
2020,0.707355034,0.71
2021,0.706755455,0.71
2022,0.706155911,0.71
2023,0.70555995,0.71
2024,0.704970117,0.71
2025,0.704423631,0.71
2026,0.704128467,0.71
2027,0.704202207,0.71
2028,0.704429485,0.71
2029,0.704652592,0.71
2030,0.704871553,0.71
2031,0.705079766,0.71
2032,0.705261666,0.71
2033,0.705392149,0.71
2034,0.705432785,0.71
2035,0.705166541,0.71
2036,0.704609244,0.71
2037,0.704007793,0.71
2038,0.703404133,0.71
2039,0.702875234,0.71
2040,0.702450601,0.71
2041,0.702055305,0.71
2042,0.701659955,0.71
2043,0.701264258,0.71
2044,0.700868511,0.71
2045,0.700473055,0.71
2046,0.700077325,0.71
2047,0.699682444,0.71
2048,0.699288207,0.71
2049,0.698893224,0.71
2050,0.698498047,0.71
2051,0.698103513,0.71
2052,0.697708792,0.71
2053,0.697313649,0.71
2054,0.696919327,0.7
2055,0.696523932,0.7
2056,0.696129599,0.7
2057,0.695737353,0.7
2058,0.695345161,0.7
2059,0.694954013,0.7
2060,0.694730027,0.7
2061,0.694816045,0.7
2062,0.695043348,0.7
2063,0.695267038,0.7
2064,0.695486122,0.7
2065,0.69570126,0.7
2066,0.695910162,0.7
2067,0.696102716,0.7
2068,0.69626665,0.7
2069,0.696392922,0.7
2070,0.696476076,0.7
2071,0.696485611,0.7
2072,0.696409222,0.7
2073,0.696251229,0.7
2074,0.695956552,0.7
2075,0.695571839,0.7
2076,0.695186358,0.7
2077,0.694798657,0.7
2078,0.694407873,0.7
2079,0.694014901,0.7
2080,0.69361945,0.7
2081,0.6932213,0.7
2082,0.692822174,0.7
2083,0.692426878,0.7
2084,0.692031995,0.7
2085,0.691635469,0.7
2086,0.691241289,0.7
2087,0.69084681,0.7
2088,0.690451776,0.7
2089,0.690057629,0.7
2090,0.68961895,0.7
2091,0.689377402,0.7
2092,0.689287924,0.7
2093,0.68912996,0.7
2094,0.689065207,0.7
2095,0.688935347,0.7
2096,0.688546502,0.7
2097,0.687987178,0.7
2098,0.687484933,0.7
2099,0.687011369,0.7
2100,0.686479703,0.7
2101,0.686188971,0.7
2102,0.685869745,0.7
2103,0.685280859,0.69
2104,0.68467411,0.69
2105,0.684175662,0.69
2106,0.683834913,0.69
2107,0.683728357,0.69
2108,0.683871266,0.69
2109,0.683928126,0.69
2110,0.683666227,0.69
2111,0.683234055,0.69
2112,0.682960204,0.69
2113,0.682773884,0.69
2114,0.682529426,0.69
2115,0.682283134,0.69
2116,0.682136626,0.69
2117,0.682080303,0.69
2118,0.68185954,0.69
2119,0.681543352,0.69
2120,0.681336309,0.69
2121,0.680975356,0.69
2122,0.680423055,0.69
2123,0.679941623,0.69
2124,0.679510913,0.69
2125,0.679215732,0.69
2126,0.679014315,0.69
2127,0.678662909,0.69
2128,0.678145852,0.69
2129,0.677640238,0.69
2130,0.677226109,0.69
2131,0.67681697,0.69
2132,0.676305793,0.69
2133,0.675715756,0.69
2134,0.675116314,0.69
2135,0.674528017,0.69
2136,0.674002842,0.69
2137,0.673680489,0.6825
2138,0.673655582,0.68
2139,0.67382269,0.68
2140,0.674038584,0.6875
2141,0.67408421,0.69
2142,0.673714314,0.6825
2143,0.673096501,0.68
2144,0.672478166,0.68
2145,0.671963766,0.68
2146,0.671683517,0.68
2147,0.67140656,0.68
2148,0.671005962,0.68
2149,0.670608971,0.68
2150,0.670212239,0.68
2151,0.669815012,0.68
2152,0.669417785,0.68
2153,0.669019776,0.68
2154,0.66862051,0.68
2155,0.668222081,0.68
2156,0.667824998,0.68
2157,0.667484009,0.68
2158,0.667332054,0.68
2159,0.667291177,0.68
2160,0.667127758,0.68
2161,0.666795396,0.68
2162,0.666434532,0.68
2163,0.666366259,0.68
2164,0.666563411,0.68
2165,0.666768721,0.68
2166,0.666953938,0.68
2167,0.667104479,0.68
2168,0.667162085,0.68
2169,0.667039723,0.68
2170,0.666795779,0.68
2171,0.666469031,0.68
2172,0.666071177,0.68
2173,0.665671742,0.68
2174,0.665273004,0.68
2175,0.664888934,0.68
2176,0.664714172,0.68
2177,0.664688003,0.68
2178,0.664672818,0.68
2179,0.664576075,0.68
2180,0.664258877,0.68
2181,0.663859895,0.68
2182,0.663461143,0.68
2183,0.663060335,0.68
2184,0.662658356,0.68
2185,0.662256559,0.68
2186,0.661854991,0.67
2187,0.661479478,0.67
2188,0.661384192,0.67
2189,0.661570721,0.67
2190,0.66178174,0.67
2191,0.661980199,0.67
2192,0.6621575,0.68
2193,0.662267532,0.68
2194,0.662147537,0.68
2195,0.661799398,0.6725
2196,0.661323659,0.67
2197,0.661039192,0.67
2198,0.661101762,0.67
2199,0.661103991,0.67
2200,0.660737132,0.67
2201,0.660124661,0.67
2202,0.659494569,0.67
2203,0.658863942,0.67
2204,0.658235101,0.67
2205,0.657608799,0.67
2206,0.656979565,0.67
2207,0.656347586,0.67
2208,0.655717811,0.67
2209,0.65514419,0.67
2210,0.654684263,0.67
2211,0.654283212,0.67
2212,0.653879657,0.67
2213,0.653475493,0.67
2214,0.653214467,0.67
2215,0.653203367,0.67
2216,0.653104298,0.67
2217,0.65295593,0.67
2218,0.652993388,0.67
2219,0.65313821,0.67
2220,0.65335285,0.67
2221,0.653567822,0.67
2222,0.653776835,0.67
2223,0.653974028,0.67
2224,0.654152729,0.67
2225,0.654307157,0.67
2226,0.65435661,0.67
2227,0.654172102,0.67
2228,0.653809652,0.67
2229,0.65341146,0.67
2230,0.653011202,0.67
2231,0.652608236,0.67
2232,0.652203988,0.67
2233,0.651799281,0.67
2234,0.651396743,0.67
2235,0.650994899,0.67
2236,0.65059355,0.67
2237,0.650194931,0.67
2238,0.64979323,0.67
2239,0.649390508,0.65
2240,0.648988519,0.65
2241,0.648584751,0.65
2242,0.648179822,0.65
2243,0.64777426,0.65
2244,0.647369096,0.65
2245,0.646966166,0.65
2246,0.64656401,0.65
2247,0.646160903,0.65
2248,0.645759427,0.65
2249,0.645358978,0.65
2250,0.644957051,0.65
2251,0.644553883,0.65
2252,0.644148948,0.65
2253,0.643743446,0.65
2254,0.643338543,0.65
2255,0.642935721,0.65
2256,0.642735323,0.65
2257,0.642795618,0.65
2258,0.642755919,0.65
2259,0.642461127,0.65
2260,0.641996791,0.65
2261,0.641402046,0.65
2262,0.640756509,0.65
2263,0.640113017,0.65
2264,0.639467011,0.65
2265,0.638819771,0.65
2266,0.638243355,0.65
2267,0.637789417,0.65
2268,0.63738509,0.65
2269,0.636978413,0.64
2270,0.636571616,0.64
2271,0.63616599,0.64
2272,0.63575896,0.64
2273,0.635353142,0.64
2274,0.634947247,0.64
2275,0.634537566,0.64
2276,0.634129974,0.64
2277,0.633723582,0.64
2278,0.633316399,0.64
2279,0.632908474,0.64
2280,0.632499433,0.64
2281,0.632092192,0.64
2282,0.631684306,0.64
2283,0.63121089,0.64
2284,0.630839993,0.64
2285,0.630575554,0.64
2286,0.630528695,0.64
2287,0.630617034,0.64
2288,0.630284349,0.64
2289,0.629639338,0.64
2290,0.628965846,0.64
2291,0.628295608,0.64
2292,0.627624426,0.64
2293,0.626960009,0.64
2294,0.62630256,0.64
2295,0.625665427,0.64
2296,0.625121275,0.63
2297,0.624681993,0.63
2298,0.62427149,0.63
2299,0.623857567,0.63
2300,0.623441671,0.63
2301,0.623026813,0.63
2302,0.622613969,0.63
2303,0.622202122,0.63
2304,0.621790986,0.63
2305,0.62138031,0.63
2306,0.620970602,0.63
2307,0.620559809,0.63
2308,0.620147352,0.63
2309,0.619736233,0.63
2310,0.619327422,0.63
2311,0.618917513,0.63
2312,0.618505776,0.63
2313,0.618093935,0.63
2314,0.617679501,0.63
2315,0.617265205,0.63
2316,0.616854041,0.63
2317,0.616443268,0.63
2318,0.616030986,0.63
2319,0.615619595,0.63
2320,0.615209646,0.63
2321,0.614795988,0.63
2322,0.614380674,0.63
2323,0.613968384,0.63
2324,0.613557949,0.63
2325,0.613147286,0.6225
2326,0.612736723,0.62
2327,0.612327234,0.62
2328,0.611917477,0.62
2329,0.611506634,0.62
2330,0.611094271,0.62
2331,0.610682882,0.62
2332,0.610272862,0.62
2333,0.609861329,0.62
2334,0.609449439,0.62
2335,0.609037013,0.62
2336,0.60862507,0.62
2337,0.608215264,0.62
2338,0.607804549,0.62
2339,0.607393532,0.62
2340,0.606982665,0.62
2341,0.606570128,0.62
2342,0.606156569,0.62
2343,0.605744318,0.62
2344,0.605398881,0.62
2345,0.60529162,0.62
2346,0.60532932,0.62
2347,0.605334632,0.62
2348,0.605293987,0.62
2349,0.60510477,0.62
2350,0.604716134,0.62
2351,0.604141757,0.62
2352,0.603474204,0.62
2353,0.602808156,0.62
2354,0.602140619,0.62
2355,0.601468475,0.62
2356,0.600908,0.605
2357,0.600477291,0.6
2358,0.600041198,0.6
2359,0.599557839,0.6
2360,0.599118109,0.6
2361,0.598855585,0.6
2362,0.598538823,0.6
2363,0.598067441,0.6
2364,0.597632383,0.6
2365,0.59735094,0.6
2366,0.597348299,0.6
2367,0.597479761,0.6
2368,0.59741827,0.6
2369,0.597175022,0.6
2370,0.596974958,0.6
2371,0.596790927,0.6
2372,0.596551706,0.6
2373,0.596248262,0.6
2374,0.595907851,0.6
2375,0.595685666,0.6
2376,0.595568299,0.6
2377,0.595359578,0.6
2378,0.595125583,0.6
2379,0.594931785,0.6
2380,0.594728166,0.6
2381,0.594511737,0.6
2382,0.594292971,0.6
2383,0.594156844,0.6
2384,0.59410959,0.6
2385,0.594014688,0.6
2386,0.593761249,0.6
2387,0.593299629,0.6
2388,0.592707648,0.6
2389,0.592111425,0.6
2390,0.591512681,0.6
2391,0.590924473,0.6
2392,0.590493739,0.6
2393,0.590210978,0.6
2394,0.589775306,0.6
2395,0.589179607,0.6
2396,0.588589093,0.59
2397,0.588044829,0.59
2398,0.587628492,0.59
2399,0.587458865,0.59
2400,0.587462899,0.59
2401,0.587469675,0.59
2402,0.587450023,0.59
2403,0.587417983,0.59
2404,0.587508644,0.59
2405,0.587643185,0.59
2406,0.587574631,0.59
2407,0.587338808,0.59
2408,0.587246368,0.59
2409,0.587315931,0.59
2410,0.587130094,0.59
2411,0.586718501,0.59
2412,0.586314696,0.59
2413,0.585909627,0.59
2414,0.585504553,0.59
2415,0.585100632,0.59
2416,0.58469436,0.59
2417,0.584289872,0.59
2418,0.583889896,0.59
2419,0.583691003,0.59
2420,0.583803361,0.59
2421,0.584023972,0.59
2422,0.584203554,0.59
2423,0.584292541,0.59
2424,0.584307014,0.59
2425,0.584371756,0.59
2426,0.584522949,0.59
2427,0.584706425,0.59
2428,0.584914014,0.59
2429,0.585126097,0.59
2430,0.58533495,0.59
2431,0.58553911,0.59
2432,0.585703922,0.59
2433,0.585661916,0.59
2434,0.585353425,0.59
2435,0.584946964,0.59
2436,0.584540119,0.59
2437,0.584134743,0.59
2438,0.583729859,0.59
2439,0.583327098,0.59
2440,0.583003115,0.59
2441,0.58274074,0.59
2442,0.582404769,0.59
2443,0.582023857,0.59
2444,0.581677751,0.59
2445,0.581347278,0.59
2446,0.581036755,0.59
2447,0.580792441,0.59
2448,0.580734613,0.59
2449,0.580884209,0.59
2450,0.581003242,0.59
2451,0.580724561,0.59
2452,0.580106914,0.59
2453,0.579582231,0.59
2454,0.579488194,0.59
2455,0.579693509,0.59
2456,0.5798585,0.59
2457,0.579996119,0.59
2458,0.580126681,0.59
2459,0.580123435,0.59
2460,0.57993827,0.59
2461,0.579743183,0.59
2462,0.579408639,0.59
2463,0.578977596,0.59
2464,0.578651953,0.59
2465,0.578415043,0.59
2466,0.57829483,0.59
2467,0.578216193,0.59
2468,0.578192095,0.59
2469,0.578264928,0.59
2470,0.578351166,0.59
2471,0.578379381,0.59
2472,0.578402145,0.59
2473,0.57848747,0.59
2474,0.578607324,0.59
2475,0.578660826,0.59
2476,0.5785825,0.59
2477,0.578525858,0.59
2478,0.578650801,0.59
2479,0.578812157,0.59
2480,0.57892226,0.59
2481,0.579030317,0.59
2482,0.579133602,0.59
2483,0.579198995,0.59
2484,0.579237849,0.59
2485,0.57932004,0.59
2486,0.579432693,0.59
2487,0.579529759,0.59
2488,0.579615974,0.59
2489,0.579704502,0.59
2490,0.579803194,0.59
2491,0.579913406,0.59
2492,0.580025471,0.59
2493,0.58013801,0.59
2494,0.580256525,0.59
2495,0.580354663,0.59
2496,0.580399624,0.59
2497,0.580477883,0.59
2498,0.580626538,0.59
2499,0.580786976,0.59
2500,0.580819473,0.59
2501,0.580707088,0.59
2502,0.580734619,0.59
2503,0.580854303,0.59
2504,0.580931356,0.59
2505,0.581076442,0.59
2506,0.581236787,0.59
2507,0.581384323,0.59
2508,0.581552358,0.59
2509,0.58170986,0.59
2510,0.581844578,0.59
2511,0.581950721,0.59
2512,0.582027759,0.59
2513,0.582060084,0.59
2514,0.581978603,0.59
2515,0.581648634,0.59
2516,0.581081731,0.59
2517,0.580442284,0.59
2518,0.579797517,0.59
2519,0.579196551,0.59
2520,0.578939859,0.59
2521,0.579065704,0.59
2522,0.579276671,0.59
2523,0.579392635,0.59
2524,0.579400505,0.59
2525,0.579353187,0.59
2526,0.579252768,0.59
2527,0.579155814,0.59
2528,0.57906548,0.59
2529,0.57903362,0.59
2530,0.579098439,0.59
2531,0.579204411,0.59
2532,0.579355026,0.59
2533,0.579443862,0.59
2534,0.579471157,0.59
2535,0.57960445,0.59
2536,0.579801153,0.59
2537,0.579960679,0.59
2538,0.580045221,0.59
2539,0.58005032,0.59
2540,0.579854048,0.59
2541,0.579360148,0.59
2542,0.578725096,0.59
2543,0.578077754,0.59
2544,0.577430665,0.59
2545,0.576781437,0.59
2546,0.576132578,0.59
2547,0.575487467,0.59
2548,0.574843098,0.59
2549,0.574201595,0.5825
2550,0.573618971,0.58
2551,0.573154348,0.58
2552,0.572752544,0.58
2553,0.572351236,0.58
2554,0.571950817,0.58
2555,0.571549768,0.58
2556,0.571148534,0.58
2557,0.570747739,0.58
2558,0.570347432,0.58
2559,0.569946383,0.58
2560,0.569543979,0.58
2561,0.569143037,0.58
2562,0.568744807,0.58
2563,0.568346352,0.58
2564,0.56795029,0.58
2565,0.567556903,0.58
2566,0.567154492,0.58
2567,0.566748791,0.58
2568,0.56634829,0.58
2569,0.565943198,0.58
2570,0.565536314,0.58
2571,0.565133214,0.58
2572,0.564731681,0.58
2573,0.564374619,0.58
2574,0.564339078,0.58
2575,0.564573662,0.58
2576,0.564800039,0.58
2577,0.565024831,0.58
2578,0.565247981,0.58
2579,0.565468309,0.58
2580,0.565684008,0.58
2581,0.565894513,0.58
2582,0.566096227,0.58
2583,0.566245548,0.58
2584,0.566314395,0.58
2585,0.566296274,0.58
2586,0.566189902,0.58
2587,0.566082776,0.58
2588,0.565883112,0.58
2589,0.565519162,0.58
2590,0.565117991,0.58
2591,0.564836563,0.58
2592,0.56483291,0.58
2593,0.564897958,0.58
2594,0.564725257,0.58
2595,0.564364205,0.58
2596,0.563965075,0.58
2597,0.563568345,0.58
2598,0.56317248,0.58
2599,0.562776276,0.58
2600,0.562379962,0.57
2601,0.561922686,0.57
2602,0.561350313,0.57
2603,0.560805449,0.57
2604,0.56067534,0.57
2605,0.560826178,0.57
2606,0.560839639,0.57
2607,0.560521057,0.57
2608,0.559924942,0.57
2609,0.559300358,0.57
2610,0.558691984,0.57
2611,0.558099781,0.57
2612,0.557521784,0.57
2613,0.556964006,0.57
2614,0.55642391,0.57
2615,0.555900718,0.57
2616,0.555418446,0.57
2617,0.554996289,0.57
2618,0.554601407,0.57
2619,0.554380211,0.57
2620,0.554432894,0.57
2621,0.554618432,0.57
2622,0.55483892,0.57
2623,0.554948782,0.57
2624,0.554858054,0.57
2625,0.554602062,0.57
2626,0.554234468,0.57
2627,0.553836516,0.57
2628,0.553441326,0.57
2629,0.553046133,0.57
2630,0.552650423,0.57
2631,0.552255169,0.57
2632,0.551951011,0.57
2633,0.551943391,0.57
2634,0.552155369,0.57
2635,0.552377851,0.57
2636,0.552597154,0.57
2637,0.552810159,0.57
2638,0.553012303,0.57
2639,0.553197105,0.57
2640,0.553185369,0.57
2641,0.552888449,0.57
2642,0.552490778,0.57
2643,0.552093386,0.57
2644,0.551697252,0.57
2645,0.551304246,0.57
2646,0.550912869,0.57
2647,0.550518726,0.57
2648,0.550122852,0.56
2649,0.549727824,0.56
2650,0.549332603,0.56
2651,0.548937007,0.56
2652,0.548540996,0.56
2653,0.548145779,0.56
2654,0.547750101,0.56
2655,0.547354535,0.56
2656,0.54696038,0.56
2657,0.546565534,0.56
2658,0.546169252,0.56
2659,0.54577213,0.56
2660,0.54537649,0.56
2661,0.544981899,0.56
2662,0.544588288,0.56
2663,0.544197196,0.56
2664,0.543806894,0.56
2665,0.543415464,0.56
2666,0.543024029,0.56
2667,0.542632002,0.56
2668,0.542239699,0.56
2669,0.54184886,0.56
2670,0.541457618,0.56
2671,0.541065715,0.56
2672,0.540673815,0.56
2673,0.540282665,0.56
2674,0.539891919,0.56
2675,0.539500776,0.56
2676,0.539155298,0.56
2677,0.539134677,0.54
2678,0.539373316,0.56
2679,0.539586636,0.56
2680,0.539788691,0.56
2681,0.53997214,0.56
2682,0.540124293,0.56
2683,0.540062207,0.56
2684,0.539629494,0.56
2685,0.539019558,0.56
2686,0.538409791,0.545
2687,0.537800416,0.54
2688,0.537190635,0.54
2689,0.536583087,0.54
2690,0.535977507,0.54
2691,0.535365786,0.54
2692,0.534752705,0.54
2693,0.534224451,0.54
2694,0.533805113,0.54
2695,0.53341571,0.54
2696,0.53302707,0.54
2697,0.532638667,0.54
2698,0.53224977,0.54
2699,0.531861531,0.54
2700,0.531474583,0.54
2701,0.531128867,0.54
2702,0.530883457,0.54
2703,0.530718209,0.54
2704,0.530518387,0.54
2705,0.530274303,0.54
2706,0.530076375,0.54
2707,0.529946278,0.54
2708,0.529903436,0.54
2709,0.530005644,0.54
2710,0.530206863,0.54
2711,0.530416053,0.54
2712,0.530592225,0.54
2713,0.530748132,0.54
2714,0.530925489,0.54
2715,0.531100713,0.54
2716,0.531253694,0.54
2717,0.531384315,0.54
2718,0.531470667,0.54
2719,0.531495497,0.54
2720,0.531484907,0.54
2721,0.531396114,0.54
2722,0.531126619,0.54
2723,0.530747787,0.54
2724,0.530367793,0.54
2725,0.529983873,0.54
2726,0.529594579,0.54
2727,0.529206037,0.54
2728,0.528818458,0.54
2729,0.528426112,0.54
2730,0.528034679,0.54
2731,0.52764638,0.54
2732,0.527256699,0.54
2733,0.526866913,0.54
2734,0.526477655,0.5325
2735,0.526088818,0.53
2736,0.525701017,0.53
2737,0.525312923,0.53
2738,0.524922983,0.53
2739,0.524535113,0.53
2740,0.524149504,0.53
2741,0.523764311,0.53
2742,0.523379417,0.53
2743,0.522992902,0.53
2744,0.522605539,0.53
2745,0.522217783,0.53
2746,0.521829985,0.53
2747,0.521444359,0.53
2748,0.521056982,0.53
2749,0.520669135,0.53
2750,0.520283585,0.53
2751,0.5198978,0.53
2752,0.519511983,0.53
2753,0.519125006,0.53
2754,0.518737875,0.53
2755,0.518350911,0.53
2756,0.517963181,0.53
2757,0.517574742,0.53
2758,0.517186317,0.53
2759,0.516798872,0.53
2760,0.516412529,0.53
2761,0.516026638,0.53
2762,0.515640529,0.52
2763,0.515179362,0.52
2764,0.514616842,0.52
2765,0.514033067,0.52
2766,0.513453912,0.52
2767,0.512872988,0.52
2768,0.512304159,0.52
2769,0.511753084,0.52
2770,0.511202571,0.52
2771,0.510650367,0.52
2772,0.51011056,0.52
2773,0.50962839,0.52
2774,0.509219004,0.52
2775,0.508834993,0.52
2776,0.508451115,0.52
2777,0.508308139,0.52
2778,0.508464363,0.52
2779,0.508593498,0.52
2780,0.508429335,0.52
2781,0.50812282,0.52
2782,0.508005544,0.52
2783,0.507821831,0.52
2784,0.507442477,0.52
2785,0.507056241,0.52
2786,0.506668405,0.52
2787,0.506282203,0.52
2788,0.50589802,0.52
2789,0.505514042,0.52
2790,0.505183505,0.52
2791,0.505008138,0.52
2792,0.504785165,0.52
2793,0.504405863,0.52
2794,0.504020605,0.51
2795,0.503635302,0.51
2796,0.50324881,0.51
2797,0.502898406,0.51
2798,0.502725176,0.51
2799,0.502706613,0.51
2800,0.502643031,0.51
2801,0.502456481,0.51
2802,0.502302734,0.51
2803,0.502262315,0.51
2804,0.502333557,0.51
2805,0.502521971,0.51
2806,0.502728819,0.51
2807,0.5029181,0.51
2808,0.503076094,0.51
2809,0.503170535,0.51
2810,0.503031087,0.51
2811,0.502675736,0.51
2812,0.502291897,0.51
2813,0.501906346,0.51
2814,0.501521251,0.51
2815,0.501138405,0.51
2816,0.500756472,0.51
2817,0.500537014,0.51
2818,0.500465813,0.51
2819,0.50026794,0.51
2820,0.499918934,0.51
2821,0.499531088,0.51
2822,0.499145022,0.51
2823,0.49875995,0.51
2824,0.498306495,0.51
2825,0.49774717,0.51
2826,0.497155062,0.51
2827,0.496813601,0.51
2828,0.496880577,0.51
2829,0.497102204,0.51
2830,0.497311382,0.51
2831,0.497511902,0.51
2832,0.497690526,0.51
2833,0.497689077,0.51
2834,0.497367676,0.51
2835,0.496829265,0.51
2836,0.496337227,0.51
2837,0.496218948,0.51
2838,0.496305559,0.51
2839,0.496069666,0.51
2840,0.495523313,0.51
2841,0.494928537,0.51
2842,0.494334342,0.51
2843,0.493740273,0.51
2844,0.493146885,0.51
2845,0.492551728,0.51
2846,0.491958221,0.49
2847,0.491441358,0.49
2848,0.491029386,0.49
2849,0.490646642,0.49
2850,0.490263568,0.49
2851,0.489880412,0.49
2852,0.489495609,0.49
2853,0.489110488,0.49
2854,0.488725954,0.49
2855,0.488342641,0.49
2856,0.48795993,0.49
2857,0.487648955,0.49
2858,0.487640142,0.49
2859,0.487861218,0.49
2860,0.488079496,0.49
2861,0.488292169,0.49
2862,0.488494546,0.49
2863,0.488677595,0.49
2864,0.488722352,0.49
2865,0.488489325,0.49
2866,0.488104614,0.49
2867,0.487719932,0.49
2868,0.487336851,0.49
2869,0.486954275,0.49
2870,0.486569364,0.49
2871,0.486184112,0.49
2872,0.485799545,0.49
2873,0.485415413,0.49
2874,0.485030394,0.49
2875,0.484645738,0.49
2876,0.484260539,0.49
2877,0.483875084,0.49
2878,0.483490612,0.49
2879,0.483106819,0.49
2880,0.482724084,0.49
2881,0.4823423,0.49
2882,0.481959279,0.49
2883,0.48157606,0.49
2884,0.481195338,0.49
2885,0.480814799,0.4825
2886,0.480432935,0.48
2887,0.480050753,0.48
2888,0.479668412,0.48
2889,0.479285559,0.48
2890,0.478902998,0.48
2891,0.478528451,0.48
2892,0.47837958,0.48
2893,0.47848209,0.48
2894,0.47852084,0.48
2895,0.478329628,0.48
2896,0.477975842,0.48
2897,0.477591678,0.48
2898,0.477136385,0.48
2899,0.476577338,0.48
2900,0.476005848,0.48
2901,0.475466994,0.48
2902,0.475012712,0.48
2903,0.474630227,0.48
2904,0.474248216,0.48
2905,0.473866021,0.48
2906,0.473483336,0.48
2907,0.473099945,0.48
2908,0.472752765,0.48
2909,0.47245871,0.48
2910,0.472033329,0.48
2911,0.471469481,0.48
2912,0.470909916,0.48
2913,0.470564439,0.48
2914,0.470606914,0.48
2915,0.470811674,0.48
2916,0.470992197,0.48
2917,0.471137025,0.48
2918,0.471087988,0.48
2919,0.470683274,0.48
2920,0.470097594,0.48
2921,0.46950971,0.47
2922,0.468918375,0.47
2923,0.468326796,0.47
2924,0.467805744,0.47
2925,0.467389233,0.47
2926,0.467007384,0.47
2927,0.466624542,0.47
2928,0.466241971,0.47
2929,0.465860443,0.47
2930,0.46547934,0.47
2931,0.465097607,0.47
2932,0.46471559,0.47
2933,0.464333674,0.47
2934,0.46395144,0.47
2935,0.463570243,0.47
2936,0.463188744,0.47
2937,0.462808226,0.47
2938,0.462426265,0.47
2939,0.462043147,0.47
2940,0.461662438,0.47
2941,0.461281347,0.47
2942,0.460901138,0.47
2943,0.460520071,0.47
2944,0.460138072,0.47
2945,0.459758053,0.47
2946,0.459378224,0.47
2947,0.458996571,0.47
2948,0.458614338,0.47
2949,0.458233427,0.46
2950,0.457851136,0.46
2951,0.457470543,0.46
2952,0.457091306,0.46
2953,0.456710267,0.46
2954,0.456328351,0.46
2955,0.455946828,0.46
2956,0.455565492,0.46
2957,0.455182891,0.46
2958,0.454802484,0.46
2959,0.454421808,0.46
2960,0.454040214,0.46
2961,0.453659029,0.46
2962,0.453277155,0.46
2963,0.452893108,0.46
2964,0.452510503,0.46
2965,0.452132644,0.46
2966,0.451752635,0.46
2967,0.451371412,0.46
2968,0.450991345,0.46
2969,0.450612605,0.46
2970,0.450234744,0.46
2971,0.449854867,0.46
2972,0.449474988,0.46
2973,0.449095947,0.46
2974,0.448715798,0.46
2975,0.448334575,0.46
2976,0.447954424,0.46
2977,0.447574775,0.45
2978,0.447194189,0.45
2979,0.446813758,0.45
2980,0.446434216,0.45
2981,0.446053644,0.45
2982,0.445672063,0.45
2983,0.445292068,0.45
2984,0.444911734,0.45
2985,0.444531398,0.45
2986,0.444152588,0.45
2987,0.443773851,0.45
2988,0.443394728,0.45
2989,0.443014715,0.45
2990,0.442633241,0.45
2991,0.442241815,0.45
2992,0.441822821,0.45
2993,0.441582779,0.45
2994,0.441542446,0.45
2995,0.441528374,0.45
2996,0.441532962,0.45
2997,0.441514934,0.45
2998,0.441226385,0.45
2999,0.44066123,0.45
3000,0.440071665,0.45
3001,0.439484841,0.45
3002,0.438899624,0.45
3003,0.438314626,0.45
3004,0.437729202,0.45
3005,0.437144068,0.45
3006,0.436561643,0.45
3007,0.435976633,0.43
3008,0.435465303,0.43
3009,0.435057828,0.43
3010,0.434677917,0.43
3011,0.434307288,0.43
3012,0.434007213,0.43
3013,0.433938852,0.43
3014,0.433960628,0.43
3015,0.433775784,0.43
3016,0.4334899,0.43
3017,0.433256619,0.43
3018,0.43312367,0.43
3019,0.433006528,0.43
3020,0.43281872,0.43
3021,0.432644613,0.43
3022,0.43254468,0.43
3023,0.432521689,0.43
3024,0.432559895,0.43
3025,0.432575594,0.43
3026,0.432449715,0.43
3027,0.432259828,0.43
3028,0.432113803,0.43
3029,0.431876697,0.43
3030,0.431619884,0.43
3031,0.43146582,0.43
3032,0.431293055,0.43
3033,0.431083591,0.43
3034,0.43086367,0.43
3035,0.430577626,0.43
3036,0.430211106,0.43
3037,0.429826293,0.43
3038,0.42944254,0.43
3039,0.429060695,0.43
3040,0.428679532,0.43
3041,0.428296501,0.43
3042,0.427911499,0.43
3043,0.42752866,0.43
3044,0.427187088,0.43
3045,0.426890988,0.43
3046,0.426574579,0.43
3047,0.426271319,0.43
3048,0.426066187,0.43
3049,0.426054563,0.43
3050,0.426219814,0.43
3051,0.426343116,0.43
3052,0.426365814,0.43
3053,0.426359109,0.43
3054,0.426407092,0.43
3055,0.426509232,0.43
3056,0.426534109,0.43
3057,0.426327722,0.43
3058,0.425948404,0.43
3059,0.425505896,0.43
3060,0.424968699,0.42
3061,0.424382659,0.42
3062,0.423785017,0.42
3063,0.423195549,0.42
3064,0.422611132,0.42
3065,0.422255132,0.42
3066,0.422213525,0.42
3067,0.422065289,0.42
3068,0.421704801,0.42
3069,0.421419909,0.42
3070,0.421361902,0.42
3071,0.421506572,0.42
3072,0.421725085,0.42
3073,0.421888896,0.42
3074,0.421884282,0.42
3075,0.421585443,0.42
3076,0.42127779,0.42
3077,0.421320748,0.42
3078,0.421542177,0.42
3079,0.421759053,0.42
3080,0.421967805,0.42
3081,0.422157729,0.42
3082,0.422201082,0.42
3083,0.421857807,0.42
3084,0.421264827,0.42
3085,0.420673708,0.42
3086,0.420080807,0.42
3087,0.419488269,0.42
3088,0.41889953,0.42
3089,0.418310891,0.42
3090,0.417722758,0.42
3091,0.417209755,0.42
3092,0.416797261,0.42
3093,0.416415024,0.42
3094,0.416035638,0.42
3095,0.415655742,0.42
3096,0.415274712,0.42
3097,0.415082298,0.42
3098,0.415166748,0.42
3099,0.415319381,0.42
3100,0.415220857,0.42
3101,0.414944117,0.42
3102,0.414933482,0.42
3103,0.415046635,0.42
3104,0.415162098,0.42
3105,0.415363724,0.42
3106,0.41552371,0.42
3107,0.415603053,0.42
3108,0.415644627,0.42
3109,0.415557566,0.42
3110,0.415253793,0.42
3111,0.414872143,0.42
3112,0.414489828,0.42
3113,0.414105337,0.42
3114,0.413751049,0.42
3115,0.413575797,0.41
3116,0.413629919,0.41
3117,0.413699932,0.42
3118,0.413790217,0.42
3119,0.413983389,0.42
3120,0.41418789,0.42
3121,0.414381071,0.42
3122,0.414570655,0.42
3123,0.414534835,0.42
3124,0.414208778,0.42
3125,0.413981598,0.42
3126,0.414051776,0.42
3127,0.414247694,0.42
3128,0.41441339,0.42
3129,0.414493862,0.42
3130,0.414550837,0.42
3131,0.4145447,0.42
3132,0.414360762,0.42
3133,0.414290046,0.42
3134,0.414407726,0.42
3135,0.414512711,0.42
3136,0.414597931,0.42
3137,0.414682079,0.42
3138,0.414777101,0.42
3139,0.414890988,0.42
3140,0.415027085,0.42
3141,0.415173935,0.42
3142,0.415323292,0.42
3143,0.415474167,0.42
3144,0.415627219,0.42
3145,0.415787069,0.42
3146,0.415956951,0.42
3147,0.416063092,0.42
3148,0.415806762,0.42
3149,0.415449432,0.42
3150,0.415475659,0.42
3151,0.415685959,0.42
3152,0.415889512,0.42
3153,0.416054668,0.42
3154,0.416141734,0.42
3155,0.416250115,0.42
3156,0.416407617,0.42
3157,0.41653608,0.42
3158,0.416627431,0.42
3159,0.416645435,0.42
3160,0.416362181,0.42
3161,0.415794689,0.42
3162,0.415193454,0.42
3163,0.41459467,0.42
3164,0.413989876,0.42
3165,0.413380071,0.42
3166,0.412793353,0.42
3167,0.412237376,0.41
3168,0.411703824,0.41
3169,0.411488273,0.41
3170,0.411643917,0.41
3171,0.411864082,0.41
3172,0.412051898,0.41
3173,0.41214953,0.41
3174,0.412218359,0.41
3175,0.412376367,0.41
3176,0.412591905,0.42
3177,0.412803814,0.42
3178,0.41300391,0.42
3179,0.413165056,0.42
3180,0.41325757,0.42
3181,0.413289694,0.42
3182,0.413241292,0.42
3183,0.413051734,0.42
3184,0.412724526,0.42
3185,0.412268424,0.42
3186,0.411710269,0.41
3187,0.411114975,0.41
3188,0.410512963,0.41
3189,0.409915509,0.41
3190,0.409397022,0.41
3191,0.408982954,0.41
3192,0.408598021,0.41
3193,0.40821517,0.41
3194,0.407832154,0.41
3195,0.40744772,0.41
3196,0.40706216,0.41
3197,0.406675702,0.41
3198,0.406289656,0.41
3199,0.405904117,0.41
3200,0.405518228,0.41
3201,0.405133491,0.41
3202,0.404749446,0.41
3203,0.404363834,0.41
3204,0.403978586,0.41
3205,0.403594429,0.41
3206,0.40320979,0.41
3207,0.402824217,0.41
3208,0.402438065,0.41
3209,0.40205337,0.41
3210,0.401676463,0.41
3211,0.401301941,0.41
3212,0.400923028,0.41
3213,0.400541417,0.4
3214,0.400152567,0.4
3215,0.399766673,0.4
3216,0.399383277,0.4
3217,0.398995419,0.4
3218,0.398609368,0.4
3219,0.398229049,0.4
3220,0.398033517,0.4
3221,0.398139851,0.4
3222,0.39836642,0.4
3223,0.398589554,0.4
3224,0.398809615,0.4
3225,0.399025238,0.4
3226,0.399231926,0.4
3227,0.399421129,0.4
3228,0.399490724,0.4
3229,0.399402463,0.4
3230,0.399313847,0.4
3231,0.39930533,0.4
3232,0.399326389,0.4
3233,0.399213749,0.4
3234,0.399122895,0.4
3235,0.398992311,0.4
3236,0.398637339,0.4
3237,0.398251484,0.4
3238,0.397867857,0.4
3239,0.397484182,0.4
3240,0.397097974,0.4
3241,0.396713117,0.4
3242,0.396329711,0.4
3243,0.395946682,0.4
3244,0.395561952,0.4
3245,0.39513088,0.4
3246,0.394600422,0.4
3247,0.394117786,0.4
3248,0.394037723,0.4
3249,0.394254741,0.4
3250,0.394466814,0.4
3251,0.394671769,0.4
3252,0.394861666,0.4
3253,0.394959537,0.4
3254,0.394747969,0.4
3255,0.394404159,0.4
3256,0.394008276,0.4
3257,0.393440603,0.4
3258,0.393123181,0.4
3259,0.393199172,0.4
3260,0.393350176,0.4
3261,0.39340041,0.4
3262,0.393301054,0.4
3263,0.393049709,0.4
3264,0.392609783,0.4
3265,0.392027016,0.4
3266,0.391428578,0.4
3267,0.39083042,0.4
3268,0.390233738,0.4
3269,0.389635368,0.4
3270,0.38903799,0.4
3271,0.388520114,0.39
3272,0.388107288,0.39
3273,0.387722439,0.39
3274,0.38733972,0.39
3275,0.38695813,0.39
3276,0.386574584,0.39
3277,0.386272259,0.39
3278,0.386168455,0.39
3279,0.386085086,0.39
3280,0.385819491,0.39
3281,0.38561,0.39
3282,0.385662686,0.39
3283,0.385737972,0.39
3284,0.385616215,0.39
3285,0.385374694,0.39
3286,0.385054468,0.39
3287,0.38471224,0.39
3288,0.384396666,0.39
3289,0.38406242,0.39
3290,0.383698553,0.39
3291,0.383313019,0.39
3292,0.382929069,0.39
3293,0.382546342,0.39
3294,0.38216231,0.39
3295,0.38177757,0.39
3296,0.381394216,0.39
3297,0.381163185,0.39
3298,0.38112536,0.39
3299,0.380988815,0.39
3300,0.380753461,0.39
3301,0.380464402,0.39
3302,0.380081565,0.39
3303,0.379698958,0.39
3304,0.379316739,0.39
3305,0.378985492,0.39
3306,0.378853405,0.39
3307,0.37881207,0.39
3308,0.378595736,0.39
3309,0.378246771,0.39
3310,0.377872058,0.39
3311,0.377497966,0.37
3312,0.377211743,0.37
3313,0.376944299,0.37
3314,0.376671467,0.37
3315,0.376517941,0.37
3316,0.376535535,0.37
3317,0.376633549,0.37
3318,0.376571625,0.37
3319,0.376278854,0.37
3320,0.375890975,0.37
3321,0.375502506,0.37
3322,0.37504234,0.37
3323,0.374476175,0.37
3324,0.373876742,0.37
3325,0.373277202,0.37
3326,0.372675582,0.37
3327,0.372073635,0.37
3328,0.371475956,0.37
3329,0.370871395,0.37
3330,0.370277728,0.37
3331,0.369702413,0.37
3332,0.369193258,0.37
3333,0.368790609,0.37
3334,0.368412224,0.37
3335,0.368023409,0.37
3336,0.367640575,0.37
3337,0.367495449,0.37
3338,0.367419374,0.37
3339,0.367152609,0.37
3340,0.366890567,0.37
3341,0.366585191,0.37
3342,0.366388768,0.36
3343,0.366273641,0.36
3344,0.366079773,0.36
3345,0.366095031,0.36
3346,0.366285561,0.36
3347,0.366448981,0.36
3348,0.366533702,0.37
3349,0.366596322,0.37
3350,0.366677372,0.37
3351,0.366693917,0.37
3352,0.366618958,0.37
3353,0.366523881,0.37
3354,0.366411515,0.37
3355,0.366165228,0.36
3356,0.365806596,0.36
3357,0.36542697,0.36
3358,0.365047524,0.36
3359,0.364665315,0.36
3360,0.364277332,0.36
3361,0.363886478,0.36
3362,0.363499524,0.36
3363,0.363111716,0.36
3364,0.362721156,0.36
3365,0.36233201,0.36
3366,0.361942234,0.36
3367,0.361551304,0.36
3368,0.361162894,0.36
3369,0.360774829,0.36
3370,0.360385373,0.36
3371,0.359996355,0.36
3372,0.359606439,0.36
3373,0.359217528,0.36
3374,0.358829082,0.36
3375,0.358438902,0.36
3376,0.358049732,0.36
3377,0.357661011,0.36
3378,0.357272586,0.36
3379,0.356914916,0.36
3380,0.356735137,0.36
3381,0.356832421,0.36
3382,0.35703239,0.36
3383,0.357091918,0.36
3384,0.356882972,0.36
3385,0.356507505,0.36
3386,0.356191964,0.36
3387,0.355962738,0.36
3388,0.355780272,0.36
3389,0.355650299,0.36
3390,0.355556992,0.36
3391,0.355461985,0.36
3392,0.355392895,0.35
3393,0.355469945,0.35
3394,0.355610203,0.36
3395,0.355676416,0.36
3396,0.355545789,0.36
3397,0.355119747,0.36
3398,0.354533474,0.35
3399,0.353920142,0.35
3400,0.353304847,0.35
3401,0.352690016,0.35
3402,0.352106382,0.35
3403,0.351794152,0.35
3404,0.351630656,0.35
3405,0.351375987,0.35
3406,0.351122651,0.35
3407,0.350870422,0.35
3408,0.350618871,0.35
3409,0.350365345,0.35
3410,0.350111169,0.35
3411,0.349855797,0.35
3412,0.349601535,0.35
3413,0.349350304,0.35
3414,0.349099331,0.35
3415,0.348847506,0.35
3416,0.348596398,0.35
3417,0.348345751,0.35
3418,0.348094263,0.35
3419,0.347842146,0.35
3420,0.347590768,0.35
3421,0.347340667,0.35
3422,0.347090378,0.35
3423,0.34683938,0.35
3424,0.346586754,0.35
3425,0.346333674,0.35
3426,0.346080983,0.35
3427,0.345827968,0.35
3428,0.34557527,0.35
3429,0.345323793,0.35
3430,0.345072661,0.35
3431,0.344820959,0.35
3432,0.344569651,0.35
3433,0.344318155,0.35
3434,0.344066344,0.34
3435,0.343815191,0.34
3436,0.343564485,0.34
3437,0.343313162,0.34
3438,0.343060921,0.34
3439,0.342808198,0.34
3440,0.342555334,0.34
3441,0.342303061,0.34
3442,0.34205079,0.34
3443,0.341798591,0.34
3444,0.341546411,0.34
3445,0.341451068,0.34
3446,0.341584341,0.34
3447,0.341784439,0.34
3448,0.341967869,0.34
3449,0.342053125,0.34
3450,0.341925181,0.34
3451,0.341670573,0.34
3452,0.341416936,0.34
3453,0.341163016,0.34
3454,0.340908505,0.34
3455,0.340654604,0.34
3456,0.340402348,0.34
3457,0.340149792,0.34
3458,0.339896488,0.34
3459,0.339643948,0.34
3460,0.339390074,0.34
3461,0.339136343,0.34
3462,0.338882654,0.34
3463,0.338628081,0.34
3464,0.338374759,0.34
3465,0.338122202,0.34
3466,0.337868828,0.34
3467,0.337614455,0.34
3468,0.337360719,0.34
3469,0.337108638,0.34
3470,0.336856983,0.34
3471,0.336605164,0.34
3472,0.336352993,0.34
3473,0.336099673,0.34
3474,0.335846281,0.34
3475,0.33559384,0.34
3476,0.335340899,0.34
3477,0.335087427,0.34
3478,0.334834985,0.34
3479,0.334581403,0.34
3480,0.334327114,0.34
3481,0.334073444,0.34
3482,0.333819572,0.34
3483,0.3335696,0.34
3484,0.333469145,0.32
3485,0.333545735,0.32
3486,0.333674444,0.32
3487,0.333853093,0.34
3488,0.334059962,0.34
3489,0.334146004,0.34
3490,0.334023639,0.34
3491,0.33379118,0.34
3492,0.333539606,0.335
3493,0.333289727,0.32
3494,0.333036777,0.32
3495,0.332781914,0.32
3496,0.332580873,0.32
3497,0.332617628,0.32
3498,0.332829021,0.32
3499,0.333028301,0.32
3500,0.333173413,0.32
3501,0.333172614,0.32
3502,0.332996799,0.32
3503,0.332739437,0.32
3504,0.332483016,0.32
3505,0.332276186,0.32
3506,0.332181135,0.32
3507,0.332099507,0.32
3508,0.331904242,0.32
3509,0.331647605,0.32
3510,0.33139353,0.32
3511,0.331140025,0.32
3512,0.330885831,0.32
3513,0.330631505,0.32
3514,0.330377061,0.32
3515,0.330121491,0.32
3516,0.32986664,0.32
3517,0.329611657,0.32
3518,0.329355881,0.32
3519,0.329102483,0.32
3520,0.328848955,0.32
3521,0.32859486,0.32
3522,0.328341164,0.32
3523,0.328087258,0.32
3524,0.327832294,0.32
3525,0.327577819,0.32
3526,0.327323783,0.32
3527,0.327068263,0.32
3528,0.326813588,0.32
3529,0.326559592,0.32
3530,0.326305498,0.32
3531,0.326122221,0.32
3532,0.326163721,0.32
3533,0.326362074,0.32
3534,0.326560888,0.32
3535,0.326752062,0.32
3536,0.326839211,0.32
3537,0.326706582,0.32
3538,0.32645405,0.32
3539,0.326200603,0.32
3540,0.325791154,0.32
3541,0.325193741,0.32
3542,0.324562488,0.32
3543,0.323924938,0.32
3544,0.323283477,0.32
3545,0.322645585,0.32
3546,0.322006921,0.32
3547,0.321369139,0.31
3548,0.32073484,0.31
3549,0.320099696,0.31
3550,0.319538506,0.31
3551,0.319096503,0.31
3552,0.31869815,0.31
3553,0.31830073,0.31
3554,0.317904287,0.31
3555,0.317507038,0.31
3556,0.317109813,0.31
3557,0.316712015,0.31
3558,0.316314806,0.31
3559,0.315920905,0.31
3560,0.315526748,0.31
3561,0.31513167,0.31
3562,0.314737436,0.31
3563,0.31453278,0.31
3564,0.314522775,0.31
3565,0.314374305,0.31
3566,0.314027129,0.31
3567,0.313625543,0.31
3568,0.313224821,0.31
3569,0.312825271,0.31
3570,0.312426884,0.31
3571,0.312029562,0.31
3572,0.311632955,0.31
3573,0.311232879,0.31
3574,0.31083141,0.31
3575,0.310484677,0.31
3576,0.310290162,0.3
3577,0.310045595,0.3
3578,0.309698656,0.3
3579,0.309564792,0.3
3580,0.309393253,0.3
3581,0.309005726,0.3
3582,0.308606585,0.3
3583,0.308207236,0.3
3584,0.307805517,0.3
3585,0.307405496,0.3
3586,0.307005378,0.3
3587,0.306603269,0.3
3588,0.306202594,0.3
3589,0.305803432,0.3
3590,0.305404673,0.3
3591,0.305005042,0.3
3592,0.304606386,0.3
3593,0.304206012,0.3
3594,0.303803478,0.3
3595,0.303400822,0.3
3596,0.302998091,0.3
3597,0.302596156,0.3
3598,0.30219322,0.3
3599,0.301790057,0.3
3600,0.301388153,0.3
3601,0.300908939,0.3
3602,0.300315601,0.3
3603,0.299685828,0.3
3604,0.299060015,0.3
3605,0.298453777,0.29
3606,0.297863569,0.29
3607,0.297275463,0.29
3608,0.296697004,0.29
3609,0.296124939,0.29
3610,0.295550959,0.29
3611,0.295037101,0.29
3612,0.294609427,0.29
3613,0.294204129,0.29
3614,0.29379584,0.29
3615,0.293388619,0.29
3616,0.292983047,0.29
3617,0.292577601,0.29
3618,0.292170804,0.29
3619,0.291763793,0.29
3620,0.291356911,0.29
3621,0.290950317,0.29
3622,0.290544642,0.29
3623,0.290139151,0.29
3624,0.289734988,0.29
3625,0.289330404,0.29
3626,0.288925273,0.29
3627,0.288520447,0.29
3628,0.288113813,0.29
3629,0.287706112,0.29
3630,0.287299577,0.29
3631,0.286894518,0.29
3632,0.286490268,0.28
3633,0.286086639,0.28
3634,0.285684826,0.28
3635,0.285281893,0.28
3636,0.284877573,0.28
3637,0.284471243,0.28
3638,0.284062127,0.28
3639,0.283653581,0.28
3640,0.283244303,0.28
3641,0.282833,0.28
3642,0.282422289,0.28
3643,0.282013522,0.28
3644,0.281602415,0.28
3645,0.281192924,0.28
3646,0.28078651,0.28
3647,0.280377644,0.28
3648,0.27996731,0.28
3649,0.279557953,0.28
3650,0.279147322,0.28
3651,0.2787363,0.28
3652,0.278326481,0.28
3653,0.277915974,0.28
3654,0.277507141,0.28
3655,0.277098239,0.28
3656,0.276776026,0.28
3657,0.27672635,0.28
3658,0.276871965,0.28
3659,0.276937174,0.28
3660,0.276851965,0.28
3661,0.276654701,0.28
3662,0.276403541,0.28
3663,0.276152633,0.28
3664,0.27590213,0.28
3665,0.275651378,0.28
3666,0.275400994,0.28
3667,0.275150145,0.26
3668,0.274898121,0.26
3669,0.274646006,0.26
3670,0.274394701,0.26
3671,0.274141745,0.26
3672,0.273885312,0.26
3673,0.27362718,0.26
3674,0.27336761,0.26
3675,0.273107474,0.26
3676,0.272850561,0.26
3677,0.272594222,0.26
3678,0.272335264,0.26
3679,0.272076012,0.26
3680,0.271816428,0.26
3681,0.271556841,0.26
3682,0.271297851,0.26
3683,0.271040178,0.26
3684,0.270782664,0.26
3685,0.270524196,0.26
3686,0.270265113,0.26
3687,0.270006015,0.26
3688,0.269747105,0.26
3689,0.269487699,0.26
3690,0.269227618,0.26
3691,0.268968232,0.26
3692,0.268709633,0.26
3693,0.268450738,0.26
3694,0.268192248,0.26
3695,0.26793339,0.26
3696,0.26767476,0.26
3697,0.267416035,0.26
3698,0.267229745,0.26
3699,0.267260108,0.26
3700,0.267320661,0.26
3701,0.26717274,0.26
3702,0.266919934,0.26
3703,0.26665867,0.26
3704,0.266397513,0.26
3705,0.266135672,0.26
3706,0.265874513,0.26
3707,0.265615665,0.26
3708,0.265357534,0.26
3709,0.265098398,0.26
3710,0.26483918,0.26
3711,0.264579747,0.26
3712,0.264371704,0.25
3713,0.264357444,0.25
3714,0.264351856,0.25
3715,0.264156716,0.25
3716,0.263962348,0.25
3717,0.263846846,0.25
3718,0.26367082,0.25
3719,0.263585452,0.25
3720,0.26370005,0.25
3721,0.263844738,0.25
3722,0.263908918,0.25
3723,0.263771166,0.25
3724,0.263539773,0.25
3725,0.263412867,0.25
3726,0.263345949,0.25
3727,0.263205162,0.25
3728,0.263003619,0.25
3729,0.262788381,0.25
3730,0.262544837,0.25
3731,0.262281084,0.25
3732,0.262018746,0.25
3733,0.261756195,0.25
3734,0.261495419,0.25
3735,0.261236034,0.25
3736,0.26097522,0.25
3737,0.260713715,0.25
3738,0.260454252,0.25
3739,0.260213439,0.25
3740,0.260113598,0.25
3741,0.260059812,0.25
3742,0.259982746,0.25
3743,0.259892197,0.25
3744,0.259876456,0.25
3745,0.259970206,0.25
3746,0.260020977,0.25
3747,0.259934703,0.25
3748,0.259712949,0.25
3749,0.259492935,0.25
3750,0.259357501,0.25
3751,0.259434511,0.25
3752,0.259644881,0.25
3753,0.259851006,0.25
3754,0.260055487,0.25
3755,0.260256411,0.25
3756,0.260439856,0.25
3757,0.260413364,0.25
3758,0.260171094,0.25
3759,0.259907706,0.25
3760,0.259642564,0.25
3761,0.259377574,0.25
3762,0.259114749,0.25
3763,0.258851926,0.25
3764,0.258589816,0.25
3765,0.258327858,0.25
3766,0.258066415,0.25
3767,0.257805074,0.25
3768,0.257543233,0.25
3769,0.257280178,0.25
3770,0.257018925,0.25
3771,0.256758306,0.25
3772,0.256503155,0.25
3773,0.256407601,0.25
3774,0.256303412,0.25
3775,0.256042026,0.25
3776,0.255782003,0.25
3777,0.255522147,0.25
3778,0.255263865,0.25
3779,0.255196317,0.25
3780,0.255353759,0.25
3781,0.255523803,0.25
3782,0.255658488,0.25
3783,0.255669893,0.25
3784,0.255489889,0.25
3785,0.255227411,0.25
3786,0.254964882,0.25
3787,0.254702686,0.25
3788,0.254442191,0.25
3789,0.254185209,0.25
3790,0.254090718,0.25
3791,0.254150983,0.25
3792,0.254238499,0.25
3793,0.254336684,0.25
3794,0.254387797,0.25
3795,0.254386017,0.25
3796,0.254452206,0.25
3797,0.254614187,0.25
3798,0.254677616,0.25
3799,0.254742161,0.25
3800,0.254922706,0.25
3801,0.255089771,0.25
3802,0.255188418,0.25
3803,0.255247378,0.25
3804,0.255308172,0.25
3805,0.255275558,0.25
3806,0.255259779,0.25
3807,0.255369911,0.25
3808,0.255487764,0.25
3809,0.255592939,0.25
3810,0.255687106,0.25
3811,0.255789834,0.25
3812,0.255914171,0.25
3813,0.256057685,0.25
3814,0.256211261,0.25
3815,0.25637083,0.25
3816,0.256536843,0.25
3817,0.256705565,0.25
3818,0.25687893,0.25
3819,0.256990592,0.25
3820,0.256878488,0.25
3821,0.256613751,0.25
3822,0.256576592,0.25
3823,0.256771413,0.25
3824,0.25697375,0.25
3825,0.257156452,0.25
3826,0.257268742,0.25
3827,0.25739109,0.25
3828,0.257556927,0.25
3829,0.257684783,0.25
3830,0.257722703,0.25
3831,0.257574622,0.25
3832,0.257313876,0.25
3833,0.257054362,0.25
3834,0.256792387,0.25
3835,0.256527593,0.25
3836,0.256261555,0.25
3837,0.255996427,0.25
3838,0.255731019,0.25
3839,0.255467132,0.25
3840,0.255204367,0.25
3841,0.254941202,0.25
3842,0.254801637,0.25
3843,0.254817185,0.25
3844,0.254712609,0.25
3845,0.2546286,0.25
3846,0.254774496,0.25
3847,0.254978257,0.25
3848,0.255182357,0.25
3849,0.255384668,0.25
3850,0.255581085,0.25
3851,0.255750627,0.25
3852,0.255857831,0.25
3853,0.25587767,0.25
3854,0.255740794,0.25
3855,0.255490653,0.25
3856,0.255236872,0.25
3857,0.254982792,0.25
3858,0.254728149,0.25
3859,0.254470731,0.25
3860,0.254211726,0.25
3861,0.253952243,0.25
3862,0.253690762,0.25
3863,0.253427554,0.25
3864,0.25316403,0.25
3865,0.252900418,0.25
3866,0.252636521,0.25
3867,0.252372097,0.25
3868,0.252108751,0.25
3869,0.251845385,0.24
3870,0.251580336,0.24
3871,0.251315667,0.24
3872,0.251051524,0.24
3873,0.250788176,0.24
3874,0.250525839,0.24
3875,0.250263104,0.24
3876,0.249999226,0.24
3877,0.24973532,0.24
3878,0.249472749,0.24
3879,0.249209792,0.24
3880,0.248944482,0.24
3881,0.248679589,0.24
3882,0.248417495,0.24
3883,0.248154743,0.24
3884,0.24788942,0.24
3885,0.247625221,0.24
3886,0.24736568,0.24
3887,0.247281407,0.24
3888,0.247328678,0.24
3889,0.247330225,0.24
3890,0.247293431,0.24
3891,0.247144983,0.24
3892,0.246899194,0.24
3893,0.246635388,0.24
3894,0.246373165,0.24
3895,0.246110264,0.24
3896,0.245854784,0.24
3897,0.245758016,0.24
3898,0.245786265,0.24
3899,0.245778971,0.24
3900,0.245663159,0.24
3901,0.245595662,0.24
3902,0.245738772,0.24
3903,0.245945369,0.24
3904,0.246149906,0.24
3905,0.246351651,0.24
3906,0.246549948,0.24
3907,0.246743773,0.24
3908,0.246894704,0.24
3909,0.246946591,0.24
3910,0.246963382,0.24
3911,0.246944926,0.24
3912,0.246833088,0.24
3913,0.246632952,0.24
3914,0.246373636,0.24
3915,0.246109497,0.24
3916,0.245848267,0.24
3917,0.245590912,0.24
3918,0.245333495,0.24
3919,0.245074002,0.24
3920,0.244815285,0.24
3921,0.244558249,0.24
3922,0.244299754,0.24
3923,0.244040181,0.24
3924,0.243781843,0.24
3925,0.24337848,0.24
3926,0.242679064,0.24
3927,0.241836932,0.24
3928,0.240998112,0.24
3929,0.240181201,0.24
3930,0.239444104,0.24
3931,0.238789115,0.23
3932,0.238176638,0.23
3933,0.237594804,0.23
3934,0.237036445,0.23
3935,0.236526272,0.23
3936,0.236081347,0.23
3937,0.235659862,0.23
3938,0.235239315,0.23
3939,0.234816701,0.23
3940,0.23439136,0.23
3941,0.233967402,0.23
3942,0.233546704,0.23
3943,0.23312619,0.23
3944,0.232704823,0.23
3945,0.232284934,0.23
3946,0.231864185,0.23
3947,0.231442601,0.23
3948,0.231020343,0.23
3949,0.230595557,0.23
3950,0.230169801,0.23
3951,0.229746796,0.23
3952,0.229324765,0.23
3953,0.228899612,0.23
3954,0.228469103,0.23
3955,0.228040451,0.23
3956,0.227622123,0.23
3957,0.227206228,0.23
3958,0.226787171,0.21
3959,0.226370349,0.21
3960,0.225958925,0.21
3961,0.225548293,0.21
3962,0.225137072,0.21
3963,0.224723774,0.21
3964,0.224314934,0.21
3965,0.223909417,0.21
3966,0.223508087,0.21
3967,0.223108358,0.21
3968,0.222708311,0.21
3969,0.222313489,0.21
3970,0.221914915,0.21
3971,0.221515927,0.21
3972,0.221116398,0.21
3973,0.22071629,0.21
3974,0.220318262,0.21
3975,0.219918651,0.21
3976,0.219519824,0.21
3977,0.219122304,0.21
3978,0.218724783,0.21
3979,0.218322629,0.21
3980,0.217915617,0.21
3981,0.21751075,0.21
3982,0.217112528,0.21
3983,0.216709554,0.21
3984,0.216301993,0.21
3985,0.215899583,0.21
3986,0.215496048,0.21
3987,0.215095676,0.21
3988,0.214697496,0.2
3989,0.214302428,0.2
3990,0.213912637,0.2
3991,0.213526436,0.2
3992,0.213143991,0.2
3993,0.212759237,0.2
3994,0.212383704,0.2
3995,0.21206733,0.2
3996,0.211799807,0.2
3997,0.211595058,0.2
3998,0.211580798,0.2
3999,0.211630317,0.2
4000,0.211609201,0.2
4001,0.211575087,0.2
4002,0.211528913,0.2
4003,0.211557604,0.2
4004,0.211720765,0.2
4005,0.211936646,0.2
4006,0.212149809,0.2
4007,0.212362425,0.2
4008,0.212574403,0.2
4009,0.212785659,0.2
4010,0.212995428,0.2
4011,0.213203753,0.2
4012,0.213409635,0.2
4013,0.213611485,0.2
4014,0.213807461,0.2
4015,0.213993252,0.2
4016,0.214111535,0.2
4017,0.214089067,0.2
4018,0.214013709,0.2
4019,0.21396838,0.2
4020,0.213916451,0.2
4021,0.213854645,0.2
4022,0.213789849,0.2
4023,0.21370647,0.2
4024,0.213590452,0.2
4025,0.213464611,0.2
4026,0.213359872,0.2
4027,0.213270069,0.2
4028,0.213150346,0.2
4029,0.212994163,0.2
4030,0.212893568,0.2
4031,0.212869112,0.2
4032,0.212853848,0.2
4033,0.212822345,0.2
4034,0.212754799,0.2
4035,0.212645755,0.2
4036,0.212527552,0.2
4037,0.212428253,0.2
4038,0.212340856,0.2
4039,0.212253557,0.2
4040,0.212165928,0.2
4041,0.212077956,0.2
4042,0.211997442,0.2
4043,0.211932974,0.2
4044,0.211877566,0.2
4045,0.211821896,0.2
4046,0.211750962,0.2
4047,0.211657581,0.2
4048,0.211539196,0.2
4049,0.211396448,0.2
4050,0.211263881,0.2
4051,0.211158802,0.2
4052,0.21096665,0.2
4053,0.210447088,0.2
4054,0.209697681,0.2
4055,0.208952198,0.2
4056,0.208208536,0.2
4057,0.207463689,0.2
4058,0.20671084,0.2
4059,0.205983314,0.2
4060,0.205302341,0.2
4061,0.204656184,0.2
4062,0.204052294,0.2
4063,0.20353279,0.2
4064,0.203124582,0.2
4065,0.202741459,0.2
4066,0.202333446,0.2
4067,0.201922773,0.2
4068,0.201511827,0.19
4069,0.201102823,0.19
4070,0.200695536,0.19
4071,0.200286644,0.19
4072,0.199877009,0.19
4073,0.199467994,0.19
4074,0.199059093,0.19
4075,0.198658364,0.19
4076,0.198308397,0.19
4077,0.198016199,0.19
4078,0.197708224,0.19
4079,0.197371641,0.19
4080,0.197052402,0.19
4081,0.196742567,0.19
4082,0.196408721,0.19
4083,0.196054748,0.19
4084,0.195676106,0.19
4085,0.195269517,0.19
4086,0.194859682,0.19
4087,0.194452973,0.19
4088,0.194048099,0.19
4089,0.193641632,0.19
4090,0.193238791,0.19
4091,0.192832542,0.19
4092,0.192421326,0.19
4093,0.192015248,0.19
4094,0.191607534,0.19
4095,0.191201069,0.19
4096,0.190797892,0.19
4097,0.190393912,0.19
4098,0.189988917,0.18
4099,0.189582697,0.18
4100,0.189178419,0.18
4101,0.188775563,0.18
4102,0.188371968,0.18
4103,0.187968652,0.18
4104,0.187565166,0.18
4105,0.187161117,0.18
4106,0.186757607,0.18
4107,0.186352037,0.18
4108,0.185945974,0.18
4109,0.185541045,0.18
4110,0.185136024,0.18
4111,0.184733162,0.18
4112,0.184332137,0.18
4113,0.183928636,0.18
4114,0.183518005,0.18
4115,0.183096115,0.18
4116,0.182670691,0.18
4117,0.182249242,0.18
4118,0.181830252,0.18
4119,0.18141817,0.18
4120,0.181022751,0.18
4121,0.180631958,0.18
4122,0.180263598,0.18
4123,0.180036719,0.18
4124,0.179941918,0.18
4125,0.179846631,0.18
4126,0.179847497,0.18
4127,0.179970581,0.18
4128,0.180051933,0.18
4129,0.180103826,0.18
4130,0.180197271,0.18
4131,0.180268687,0.18
4132,0.180124686,0.18
4133,0.179757433,0.18
4134,0.179336051,0.18
4135,0.178919313,0.18
4136,0.17850339,0.1775
4137,0.17809539,0.17
4138,0.177701193,0.17
4139,0.177301588,0.17
4140,0.176897344,0.17
4141,0.176506081,0.17
4142,0.176117215,0.17
4143,0.175726103,0.17
4144,0.175342077,0.17
4145,0.174954678,0.17
4146,0.17456714,0.17
4147,0.174182713,0.17
4148,0.173803337,0.17
4149,0.173428501,0.17
4150,0.173048569,0.17
4151,0.1726712,0.17
4152,0.172299079,0.17
4153,0.17192441,0.17
4154,0.171551223,0.17
4155,0.17117621,0.17
4156,0.170796999,0.17
4157,0.170421491,0.17
4158,0.170046098,0.17
4159,0.169668933,0.17
4160,0.169293604,0.17
4161,0.168914729,0.17
4162,0.168533919,0.17
4163,0.168158813,0.17
4164,0.167779566,0.17
4165,0.167396304,0.17
4166,0.16701414,0.17
4167,0.166632279,0.15
4168,0.16625215,0.15
4169,0.165872162,0.15
4170,0.165487024,0.15
4171,0.165093855,0.15
4172,0.164693974,0.15
4173,0.164283422,0.15
4174,0.163865961,0.15
4175,0.163441397,0.15
4176,0.16300658,0.15
4177,0.162570183,0.15
4178,0.162137807,0.15
4179,0.161704758,0.15
4180,0.161269349,0.15
4181,0.160825444,0.15
4182,0.160374454,0.15
4183,0.159922061,0.15
4184,0.159468362,0.15
4185,0.159018137,0.15
4186,0.158658919,0.15
4187,0.158456581,0.15
4188,0.158364654,0.15
4189,0.158350156,0.15
4190,0.158391065,0.15
4191,0.158510017,0.15
4192,0.158703274,0.15
4193,0.15891383,0.15
4194,0.159124315,0.15
4195,0.15933439,0.15
4196,0.159544207,0.15
4197,0.159711892,0.15
4198,0.159836682,0.15
4199,0.159969292,0.15
4200,0.160139843,0.15
4201,0.160343341,0.15
4202,0.160550435,0.15
4203,0.160756053,0.15
4204,0.160960016,0.15
4205,0.161069219,0.15
4206,0.161176882,0.15
4207,0.161362147,0.15
4208,0.161538677,0.15
4209,0.16168254,0.15
4210,0.161797351,0.15
4211,0.161942446,0.15
4212,0.162088821,0.15
4213,0.162203476,0.15
4214,0.162297395,0.15
4215,0.162365768,0.15
4216,0.162420497,0.15
4217,0.162480331,0.15
4218,0.162379282,0.15
4219,0.161906601,0.15
4220,0.161223823,0.15
4221,0.160540826,0.15
4222,0.159858296,0.15
4223,0.159175934,0.15
4224,0.158493994,0.15
4225,0.15781218,0.15
4226,0.157125971,0.15
4227,0.156571821,0.15
4228,0.156162147,0.15
4229,0.155784672,0.15
4230,0.155513271,0.15
4231,0.15531844,0.15
4232,0.155084272,0.15
4233,0.154812254,0.15
4234,0.154532497,0.15
4235,0.154273004,0.15
4236,0.15406497,0.15
4237,0.153911182,0.15
4238,0.153824426,0.14
4239,0.153798826,0.14
4240,0.153794083,0.14
4241,0.153789294,0.14
4242,0.153781932,0.14
4243,0.15377,0.14
4244,0.153776033,0.14
4245,0.153868318,0.14
4246,0.154002853,0.15
4247,0.154071478,0.15
4248,0.154081887,0.15
4249,0.154076569,0.15
4250,0.154100853,0.15
4251,0.154185766,0.15
4252,0.154304332,0.15
4253,0.154439426,0.15
4254,0.154583819,0.15
4255,0.154649254,0.15
4256,0.154635783,0.15
4257,0.154638567,0.15
4258,0.154694395,0.15
4259,0.154790881,0.15
4260,0.154885951,0.15
4261,0.154958312,0.15
4262,0.155003028,0.15
4263,0.155018592,0.15
4264,0.155016669,0.15
4265,0.155010456,0.15
4266,0.155004164,0.15
4267,0.154998648,0.15
4268,0.154993325,0.15
4269,0.15498794,0.15
4270,0.154982627,0.15
4271,0.154977348,0.15
4272,0.154972156,0.15
4273,0.154967024,0.15
4274,0.154961767,0.15
4275,0.154956382,0.15
4276,0.154951022,0.15
4277,0.154945706,0.15
4278,0.15494046,0.15
4279,0.154935264,0.15
4280,0.154929945,0.15
4281,0.154924531,0.15
4282,0.154919214,0.15
4283,0.154913844,0.15
4284,0.154907024,0.15
4285,0.154899033,0.15
4286,0.154891474,0.15
4287,0.154883851,0.15
4288,0.154876121,0.15
4289,0.154868373,0.15
4290,0.154860568,0.15
4291,0.154847912,0.15
4292,0.154822203,0.15
4293,0.154800425,0.15
4294,0.154762335,0.15
4295,0.154719353,0.15
4296,0.154704996,0.15
4297,0.154696478,0.15
4298,0.154688375,0.15
4299,0.154680272,0.15
4300,0.15467247,0.15
4301,0.154664215,0.15
4302,0.154654978,0.15
4303,0.154645837,0.15
4304,0.154637573,0.15
4305,0.154628901,0.15
4306,0.154619202,0.15
4307,0.154609324,0.15
4308,0.154599659,0.15
4309,0.154588779,0.15
4310,0.154560414,0.15
4311,0.154480969,0.15
4312,0.154311315,0.15
4313,0.154138228,0.15
4314,0.154031486,0.15
4315,0.153945615,0.15
4316,0.153825681,0.15
4317,0.153658313,0.15
4318,0.153447812,0.14
4319,0.153199993,0.14
4320,0.152950439,0.14
4321,0.152701295,0.14
4322,0.152451811,0.14
4323,0.152199893,0.14
4324,0.151946523,0.14
4325,0.151693204,0.14
4326,0.151441883,0.14
4327,0.15119014,0.14
4328,0.150934983,0.14
4329,0.150681484,0.14
4330,0.150429621,0.14
4331,0.150177243,0.14
4332,0.149924982,0.14
4333,0.149672152,0.14
4334,0.149419271,0.14
4335,0.149169052,0.14
4336,0.148918897,0.14
4337,0.148667171,0.14
4338,0.148414974,0.14
4339,0.148161955,0.14
4340,0.147909545,0.14
4341,0.147657418,0.14
4342,0.14740699,0.14
4343,0.147156714,0.14
4344,0.146958276,0.14
4345,0.146977796,0.14
4346,0.147112121,0.14
4347,0.147094855,0.14
4348,0.146991479,0.14
4349,0.146927877,0.14
4350,0.146849361,0.14
4351,0.146667957,0.14
4352,0.146505626,0.14
4353,0.146459458,0.14
4354,0.146468794,0.14
4355,0.146491155,0.14
4356,0.146495873,0.14
4357,0.146508432,0.14
4358,0.146402543,0.14
4359,0.146155691,0.14
4360,0.145903424,0.14
4361,0.145737168,0.14
4362,0.145788862,0.14
4363,0.145975273,0.14
4364,0.146164503,0.14
4365,0.146353629,0.14
4366,0.146538432,0.14
4367,0.146707499,0.14
4368,0.146845703,0.14
4369,0.146944086,0.14
4370,0.146992129,0.14
4371,0.146997495,0.14
4372,0.146989886,0.14
4373,0.146982713,0.14
4374,0.146975938,0.14
4375,0.146969274,0.14
4376,0.146962531,0.14
4377,0.146955805,0.14
4378,0.146949158,0.14
4379,0.146942593,0.14
4380,0.146935746,0.14
4381,0.146928992,0.14
4382,0.146922247,0.14
4383,0.146915502,0.14
4384,0.146908888,0.14
4385,0.146902151,0.14
4386,0.146874492,0.14
4387,0.14674792,0.14
4388,0.14652477,0.14
4389,0.146282148,0.14
4390,0.146038798,0.14
4391,0.145857995,0.14
4392,0.145819609,0.14
4393,0.145836808,0.14
4394,0.145798053,0.14
4395,0.145640481,0.14
4396,0.1453929,0.14
4397,0.145144287,0.14
4398,0.144895932,0.14
4399,0.144645396,0.14
4400,0.144392834,0.14
4401,0.14414056,0.14
4402,0.143889504,0.14
4403,0.143638302,0.14
4404,0.14338717,0.14
4405,0.143136077,0.14
4406,0.142884809,0.14
4407,0.142633331,0.13
4408,0.142381778,0.13
4409,0.142129912,0.13
4410,0.141878096,0.13
4411,0.141626886,0.13
4412,0.141375219,0.13
4413,0.141123092,0.13
4414,0.140871121,0.13
4415,0.140619136,0.13
4416,0.140367028,0.13
4417,0.140115176,0.13
4418,0.139862737,0.13
4419,0.139609611,0.13
4420,0.139356576,0.13
4421,0.139105549,0.13
4422,0.138856365,0.13
4423,0.138606702,0.13
4424,0.138356376,0.13
4425,0.138123729,0.13
4426,0.138009944,0.13
4427,0.137999313,0.13
4428,0.137918417,0.13
4429,0.137714058,0.13
4430,0.137460605,0.13
4431,0.137207824,0.13
4432,0.136956358,0.13
4433,0.136710383,0.13
4434,0.136619992,0.13
4435,0.136624731,0.13
4436,0.136561102,0.13
4437,0.13640333,0.13
4438,0.136163409,0.13
4439,0.135949126,0.13
4440,0.135775466,0.13
4441,0.135596286,0.13
4442,0.135369535,0.13
4443,0.135117018,0.13
4444,0.134865403,0.13
4445,0.134613302,0.13
4446,0.134361168,0.13
4447,0.134110749,0.13
4448,0.133861229,0.13
4449,0.133612516,0.13
4450,0.133363966,0.13
4451,0.133115576,0.13
4452,0.132874569,0.13
4453,0.132638815,0.13
4454,0.13239587,0.13
4455,0.132147147,0.1275
4456,0.13189913,0.12
4457,0.131650428,0.12
4458,0.131402622,0.12
4459,0.131194315,0.12
4460,0.131065104,0.12
4461,0.131049841,0.12
4462,0.131173361,0.12
4463,0.131306457,0.12
4464,0.131218319,0.12
4465,0.130967334,0.12
4466,0.13071767,0.12
4467,0.130468511,0.12
4468,0.130219768,0.12
4469,0.129971214,0.12
4470,0.129722886,0.12
4471,0.129474573,0.12
4472,0.129226469,0.12
4473,0.128977448,0.12
4474,0.128728519,0.12
4475,0.128480634,0.12
4476,0.128233169,0.12
4477,0.128090447,0.12
4478,0.12809396,0.12
4479,0.127988058,0.12
4480,0.127734222,0.12
4481,0.127485366,0.12
4482,0.127238106,0.12
4483,0.126989378,0.12
4484,0.1267401,0.12
4485,0.126492054,0.12
4486,0.126244944,0.12
4487,0.125998072,0.12
4488,0.125750038,0.12
4489,0.125500966,0.12
4490,0.125251563,0.12
4491,0.125002774,0.12
4492,0.124755111,0.12
4493,0.124507318,0.12
4494,0.124259159,0.12
4495,0.124010827,0.12
4496,0.123761463,0.12
4497,0.123511474,0.12
4498,0.123261793,0.12
4499,0.123011624,0.12
4500,0.122761601,0.12
4501,0.122512939,0.12
4502,0.122265889,0.12
4503,0.122018445,0.12
4504,0.121769984,0.115
4505,0.121519921,0.1
4506,0.12126886,0.1
4507,0.121019328,0.1
4508,0.120770641,0.1
4509,0.120521073,0.1
4510,0.120271446,0.1
4511,0.120023996,0.1
4512,0.119776245,0.1
4513,0.119527936,0.1
4514,0.119279536,0.1
4515,0.119029944,0.1
4516,0.118781127,0.1
4517,0.118533246,0.1
4518,0.118285626,0.1
4519,0.118038215,0.1
4520,0.117789745,0.1
4521,0.117541649,0.1
4522,0.117294013,0.1
4523,0.117046203,0.1
4524,0.116798064,0.1
4525,0.116548928,0.1
4526,0.116300802,0.1
4527,0.116052844,0.1
4528,0.115804933,0.1
4529,0.115556821,0.1
4530,0.115306991,0.1
4531,0.115057887,0.1
4532,0.114809339,0.1
4533,0.114560361,0.1
4534,0.114312044,0.1
4535,0.114064375,0.1
4536,0.113816966,0.1
4537,0.113570542,0.1
4538,0.113323107,0.1
4539,0.113074596,0.1
4540,0.112827165,0.1
4541,0.112579602,0.1
4542,0.112331368,0.1
4543,0.112082371,0.1
4544,0.11183373,0.1
4545,0.111585083,0.1
4546,0.111335506,0.1
4547,0.111086317,0.1
4548,0.110869969,0.09
4549,0.110696515,0.09
4550,0.110533552,0.09
4551,0.110371037,0.09
4552,0.110208619,0.09
4553,0.110045229,0.09
4554,0.109881659,0.09
4555,0.109718708,0.09
4556,0.109556172,0.09
4557,0.109394253,0.09
4558,0.109232378,0.09
4559,0.109069505,0.09
4560,0.108906469,0.09
4561,0.108743831,0.09
4562,0.108581431,0.09
4563,0.108419317,0.09
4564,0.10825652,0.09
4565,0.108092777,0.09
4566,0.107929349,0.09
4567,0.107766504,0.09
4568,0.107603223,0.09
4569,0.107439543,0.09
4570,0.107276383,0.09
4571,0.107113976,0.09
4572,0.106951372,0.09
4573,0.106788885,0.09
4574,0.106627098,0.09
4575,0.106465052,0.09
4576,0.106303025,0.09
4577,0.106140319,0.09
4578,0.105977294,0.09
4579,0.105814297,0.09
4580,0.105651194,0.09
4581,0.105488123,0.09
4582,0.105325136,0.09
4583,0.105162125,0.09
4584,0.104999024,0.09
4585,0.104836528,0.09
4586,0.104674684,0.09
4587,0.104513079,0.09
4588,0.104350818,0.09
4589,0.104189071,0.09
4590,0.104027725,0.09
4591,0.103864941,0.09
4592,0.103701355,0.09
4593,0.103537902,0.09
4594,0.103375328,0.09
4595,0.10321283,0.09
4596,0.103049148,0.09
4597,0.1028871,0.09
4598,0.102725794,0.09
4599,0.102563058,0.09
4600,0.102398833,0.09
4601,0.102235173,0.09
4602,0.102072703,0.09
4603,0.101910024,0.09
4604,0.101746851,0.09
4605,0.101583849,0.09
4606,0.101421562,0.09
4607,0.101258408,0.09
4608,0.101095529,0.0875
4609,0.100933739,0.08
4610,0.100770352,0.08
4611,0.100606945,0.08
4612,0.100445259,0.08
4613,0.100283088,0.08
4614,0.100121023,0.08
4615,0.0999584897,0.08
4616,0.0997956891,0.08
4617,0.0996335444,0.08
4618,0.0994705005,0.08
4619,0.0993070312,0.08
4620,0.0991453921,0.08
4621,0.0989843471,0.08
4622,0.0988228948,0.08
4623,0.0986619124,0.08
4624,0.0984998339,0.08
4625,0.0983375084,0.08
4626,0.0981753701,0.08
4627,0.0980119534,0.08
4628,0.0978490441,0.08
4629,0.097687071,0.08
4630,0.0975246853,0.08
4631,0.0973620371,0.08
4632,0.097199139,0.08
4633,0.0970366647,0.08
4634,0.0968747446,0.08
4635,0.0967125057,0.08
4636,0.0965503951,0.08
4637,0.096389333,0.08
4638,0.0962278136,0.08
4639,0.0960647191,0.08
4640,0.0959017885,0.08
4641,0.0957389303,0.08
4642,0.0955756007,0.08
4643,0.0954118896,0.08
4644,0.0952495317,0.08
4645,0.0950878095,0.08
4646,0.0949251831,0.08
4647,0.0947631518,0.08
4648,0.0946006305,0.08
4649,0.0944371188,0.08
4650,0.094275345,0.08
4651,0.094114698,0.08
4652,0.0940244114,0.08
4653,0.0940765958,0.08
4654,0.0941872697,0.08
4655,0.0942028225,0.08
4656,0.0940878202,0.08
4657,0.0939239399,0.08
4658,0.0937607824,0.08
4659,0.0935982792,0.08
4660,0.0934343589,0.08
4661,0.0932721705,0.08
4662,0.0931173436,0.08
4663,0.0929727935,0.08
4664,0.0929337146,0.08
4665,0.0929157192,0.08
4666,0.0927845738,0.08
4667,0.0926194253,0.08
4668,0.0924562444,0.08
4669,0.0922939593,0.08
4670,0.0921965865,0.08
4671,0.0922321992,0.08
4672,0.0922895513,0.08
4673,0.0922913437,0.08
4674,0.0922698898,0.08
4675,0.0921685611,0.08
4676,0.0920031998,0.08
4677,0.0918407806,0.08
4678,0.0916800708,0.08
4679,0.0915192761,0.08
4680,0.0914270285,0.08
4681,0.0914783161,0.08
4682,0.0916031271,0.08
4683,0.0917280456,0.08
4684,0.0918515639,0.08
4685,0.0919723529,0.08
4686,0.0920571808,0.08
4687,0.0919995259,0.08
4688,0.0918361441,0.08
4689,0.0916752635,0.08
4690,0.0915156523,0.08
4691,0.0913564967,0.08
4692,0.0911964251,0.08
4693,0.0910363916,0.08
4694,0.0908763096,0.08
4695,0.0907154085,0.08
4696,0.0905543867,0.07
4697,0.0903938603,0.07
4698,0.0902332606,0.07
4699,0.0900711815,0.07
4700,0.0899091809,0.07
4701,0.0897476084,0.07
4702,0.0895851643,0.07
4703,0.0894216023,0.07
4704,0.0892586172,0.07
4705,0.0890965489,0.07
4706,0.0889348656,0.07
4707,0.0887730467,0.07
4708,0.0886145055,0.07
4709,0.0885969325,0.07
4710,0.0887186517,0.07
4711,0.0888424908,0.07
4712,0.0889664302,0.07
4713,0.0890910262,0.07
4714,0.089216015,0.07
4715,0.0892455236,0.07
4716,0.0891334094,0.07
4717,0.0889750584,0.07
4718,0.0888168937,0.07
4719,0.0886589503,0.07
4720,0.0885009933,0.07
4721,0.0883427227,0.07
4722,0.0881841994,0.07
4723,0.0880259171,0.07
4724,0.0878673922,0.07
4725,0.0877083934,0.07
4726,0.0875489538,0.07
4727,0.0873899799,0.07
4728,0.0872308396,0.07
4729,0.0870711065,0.07
4730,0.0869120495,0.07
4731,0.0867531665,0.07
4732,0.0865931783,0.07
4733,0.0864328609,0.07
4734,0.0862732669,0.07
4735,0.0861133579,0.07
4736,0.0859521321,0.07
4737,0.0857905941,0.07
4738,0.0856297093,0.07
4739,0.0854682075,0.07
4740,0.0853050597,0.07
4741,0.0851416669,0.07
4742,0.0849789712,0.07
4743,0.0848158608,0.07
4744,0.0846519428,0.07
4745,0.0844887472,0.07
4746,0.0843258306,0.07
4747,0.0841613832,0.07
4748,0.0839969905,0.07
4749,0.0838338489,0.07
4750,0.0836702339,0.07
4751,0.0835050978,0.07
4752,0.0833400958,0.07
4753,0.083176611,0.07
4754,0.0830127677,0.07
4755,0.0828489766,0.07
4756,0.0826854445,0.07
4757,0.0825209603,0.07
4758,0.0823566832,0.07
4759,0.0821935109,0.07
4760,0.0820310806,0.07
4761,0.0818682595,0.07
4762,0.0817053166,0.07
4763,0.0815422203,0.07
4764,0.0813796387,0.07
4765,0.0812162493,0.07
4766,0.0810514773,0.07
4767,0.0808882194,0.07
4768,0.0807262928,0.07
4769,0.0805638946,0.0675
4770,0.080400712,0.06
4771,0.0802375245,0.06
4772,0.0800747036,0.06
4773,0.0799113596,0.06
4774,0.0797468969,0.06
4775,0.079583356,0.06
4776,0.0794209076,0.06
4777,0.0792583986,0.06
4778,0.0790959506,0.06
4779,0.0789329884,0.06
4780,0.0787703897,0.06
4781,0.0786086186,0.06
4782,0.0784452083,0.06
4783,0.0782814039,0.06
4784,0.0781187306,0.06
4785,0.0779555938,0.06
4786,0.0777931198,0.06
4787,0.0776310746,0.06
4788,0.0774681884,0.06
4789,0.077305914,0.06
4790,0.0771438101,0.06
4791,0.076980474,0.06
4792,0.0768174366,0.06
4793,0.0766553042,0.06
4794,0.0764930501,0.06
4795,0.0763298107,0.06
4796,0.076166225,0.06
4797,0.0760032876,0.06
4798,0.0758404671,0.06
4799,0.0756774309,0.06
4800,0.075514595,0.06
4801,0.0753520122,0.06
4802,0.0751895834,0.06
4803,0.0750277037,0.06
4804,0.0748664414,0.06
4805,0.0747039481,0.06
4806,0.0745394003,0.06
4807,0.0743750512,0.06
4808,0.0742106668,0.06
4809,0.074047303,0.06
4810,0.0738845317,0.06
4811,0.0737205533,0.06
4812,0.0735557477,0.06
4813,0.0733901836,0.06
4814,0.0732248062,0.06
4815,0.0730589191,0.06
4816,0.0728926308,0.06
4817,0.0727280259,0.06
4818,0.0725653212,0.06
4819,0.0724018322,0.06
4820,0.0722371265,0.06
4821,0.0720722325,0.06
4822,0.0719069358,0.06
4823,0.0717424983,0.06
4824,0.071578816,0.06
4825,0.0714139167,0.06
4826,0.0712487412,0.06
4827,0.0710847258,0.06
4828,0.070921338,0.06
4829,0.0707579738,0.06
4830,0.0705947322,0.06
4831,0.0704300511,0.06
4832,0.0702648508,0.04
4833,0.0701005461,0.04
4834,0.0699350841,0.04
4835,0.0697685669,0.04
4836,0.0696029351,0.04
4837,0.0694384641,0.04
4838,0.0692741892,0.04
4839,0.0691092783,0.04
4840,0.0689436679,0.04
4841,0.0687788268,0.04
4842,0.0686139645,0.04
4843,0.0684486482,0.04
4844,0.0682845307,0.04
4845,0.068121865,0.04
4846,0.0679581169,0.04
4847,0.0677938964,0.04
4848,0.0676298608,0.04
4849,0.0674642354,0.04
4850,0.067298274,0.04
4851,0.0671336868,0.04
4852,0.0670688873,0.04
4853,0.0671469183,0.04
4854,0.0672693716,0.04
4855,0.0673914877,0.04
4856,0.0675136117,0.04
4857,0.0676360687,0.04
4858,0.0677571245,0.04
4859,0.0678696368,0.04
4860,0.0678654197,0.04
4861,0.0677277553,0.04
4862,0.0675666136,0.04
4863,0.0674056176,0.04
4864,0.0672445273,0.04
4865,0.0670840879,0.04
4866,0.0669241475,0.04
4867,0.066763583,0.04
4868,0.0666017629,0.04
4869,0.0664401548,0.04
4870,0.066278851,0.04
4871,0.0661168538,0.04
4872,0.0659547548,0.04
4873,0.065792696,0.04
4874,0.0656307173,0.04
4875,0.0654684213,0.04
4876,0.0653054542,0.04
4877,0.0651421485,0.04
4878,0.0649795367,0.04
4879,0.0649124321,0.04
4880,0.0649869149,0.04
4881,0.0650668013,0.04
4882,0.0650022423,0.04
4883,0.0648354618,0.04
4884,0.0646696779,0.04
4885,0.064504494,0.04
4886,0.0643382122,0.04
4887,0.0641710545,0.04
4888,0.0640050297,0.04
4889,0.0638396287,0.04
4890,0.0636740196,0.04
4891,0.0635081522,0.04
4892,0.0633411659,0.04
4893,0.0631748272,0.04
4894,0.0630093373,0.04
4895,0.0628439155,0.04
4896,0.0626778471,0.04
4897,0.0625112749,0.04
4898,0.0623466094,0.04
4899,0.0621815578,0.04
4900,0.0620151626,0.04
4901,0.0618486666,0.04
4902,0.0616823837,0.04
4903,0.0615150426,0.04
4904,0.0613473194,0.04
4905,0.0611809536,0.04
4906,0.0610152777,0.04
4907,0.060849709,0.04
4908,0.0606834603,0.04
4909,0.0605168511,0.04
4910,0.060351661,0.04
4911,0.0601855958,0.04
4912,0.060018313,0.04
4913,0.0598516939,0.04
4914,0.059684983,0.03
4915,0.059518587,0.03
4916,0.0593524303,0.03
4917,0.0592831585,0.03
4918,0.0593576312,0.03
4919,0.0594789635,0.03
4920,0.0596008273,0.03
4921,0.0597230691,0.03
4922,0.0598456613,0.0325
4923,0.0599679958,0.04
4924,0.0600528509,0.04
4925,0.0600265152,0.04
4926,0.0599788826,0.04
4927,0.0600353578,0.04
4928,0.0601169979,0.04
4929,0.0601455508,0.04
4930,0.0601480198,0.04
4931,0.0601037086,0.04
4932,0.0599768217,0.04
4933,0.0598152984,0.0375
4934,0.0596534097,0.03
4935,0.0594914453,0.03
4936,0.0593295205,0.03
4937,0.0591673676,0.03
4938,0.0590050685,0.03
4939,0.0588426907,0.03
4940,0.0586808629,0.03
4941,0.0585189579,0.03
4942,0.058355332,0.03
4943,0.058191649,0.03
4944,0.058029918,0.03
4945,0.0578677136,0.03
4946,0.0577036298,0.03
4947,0.0575400551,0.03
4948,0.0573769953,0.03
4949,0.057212885,0.03
4950,0.0570479472,0.03
4951,0.0568824627,0.03
4952,0.056715661,0.03
4953,0.0565494682,0.03
4954,0.0563836185,0.03
4955,0.0562178942,0.03
4956,0.0560954304,0.03
4957,0.0561170192,0.03
4958,0.0561948913,0.03
4959,0.0562230406,0.03
4960,0.056288155,0.03
4961,0.056401612,0.03
4962,0.0565226213,0.03
4963,0.056644095,0.03
4964,0.0567592913,0.03
4965,0.0568317347,0.03
4966,0.0568530005,0.03
4967,0.0568686796,0.03
4968,0.0568747007,0.03
4969,0.0568626227,0.03
4970,0.0568554819,0.03
4971,0.0568574631,0.03
4972,0.0568662163,0.03
4973,0.0568915222,0.03
4974,0.0569123767,0.03
4975,0.0569109078,0.03
4976,0.0569088952,0.03
4977,0.0569074622,0.03
4978,0.0569030732,0.03
4979,0.0568968295,0.03
4980,0.0568887781,0.03
4981,0.056878419,0.03
4982,0.056866583,0.03
4983,0.0568561669,0.03
4984,0.0568472615,0.03
4985,0.0568392687,0.03
4986,0.0568324761,0.03
4987,0.0568258398,0.03
4988,0.056819209,0.03
4989,0.0568124559,0.03
4990,0.0568057138,0.03
4991,0.0567991195,0.03
4992,0.0567925773,0.03
4993,0.0567860175,0.03
4994,0.056778204,0.03
4995,0.0567520897,0.03
4996,0.0566612451,0.03
4997,0.056512964,0.03
4998,0.0563554818,0.03
4999,0.0561980759,0.03
5000,0.0560397083,0.03
5001,0.0558813849,0.03
5002,0.0557225035,0.03
5003,0.0555622492,0.03
5004,0.0554017133,0.03
5005,0.0552414128,0.03
5006,0.0550816271,0.03
5007,0.0549215388,0.03
5008,0.0547597112,0.03
5009,0.0545972646,0.03
5010,0.0544353206,0.03
5011,0.0542731695,0.03
5012,0.0541113808,0.03
5013,0.0539624066,0.03
5014,0.0539145189,0.03
5015,0.0539757561,0.03
5016,0.0540201243,0.03
5017,0.0539603907,0.03
5018,0.0538171069,0.03
5019,0.053701758,0.03
5020,0.0537230931,0.03
5021,0.0538413414,0.03
5022,0.0539549922,0.03
5023,0.054048251,0.03
5024,0.0541012124,0.03
5025,0.0541049729,0.03
5026,0.0540284106,0.03
5027,0.0538804371,0.03
5028,0.0537241532,0.03
5029,0.0536720398,0.03
5030,0.0537270617,0.03
5031,0.0537654719,0.03
5032,0.0537699352,0.03
5033,0.0537613058,0.03
5034,0.0537513018,0.03
5035,0.0537413212,0.03
5036,0.0537314535,0.03
5037,0.0537221277,0.03
5038,0.0537149474,0.03
5039,0.0537094862,0.03
5040,0.0537040852,0.03
5041,0.0536986929,0.03
5042,0.0536933086,0.03
5043,0.0536879323,0.03
5044,0.0536825473,0.03
5045,0.0536771421,0.03
5046,0.0536717451,0.03
5047,0.0536663502,0.03
5048,0.0536609553,0.03
5049,0.0536555777,0.03
5050,0.0536502029,0.03
5051,0.0536448277,0.03
5052,0.0536394576,0.03
5053,0.053634096,0.03
5054,0.0536287258,0.03
5055,0.0536233468,0.03
5056,0.0536179588,0.03
5057,0.0536125701,0.03
5058,0.0536071985,0.03
5059,0.0536018269,0.03
5060,0.0535964466,0.03
5061,0.0535910693,0.03
5062,0.0535857004,0.03
5063,0.0535803454,0.03
5064,0.0535749899,0.03
5065,0.053569617,0.03
5066,0.0535642383,0.03
5067,0.053558877,0.03
5068,0.0535535388,0.03
5069,0.053548192,0.03
5070,0.0535428275,0.03
5071,0.0535374449,0.03
5072,0.0535320533,0.03
5073,0.0535266791,0.03
5074,0.0535213223,0.03
5075,0.0535159654,0.03
5076,0.0535105825,0.03
5077,0.0535052054,0.03
5078,0.053499837,0.03
5079,0.0534944538,0.03
5080,0.0534890525,0.03
5081,0.053483651,0.03
5082,0.0534782465,0.03
5083,0.0534728594,0.03
5084,0.0534675012,0.03
5085,0.0534621431,0.03
5086,0.0534567936,0.03
5087,0.0534514297,0.03
5088,0.0534460657,0.03
5089,0.0534407159,0.03
5090,0.0534353655,0.03
5091,0.0534299886,0.03
5092,0.0534246089,0.03
5093,0.0534192379,0.03
5094,0.053413861,0.03
5095,0.0534084929,0.03
5096,0.0534031247,0.03
5097,0.0533977479,0.03
5098,0.0533923652,0.03
5099,0.0533869739,0.03
5100,0.0533815884,0.03
5101,0.0533762029,0.03
5102,0.0533708083,0.03
5103,0.0533654363,0.03
5104,0.0533600726,0.03
5105,0.0533547032,0.03
5106,0.053349325,0.03
5107,0.0533439382,0.03
5108,0.0533385426,0.03
5109,0.0533331558,0.03
5110,0.0533277776,0.03
5111,0.0533224081,0.03
5112,0.0533170387,0.03
5113,0.0533116547,0.03
5114,0.0533062708,0.03
5115,0.0533008926,0.03
5116,0.0532955232,0.03
5117,0.0532901535,0.03
5118,0.0532847832,0.03
5119,0.0532794067,0.03
5120,0.0532740214,0.03
5121,0.0532686419,0.03
5122,0.0532632798,0.03
5123,0.0532579236,0.03
5124,0.0532525499,0.03
5125,0.0532471704,0.03
5126,0.0532418083,0.03
5127,0.0532364462,0.03
5128,0.0532310755,0.03
5129,0.0532256989,0.03
5130,0.0532203223,0.03
5131,0.0532149515,0.03
5132,0.0532095807,0.03
5133,0.0532042013,0.03
5134,0.053198816,0.03
5135,0.0531934394,0.03
5136,0.0531880508,0.03
5137,0.0531826615,0.03
5138,0.0531772807,0.03
5139,0.0531719086,0.03
5140,0.0531665278,0.03
5141,0.0531611383,0.03
5142,0.0531557575,0.03
5143,0.0531503854,0.03
5144,0.053145022,0.03
5145,0.0531396557,0.03
5146,0.0531342807,0.03
5147,0.0531288913,0.03
5148,0.0531235018,0.03
5149,0.0531181297,0.03
5150,0.0531127721,0.03
5151,0.0531073971,0.03
5152,0.0531020163,0.03
5153,0.0530966355,0.03
5154,0.0530912547,0.03
5155,0.0530858884,0.03
5156,0.0530805221,0.03
5157,0.0530751587,0.03
5158,0.053069804,0.03
5159,0.0530644492,0.03
5160,0.0530590764,0.03
5161,0.0530537003,0.03
5162,0.053048324,0.03
5163,0.0530429506,0.03
5164,0.0530375945,0.03
5165,0.0530322298,0.03
5166,0.0530268506,0.03
5167,0.0530214714,0.03
5168,0.053016098,0.03
5169,0.0530106985,0.03
5170,0.053005299,0.03
5171,0.052999943,0.03
5172,0.0529945957,0.03
5173,0.052989231,0.03
5174,0.0529838663,0.03
5175,0.0529785016,0.03
5176,0.052973134,0.03
5177,0.0529677663,0.03
5178,0.0529623929,0.03
5179,0.0529570195,0.03
5180,0.0529516461,0.03
5181,0.0529462727,0.03
5182,0.0529409167,0.03
5183,0.0529355607,0.03
5184,0.0529301873,0.03
5185,0.0529248139,0.03
5186,0.0529194318,0.03
5187,0.0529140671,0.03
5188,0.0529087193,0.03
5189,0.0529033534,0.03
5190,0.0528979787,0.03
5191,0.052892604,0.03
5192,0.0528872466,0.03
5193,0.0528818893,0.03
5194,0.0528765146,0.03
5195,0.0528711399,0.03
5196,0.0528657739,0.03
5197,0.052860402,0.03
5198,0.0528550302,0.03
5199,0.0528496729,0.03
5200,0.0528443069,0.03
5201,0.0528389409,0.03
5202,0.0528335661,0.03
5203,0.0528282001,0.03
5204,0.0528228428,0.03
5205,0.0528174768,0.03
5206,0.0528121107,0.03
5207,0.0528067534,0.03
5208,0.0528014135,0.03
5209,0.0527960562,0.03
5210,0.0527906815,0.03
5211,0.0527853067,0.03
5212,0.052779932,0.03
5213,0.0527745631,0.03
5214,0.0527692029,0.03
5215,0.0527638456,0.03
5216,0.0527584969,0.03
5217,0.0527531396,0.03
5218,0.0527477707,0.03
5219,0.0527424105,0.03
5220,0.0527370444,0.03
5221,0.0527316784,0.03
5222,0.0527263119,0.03
5223,0.0527209534,0.03
5224,0.0527156035,0.03
5225,0.0527102536,0.03
5226,0.0527049037,0.03
5227,0.052699545,0.03
5228,0.0526941864,0.03
5229,0.0526888133,0.03
5230,0.0526834488,0.03
5231,0.0526781076,0.03
5232,0.0526727403,0.03
5233,0.0526673497,0.03
5234,0.0526619679,0.03
5235,0.0526566006,0.03
5236,0.0526512506,0.03
5237,0.0526459094,0.03
5238,0.0526405682,0.03
5239,0.0526352269,0.03
5240,0.0526298857,0.03
5241,0.0526245445,0.03
5242,0.0526192207,0.03
5243,0.0526138968,0.03
5244,0.0526085469,0.03
5245,0.052603197,0.03
5246,0.0525978557,0.03
5247,0.0525925145,0.03
5248,0.0525871907,0.03
5249,0.0525818843,0.03
5250,0.0525765604,0.03
5251,0.0525712192,0.03
5252,0.052565878,0.03
5253,0.0525605368,0.03
5254,0.0525551868,0.03
5255,0.0525498369,0.03
5256,0.0525444957,0.03
5257,0.0525391544,0.03
5258,0.0525338132,0.03
5259,0.0525284633,0.03
5260,0.0525231133,0.03
5261,0.0525177721,0.03
5262,0.0525124309,0.03
5263,0.0525070893,0.03
5264,0.0525017471,0.03
5265,0.052496422,0.03
5266,0.0524910969,0.03
5267,0.0524857543,0.03
5268,0.0524804118,0.03
5269,0.0524750693,0.03
5270,0.0524697267,0.03
5271,0.0524626298,0.03
5272,0.0524536152,0.03
5273,0.0524115034,0.03
5274,0.0522946764,0.03
5275,0.0521363976,0.03
5276,0.0519785996,0.03
5277,0.0518215224,0.03
5278,0.051664044,0.03
5279,0.0515075039,0.03
5280,0.051459073,0.03
5281,0.0515186865,0.03
5282,0.0515668906,0.03
5283,0.0515877215,0.03
5284,0.0515879751,0.03
5285,0.0515799233,0.03
5286,0.0515708701,0.03
5287,0.0515634953,0.03
5288,0.0515573387,0.03
5289,0.0515499222,0.03
5290,0.0515425404,0.03
5291,0.0515351579,0.03
5292,0.0515261114,0.03
5293,0.051518346,0.03
5294,0.0515119219,0.03
5295,0.051505584,0.03
5296,0.0514992722,0.03
5297,0.0514929692,0.03
5298,0.0514866661,0.03
5299,0.0514803804,0.03
